

Microchip MPLAB XC8 Assembler V3.00 build 20241204225717 
                                                                                                           Sun Oct 12 21:50:39 2025


     1                           	processor	18F4520
     2                           	pagewidth 132
     3                           	opt	flic
     4                           	psect	udata_acs,global,class=COMRAM,space=1,delta=1,lowdata,noexec
     5                           	psect	udata_bank0,global,class=BANK0,space=1,delta=1,lowdata,noexec
     6                           	psect	udata_bank1,global,class=BANK1,space=1,delta=1,lowdata,noexec
     7                           	psect	udata_bank2,global,class=BANK2,space=1,delta=1,lowdata,noexec
     8                           	psect	udata_bank3,global,class=BANK3,space=1,delta=1,lowdata,noexec
     9                           	psect	udata_bank4,global,class=BANK4,space=1,delta=1,lowdata,noexec
    10                           	psect	udata_bank5,global,class=BANK5,space=1,delta=1,lowdata,noexec
    11                           	psect	udata,global,class=RAM,space=1,delta=1,noexec
    12                           	psect	code,global,reloc=2,class=CODE,space=0,delta=1
    13                           	psect	data,global,reloc=2,class=CONST,space=0,delta=1,noexec
    14                           	psect	edata,global,class=EEDATA,space=3,delta=1,noexec
    15                           	psect	mytext,local,reloc=2,class=CODE,space=0,delta=1
    16   000F80                     PORTA           equ	3968
    17   000000                     PORTA_RA0_POSN  equ	0
    18   000000                     PORTA_RA0_POSITION equ	0
    19   000001                     PORTA_RA0_SIZE  equ	1
    20   000001                     PORTA_RA0_LENGTH equ	1
    21   000001                     PORTA_RA0_MASK  equ	1
    22   000001                     PORTA_RA1_POSN  equ	1
    23   000001                     PORTA_RA1_POSITION equ	1
    24   000001                     PORTA_RA1_SIZE  equ	1
    25   000001                     PORTA_RA1_LENGTH equ	1
    26   000002                     PORTA_RA1_MASK  equ	2
    27   000002                     PORTA_RA2_POSN  equ	2
    28   000002                     PORTA_RA2_POSITION equ	2
    29   000001                     PORTA_RA2_SIZE  equ	1
    30   000001                     PORTA_RA2_LENGTH equ	1
    31   000004                     PORTA_RA2_MASK  equ	4
    32   000003                     PORTA_RA3_POSN  equ	3
    33   000003                     PORTA_RA3_POSITION equ	3
    34   000001                     PORTA_RA3_SIZE  equ	1
    35   000001                     PORTA_RA3_LENGTH equ	1
    36   000008                     PORTA_RA3_MASK  equ	8
    37   000004                     PORTA_RA4_POSN  equ	4
    38   000004                     PORTA_RA4_POSITION equ	4
    39   000001                     PORTA_RA4_SIZE  equ	1
    40   000001                     PORTA_RA4_LENGTH equ	1
    41   000010                     PORTA_RA4_MASK  equ	16
    42   000005                     PORTA_RA5_POSN  equ	5
    43   000005                     PORTA_RA5_POSITION equ	5
    44   000001                     PORTA_RA5_SIZE  equ	1
    45   000001                     PORTA_RA5_LENGTH equ	1
    46   000020                     PORTA_RA5_MASK  equ	32
    47   000006                     PORTA_RA6_POSN  equ	6
    48   000006                     PORTA_RA6_POSITION equ	6
    49   000001                     PORTA_RA6_SIZE  equ	1
    50   000001                     PORTA_RA6_LENGTH equ	1
    51   000040                     PORTA_RA6_MASK  equ	64
    52   000007                     PORTA_RA7_POSN  equ	7
    53   000007                     PORTA_RA7_POSITION equ	7
    54   000001                     PORTA_RA7_SIZE  equ	1
    55   000001                     PORTA_RA7_LENGTH equ	1
    56   000080                     PORTA_RA7_MASK  equ	128
    57   000000                     PORTA_AN0_POSN  equ	0
    58   000000                     PORTA_AN0_POSITION equ	0
    59   000001                     PORTA_AN0_SIZE  equ	1
    60   000001                     PORTA_AN0_LENGTH equ	1
    61   000001                     PORTA_AN0_MASK  equ	1
    62   000001                     PORTA_AN1_POSN  equ	1
    63   000001                     PORTA_AN1_POSITION equ	1
    64   000001                     PORTA_AN1_SIZE  equ	1
    65   000001                     PORTA_AN1_LENGTH equ	1
    66   000002                     PORTA_AN1_MASK  equ	2
    67   000002                     PORTA_AN2_POSN  equ	2
    68   000002                     PORTA_AN2_POSITION equ	2
    69   000001                     PORTA_AN2_SIZE  equ	1
    70   000001                     PORTA_AN2_LENGTH equ	1
    71   000004                     PORTA_AN2_MASK  equ	4
    72   000003                     PORTA_AN3_POSN  equ	3
    73   000003                     PORTA_AN3_POSITION equ	3
    74   000001                     PORTA_AN3_SIZE  equ	1
    75   000001                     PORTA_AN3_LENGTH equ	1
    76   000008                     PORTA_AN3_MASK  equ	8
    77   000004                     PORTA_T0CKI_POSN equ	4
    78   000004                     PORTA_T0CKI_POSITION equ	4
    79   000001                     PORTA_T0CKI_SIZE equ	1
    80   000001                     PORTA_T0CKI_LENGTH equ	1
    81   000010                     PORTA_T0CKI_MASK equ	16
    82   000005                     PORTA_AN4_POSN  equ	5
    83   000005                     PORTA_AN4_POSITION equ	5
    84   000001                     PORTA_AN4_SIZE  equ	1
    85   000001                     PORTA_AN4_LENGTH equ	1
    86   000020                     PORTA_AN4_MASK  equ	32
    87   000006                     PORTA_OSC2_POSN equ	6
    88   000006                     PORTA_OSC2_POSITION equ	6
    89   000001                     PORTA_OSC2_SIZE equ	1
    90   000001                     PORTA_OSC2_LENGTH equ	1
    91   000040                     PORTA_OSC2_MASK equ	64
    92   000007                     PORTA_OSC1_POSN equ	7
    93   000007                     PORTA_OSC1_POSITION equ	7
    94   000001                     PORTA_OSC1_SIZE equ	1
    95   000001                     PORTA_OSC1_LENGTH equ	1
    96   000080                     PORTA_OSC1_MASK equ	128
    97   000002                     PORTA_VREFN_POSN equ	2
    98   000002                     PORTA_VREFN_POSITION equ	2
    99   000001                     PORTA_VREFN_SIZE equ	1
   100   000001                     PORTA_VREFN_LENGTH equ	1
   101   000004                     PORTA_VREFN_MASK equ	4
   102   000003                     PORTA_VREFP_POSN equ	3
   103   000003                     PORTA_VREFP_POSITION equ	3
   104   000001                     PORTA_VREFP_SIZE equ	1
   105   000001                     PORTA_VREFP_LENGTH equ	1
   106   000008                     PORTA_VREFP_MASK equ	8
   107   000005                     PORTA_SS_POSN   equ	5
   108   000005                     PORTA_SS_POSITION equ	5
   109   000001                     PORTA_SS_SIZE   equ	1
   110   000001                     PORTA_SS_LENGTH equ	1
   111   000020                     PORTA_SS_MASK   equ	32
   112   000006                     PORTA_CLKO_POSN equ	6
   113   000006                     PORTA_CLKO_POSITION equ	6
   114   000001                     PORTA_CLKO_SIZE equ	1
   115   000001                     PORTA_CLKO_LENGTH equ	1
   116   000040                     PORTA_CLKO_MASK equ	64
   117   000007                     PORTA_CLKI_POSN equ	7
   118   000007                     PORTA_CLKI_POSITION equ	7
   119   000001                     PORTA_CLKI_SIZE equ	1
   120   000001                     PORTA_CLKI_LENGTH equ	1
   121   000080                     PORTA_CLKI_MASK equ	128
   122   000005                     PORTA_NOT_SS_POSN equ	5
   123   000005                     PORTA_NOT_SS_POSITION equ	5
   124   000001                     PORTA_NOT_SS_SIZE equ	1
   125   000001                     PORTA_NOT_SS_LENGTH equ	1
   126   000020                     PORTA_NOT_SS_MASK equ	32
   127   000002                     PORTA_CVREF_POSN equ	2
   128   000002                     PORTA_CVREF_POSITION equ	2
   129   000001                     PORTA_CVREF_SIZE equ	1
   130   000001                     PORTA_CVREF_LENGTH equ	1
   131   000004                     PORTA_CVREF_MASK equ	4
   132   000005                     PORTA_nSS_POSN  equ	5
   133   000005                     PORTA_nSS_POSITION equ	5
   134   000001                     PORTA_nSS_SIZE  equ	1
   135   000001                     PORTA_nSS_LENGTH equ	1
   136   000020                     PORTA_nSS_MASK  equ	32
   137   000005                     PORTA_LVDIN_POSN equ	5
   138   000005                     PORTA_LVDIN_POSITION equ	5
   139   000001                     PORTA_LVDIN_SIZE equ	1
   140   000001                     PORTA_LVDIN_LENGTH equ	1
   141   000020                     PORTA_LVDIN_MASK equ	32
   142   000005                     PORTA_HLVDIN_POSN equ	5
   143   000005                     PORTA_HLVDIN_POSITION equ	5
   144   000001                     PORTA_HLVDIN_SIZE equ	1
   145   000001                     PORTA_HLVDIN_LENGTH equ	1
   146   000020                     PORTA_HLVDIN_MASK equ	32
   147   000004                     PORTA_C1OUT_POSN equ	4
   148   000004                     PORTA_C1OUT_POSITION equ	4
   149   000001                     PORTA_C1OUT_SIZE equ	1
   150   000001                     PORTA_C1OUT_LENGTH equ	1
   151   000010                     PORTA_C1OUT_MASK equ	16
   152   000005                     PORTA_C2OUT_POSN equ	5
   153   000005                     PORTA_C2OUT_POSITION equ	5
   154   000001                     PORTA_C2OUT_SIZE equ	1
   155   000001                     PORTA_C2OUT_LENGTH equ	1
   156   000020                     PORTA_C2OUT_MASK equ	32
   157   000000                     PORTA_ULPWUIN_POSN equ	0
   158   000000                     PORTA_ULPWUIN_POSITION equ	0
   159   000001                     PORTA_ULPWUIN_SIZE equ	1
   160   000001                     PORTA_ULPWUIN_LENGTH equ	1
   161   000001                     PORTA_ULPWUIN_MASK equ	1
   162   000007                     PORTA_RJPU_POSN equ	7
   163   000007                     PORTA_RJPU_POSITION equ	7
   164   000001                     PORTA_RJPU_SIZE equ	1
   165   000001                     PORTA_RJPU_LENGTH equ	1
   166   000080                     PORTA_RJPU_MASK equ	128
   167   000F81                     PORTB           equ	3969
   168   000000                     PORTB_RB0_POSN  equ	0
   169   000000                     PORTB_RB0_POSITION equ	0
   170   000001                     PORTB_RB0_SIZE  equ	1
   171   000001                     PORTB_RB0_LENGTH equ	1
   172   000001                     PORTB_RB0_MASK  equ	1
   173   000001                     PORTB_RB1_POSN  equ	1
   174   000001                     PORTB_RB1_POSITION equ	1
   175   000001                     PORTB_RB1_SIZE  equ	1
   176   000001                     PORTB_RB1_LENGTH equ	1
   177   000002                     PORTB_RB1_MASK  equ	2
   178   000002                     PORTB_RB2_POSN  equ	2
   179   000002                     PORTB_RB2_POSITION equ	2
   180   000001                     PORTB_RB2_SIZE  equ	1
   181   000001                     PORTB_RB2_LENGTH equ	1
   182   000004                     PORTB_RB2_MASK  equ	4
   183   000003                     PORTB_RB3_POSN  equ	3
   184   000003                     PORTB_RB3_POSITION equ	3
   185   000001                     PORTB_RB3_SIZE  equ	1
   186   000001                     PORTB_RB3_LENGTH equ	1
   187   000008                     PORTB_RB3_MASK  equ	8
   188   000004                     PORTB_RB4_POSN  equ	4
   189   000004                     PORTB_RB4_POSITION equ	4
   190   000001                     PORTB_RB4_SIZE  equ	1
   191   000001                     PORTB_RB4_LENGTH equ	1
   192   000010                     PORTB_RB4_MASK  equ	16
   193   000005                     PORTB_RB5_POSN  equ	5
   194   000005                     PORTB_RB5_POSITION equ	5
   195   000001                     PORTB_RB5_SIZE  equ	1
   196   000001                     PORTB_RB5_LENGTH equ	1
   197   000020                     PORTB_RB5_MASK  equ	32
   198   000006                     PORTB_RB6_POSN  equ	6
   199   000006                     PORTB_RB6_POSITION equ	6
   200   000001                     PORTB_RB6_SIZE  equ	1
   201   000001                     PORTB_RB6_LENGTH equ	1
   202   000040                     PORTB_RB6_MASK  equ	64
   203   000007                     PORTB_RB7_POSN  equ	7
   204   000007                     PORTB_RB7_POSITION equ	7
   205   000001                     PORTB_RB7_SIZE  equ	1
   206   000001                     PORTB_RB7_LENGTH equ	1
   207   000080                     PORTB_RB7_MASK  equ	128
   208   000000                     PORTB_INT0_POSN equ	0
   209   000000                     PORTB_INT0_POSITION equ	0
   210   000001                     PORTB_INT0_SIZE equ	1
   211   000001                     PORTB_INT0_LENGTH equ	1
   212   000001                     PORTB_INT0_MASK equ	1
   213   000001                     PORTB_INT1_POSN equ	1
   214   000001                     PORTB_INT1_POSITION equ	1
   215   000001                     PORTB_INT1_SIZE equ	1
   216   000001                     PORTB_INT1_LENGTH equ	1
   217   000002                     PORTB_INT1_MASK equ	2
   218   000002                     PORTB_INT2_POSN equ	2
   219   000002                     PORTB_INT2_POSITION equ	2
   220   000001                     PORTB_INT2_SIZE equ	1
   221   000001                     PORTB_INT2_LENGTH equ	1
   222   000004                     PORTB_INT2_MASK equ	4
   223   000003                     PORTB_CCP2_POSN equ	3
   224   000003                     PORTB_CCP2_POSITION equ	3
   225   000001                     PORTB_CCP2_SIZE equ	1
   226   000001                     PORTB_CCP2_LENGTH equ	1
   227   000008                     PORTB_CCP2_MASK equ	8
   228   000004                     PORTB_KBI0_POSN equ	4
   229   000004                     PORTB_KBI0_POSITION equ	4
   230   000001                     PORTB_KBI0_SIZE equ	1
   231   000001                     PORTB_KBI0_LENGTH equ	1
   232   000010                     PORTB_KBI0_MASK equ	16
   233   000005                     PORTB_KBI1_POSN equ	5
   234   000005                     PORTB_KBI1_POSITION equ	5
   235   000001                     PORTB_KBI1_SIZE equ	1
   236   000001                     PORTB_KBI1_LENGTH equ	1
   237   000020                     PORTB_KBI1_MASK equ	32
   238   000006                     PORTB_KBI2_POSN equ	6
   239   000006                     PORTB_KBI2_POSITION equ	6
   240   000001                     PORTB_KBI2_SIZE equ	1
   241   000001                     PORTB_KBI2_LENGTH equ	1
   242   000040                     PORTB_KBI2_MASK equ	64
   243   000007                     PORTB_KBI3_POSN equ	7
   244   000007                     PORTB_KBI3_POSITION equ	7
   245   000001                     PORTB_KBI3_SIZE equ	1
   246   000001                     PORTB_KBI3_LENGTH equ	1
   247   000080                     PORTB_KBI3_MASK equ	128
   248   000000                     PORTB_AN12_POSN equ	0
   249   000000                     PORTB_AN12_POSITION equ	0
   250   000001                     PORTB_AN12_SIZE equ	1
   251   000001                     PORTB_AN12_LENGTH equ	1
   252   000001                     PORTB_AN12_MASK equ	1
   253   000001                     PORTB_AN10_POSN equ	1
   254   000001                     PORTB_AN10_POSITION equ	1
   255   000001                     PORTB_AN10_SIZE equ	1
   256   000001                     PORTB_AN10_LENGTH equ	1
   257   000002                     PORTB_AN10_MASK equ	2
   258   000002                     PORTB_AN8_POSN  equ	2
   259   000002                     PORTB_AN8_POSITION equ	2
   260   000001                     PORTB_AN8_SIZE  equ	1
   261   000001                     PORTB_AN8_LENGTH equ	1
   262   000004                     PORTB_AN8_MASK  equ	4
   263   000003                     PORTB_AN9_POSN  equ	3
   264   000003                     PORTB_AN9_POSITION equ	3
   265   000001                     PORTB_AN9_SIZE  equ	1
   266   000001                     PORTB_AN9_LENGTH equ	1
   267   000008                     PORTB_AN9_MASK  equ	8
   268   000004                     PORTB_AN11_POSN equ	4
   269   000004                     PORTB_AN11_POSITION equ	4
   270   000001                     PORTB_AN11_SIZE equ	1
   271   000001                     PORTB_AN11_LENGTH equ	1
   272   000010                     PORTB_AN11_MASK equ	16
   273   000005                     PORTB_PGM_POSN  equ	5
   274   000005                     PORTB_PGM_POSITION equ	5
   275   000001                     PORTB_PGM_SIZE  equ	1
   276   000001                     PORTB_PGM_LENGTH equ	1
   277   000020                     PORTB_PGM_MASK  equ	32
   278   000006                     PORTB_PGC_POSN  equ	6
   279   000006                     PORTB_PGC_POSITION equ	6
   280   000001                     PORTB_PGC_SIZE  equ	1
   281   000001                     PORTB_PGC_LENGTH equ	1
   282   000040                     PORTB_PGC_MASK  equ	64
   283   000007                     PORTB_PGD_POSN  equ	7
   284   000007                     PORTB_PGD_POSITION equ	7
   285   000001                     PORTB_PGD_SIZE  equ	1
   286   000001                     PORTB_PGD_LENGTH equ	1
   287   000080                     PORTB_PGD_MASK  equ	128
   288   000000                     PORTB_FLT0_POSN equ	0
   289   000000                     PORTB_FLT0_POSITION equ	0
   290   000001                     PORTB_FLT0_SIZE equ	1
   291   000001                     PORTB_FLT0_LENGTH equ	1
   292   000001                     PORTB_FLT0_MASK equ	1
   293   000003                     PORTB_CCP2_PA2_POSN equ	3
   294   000003                     PORTB_CCP2_PA2_POSITION equ	3
   295   000001                     PORTB_CCP2_PA2_SIZE equ	1
   296   000001                     PORTB_CCP2_PA2_LENGTH equ	1
   297   000008                     PORTB_CCP2_PA2_MASK equ	8
   298   000F82                     PORTC           equ	3970
   299   000000                     PORTC_RC0_POSN  equ	0
   300   000000                     PORTC_RC0_POSITION equ	0
   301   000001                     PORTC_RC0_SIZE  equ	1
   302   000001                     PORTC_RC0_LENGTH equ	1
   303   000001                     PORTC_RC0_MASK  equ	1
   304   000001                     PORTC_RC1_POSN  equ	1
   305   000001                     PORTC_RC1_POSITION equ	1
   306   000001                     PORTC_RC1_SIZE  equ	1
   307   000001                     PORTC_RC1_LENGTH equ	1
   308   000002                     PORTC_RC1_MASK  equ	2
   309   000002                     PORTC_RC2_POSN  equ	2
   310   000002                     PORTC_RC2_POSITION equ	2
   311   000001                     PORTC_RC2_SIZE  equ	1
   312   000001                     PORTC_RC2_LENGTH equ	1
   313   000004                     PORTC_RC2_MASK  equ	4
   314   000003                     PORTC_RC3_POSN  equ	3
   315   000003                     PORTC_RC3_POSITION equ	3
   316   000001                     PORTC_RC3_SIZE  equ	1
   317   000001                     PORTC_RC3_LENGTH equ	1
   318   000008                     PORTC_RC3_MASK  equ	8
   319   000004                     PORTC_RC4_POSN  equ	4
   320   000004                     PORTC_RC4_POSITION equ	4
   321   000001                     PORTC_RC4_SIZE  equ	1
   322   000001                     PORTC_RC4_LENGTH equ	1
   323   000010                     PORTC_RC4_MASK  equ	16
   324   000005                     PORTC_RC5_POSN  equ	5
   325   000005                     PORTC_RC5_POSITION equ	5
   326   000001                     PORTC_RC5_SIZE  equ	1
   327   000001                     PORTC_RC5_LENGTH equ	1
   328   000020                     PORTC_RC5_MASK  equ	32
   329   000006                     PORTC_RC6_POSN  equ	6
   330   000006                     PORTC_RC6_POSITION equ	6
   331   000001                     PORTC_RC6_SIZE  equ	1
   332   000001                     PORTC_RC6_LENGTH equ	1
   333   000040                     PORTC_RC6_MASK  equ	64
   334   000007                     PORTC_RC7_POSN  equ	7
   335   000007                     PORTC_RC7_POSITION equ	7
   336   000001                     PORTC_RC7_SIZE  equ	1
   337   000001                     PORTC_RC7_LENGTH equ	1
   338   000080                     PORTC_RC7_MASK  equ	128
   339   000000                     PORTC_T1OSO_POSN equ	0
   340   000000                     PORTC_T1OSO_POSITION equ	0
   341   000001                     PORTC_T1OSO_SIZE equ	1
   342   000001                     PORTC_T1OSO_LENGTH equ	1
   343   000001                     PORTC_T1OSO_MASK equ	1
   344   000001                     PORTC_T1OSI_POSN equ	1
   345   000001                     PORTC_T1OSI_POSITION equ	1
   346   000001                     PORTC_T1OSI_SIZE equ	1
   347   000001                     PORTC_T1OSI_LENGTH equ	1
   348   000002                     PORTC_T1OSI_MASK equ	2
   349   000002                     PORTC_CCP1_POSN equ	2
   350   000002                     PORTC_CCP1_POSITION equ	2
   351   000001                     PORTC_CCP1_SIZE equ	1
   352   000001                     PORTC_CCP1_LENGTH equ	1
   353   000004                     PORTC_CCP1_MASK equ	4
   354   000003                     PORTC_SCK_POSN  equ	3
   355   000003                     PORTC_SCK_POSITION equ	3
   356   000001                     PORTC_SCK_SIZE  equ	1
   357   000001                     PORTC_SCK_LENGTH equ	1
   358   000008                     PORTC_SCK_MASK  equ	8
   359   000004                     PORTC_SDI_POSN  equ	4
   360   000004                     PORTC_SDI_POSITION equ	4
   361   000001                     PORTC_SDI_SIZE  equ	1
   362   000001                     PORTC_SDI_LENGTH equ	1
   363   000010                     PORTC_SDI_MASK  equ	16
   364   000005                     PORTC_SDO_POSN  equ	5
   365   000005                     PORTC_SDO_POSITION equ	5
   366   000001                     PORTC_SDO_SIZE  equ	1
   367   000001                     PORTC_SDO_LENGTH equ	1
   368   000020                     PORTC_SDO_MASK  equ	32
   369   000006                     PORTC_TX_POSN   equ	6
   370   000006                     PORTC_TX_POSITION equ	6
   371   000001                     PORTC_TX_SIZE   equ	1
   372   000001                     PORTC_TX_LENGTH equ	1
   373   000040                     PORTC_TX_MASK   equ	64
   374   000007                     PORTC_RX_POSN   equ	7
   375   000007                     PORTC_RX_POSITION equ	7
   376   000001                     PORTC_RX_SIZE   equ	1
   377   000001                     PORTC_RX_LENGTH equ	1
   378   000080                     PORTC_RX_MASK   equ	128
   379   000000                     PORTC_T13CKI_POSN equ	0
   380   000000                     PORTC_T13CKI_POSITION equ	0
   381   000001                     PORTC_T13CKI_SIZE equ	1
   382   000001                     PORTC_T13CKI_LENGTH equ	1
   383   000001                     PORTC_T13CKI_MASK equ	1
   384   000001                     PORTC_CCP2_POSN equ	1
   385   000001                     PORTC_CCP2_POSITION equ	1
   386   000001                     PORTC_CCP2_SIZE equ	1
   387   000001                     PORTC_CCP2_LENGTH equ	1
   388   000002                     PORTC_CCP2_MASK equ	2
   389   000003                     PORTC_SCL_POSN  equ	3
   390   000003                     PORTC_SCL_POSITION equ	3
   391   000001                     PORTC_SCL_SIZE  equ	1
   392   000001                     PORTC_SCL_LENGTH equ	1
   393   000008                     PORTC_SCL_MASK  equ	8
   394   000004                     PORTC_SDA_POSN  equ	4
   395   000004                     PORTC_SDA_POSITION equ	4
   396   000001                     PORTC_SDA_SIZE  equ	1
   397   000001                     PORTC_SDA_LENGTH equ	1
   398   000010                     PORTC_SDA_MASK  equ	16
   399   000006                     PORTC_CK_POSN   equ	6
   400   000006                     PORTC_CK_POSITION equ	6
   401   000001                     PORTC_CK_SIZE   equ	1
   402   000001                     PORTC_CK_LENGTH equ	1
   403   000040                     PORTC_CK_MASK   equ	64
   404   000007                     PORTC_DT_POSN   equ	7
   405   000007                     PORTC_DT_POSITION equ	7
   406   000001                     PORTC_DT_SIZE   equ	1
   407   000001                     PORTC_DT_LENGTH equ	1
   408   000080                     PORTC_DT_MASK   equ	128
   409   000000                     PORTC_T1CKI_POSN equ	0
   410   000000                     PORTC_T1CKI_POSITION equ	0
   411   000001                     PORTC_T1CKI_SIZE equ	1
   412   000001                     PORTC_T1CKI_LENGTH equ	1
   413   000001                     PORTC_T1CKI_MASK equ	1
   414   000002                     PORTC_P1A_POSN  equ	2
   415   000002                     PORTC_P1A_POSITION equ	2
   416   000001                     PORTC_P1A_SIZE  equ	1
   417   000001                     PORTC_P1A_LENGTH equ	1
   418   000004                     PORTC_P1A_MASK  equ	4
   419   000001                     PORTC_PA2_POSN  equ	1
   420   000001                     PORTC_PA2_POSITION equ	1
   421   000001                     PORTC_PA2_SIZE  equ	1
   422   000001                     PORTC_PA2_LENGTH equ	1
   423   000002                     PORTC_PA2_MASK  equ	2
   424   000002                     PORTC_PA1_POSN  equ	2
   425   000002                     PORTC_PA1_POSITION equ	2
   426   000001                     PORTC_PA1_SIZE  equ	1
   427   000001                     PORTC_PA1_LENGTH equ	1
   428   000004                     PORTC_PA1_MASK  equ	4
   429   000F83                     PORTD           equ	3971
   430   000000                     PORTD_RD0_POSN  equ	0
   431   000000                     PORTD_RD0_POSITION equ	0
   432   000001                     PORTD_RD0_SIZE  equ	1
   433   000001                     PORTD_RD0_LENGTH equ	1
   434   000001                     PORTD_RD0_MASK  equ	1
   435   000001                     PORTD_RD1_POSN  equ	1
   436   000001                     PORTD_RD1_POSITION equ	1
   437   000001                     PORTD_RD1_SIZE  equ	1
   438   000001                     PORTD_RD1_LENGTH equ	1
   439   000002                     PORTD_RD1_MASK  equ	2
   440   000002                     PORTD_RD2_POSN  equ	2
   441   000002                     PORTD_RD2_POSITION equ	2
   442   000001                     PORTD_RD2_SIZE  equ	1
   443   000001                     PORTD_RD2_LENGTH equ	1
   444   000004                     PORTD_RD2_MASK  equ	4
   445   000003                     PORTD_RD3_POSN  equ	3
   446   000003                     PORTD_RD3_POSITION equ	3
   447   000001                     PORTD_RD3_SIZE  equ	1
   448   000001                     PORTD_RD3_LENGTH equ	1
   449   000008                     PORTD_RD3_MASK  equ	8
   450   000004                     PORTD_RD4_POSN  equ	4
   451   000004                     PORTD_RD4_POSITION equ	4
   452   000001                     PORTD_RD4_SIZE  equ	1
   453   000001                     PORTD_RD4_LENGTH equ	1
   454   000010                     PORTD_RD4_MASK  equ	16
   455   000005                     PORTD_RD5_POSN  equ	5
   456   000005                     PORTD_RD5_POSITION equ	5
   457   000001                     PORTD_RD5_SIZE  equ	1
   458   000001                     PORTD_RD5_LENGTH equ	1
   459   000020                     PORTD_RD5_MASK  equ	32
   460   000006                     PORTD_RD6_POSN  equ	6
   461   000006                     PORTD_RD6_POSITION equ	6
   462   000001                     PORTD_RD6_SIZE  equ	1
   463   000001                     PORTD_RD6_LENGTH equ	1
   464   000040                     PORTD_RD6_MASK  equ	64
   465   000007                     PORTD_RD7_POSN  equ	7
   466   000007                     PORTD_RD7_POSITION equ	7
   467   000001                     PORTD_RD7_SIZE  equ	1
   468   000001                     PORTD_RD7_LENGTH equ	1
   469   000080                     PORTD_RD7_MASK  equ	128
   470   000000                     PORTD_PSP0_POSN equ	0
   471   000000                     PORTD_PSP0_POSITION equ	0
   472   000001                     PORTD_PSP0_SIZE equ	1
   473   000001                     PORTD_PSP0_LENGTH equ	1
   474   000001                     PORTD_PSP0_MASK equ	1
   475   000001                     PORTD_PSP1_POSN equ	1
   476   000001                     PORTD_PSP1_POSITION equ	1
   477   000001                     PORTD_PSP1_SIZE equ	1
   478   000001                     PORTD_PSP1_LENGTH equ	1
   479   000002                     PORTD_PSP1_MASK equ	2
   480   000002                     PORTD_PSP2_POSN equ	2
   481   000002                     PORTD_PSP2_POSITION equ	2
   482   000001                     PORTD_PSP2_SIZE equ	1
   483   000001                     PORTD_PSP2_LENGTH equ	1
   484   000004                     PORTD_PSP2_MASK equ	4
   485   000003                     PORTD_PSP3_POSN equ	3
   486   000003                     PORTD_PSP3_POSITION equ	3
   487   000001                     PORTD_PSP3_SIZE equ	1
   488   000001                     PORTD_PSP3_LENGTH equ	1
   489   000008                     PORTD_PSP3_MASK equ	8
   490   000004                     PORTD_PSP4_POSN equ	4
   491   000004                     PORTD_PSP4_POSITION equ	4
   492   000001                     PORTD_PSP4_SIZE equ	1
   493   000001                     PORTD_PSP4_LENGTH equ	1
   494   000010                     PORTD_PSP4_MASK equ	16
   495   000005                     PORTD_PSP5_POSN equ	5
   496   000005                     PORTD_PSP5_POSITION equ	5
   497   000001                     PORTD_PSP5_SIZE equ	1
   498   000001                     PORTD_PSP5_LENGTH equ	1
   499   000020                     PORTD_PSP5_MASK equ	32
   500   000006                     PORTD_PSP6_POSN equ	6
   501   000006                     PORTD_PSP6_POSITION equ	6
   502   000001                     PORTD_PSP6_SIZE equ	1
   503   000001                     PORTD_PSP6_LENGTH equ	1
   504   000040                     PORTD_PSP6_MASK equ	64
   505   000007                     PORTD_PSP7_POSN equ	7
   506   000007                     PORTD_PSP7_POSITION equ	7
   507   000001                     PORTD_PSP7_SIZE equ	1
   508   000001                     PORTD_PSP7_LENGTH equ	1
   509   000080                     PORTD_PSP7_MASK equ	128
   510   000005                     PORTD_P1B_POSN  equ	5
   511   000005                     PORTD_P1B_POSITION equ	5
   512   000001                     PORTD_P1B_SIZE  equ	1
   513   000001                     PORTD_P1B_LENGTH equ	1
   514   000020                     PORTD_P1B_MASK  equ	32
   515   000006                     PORTD_P1C_POSN  equ	6
   516   000006                     PORTD_P1C_POSITION equ	6
   517   000001                     PORTD_P1C_SIZE  equ	1
   518   000001                     PORTD_P1C_LENGTH equ	1
   519   000040                     PORTD_P1C_MASK  equ	64
   520   000007                     PORTD_P1D_POSN  equ	7
   521   000007                     PORTD_P1D_POSITION equ	7
   522   000001                     PORTD_P1D_SIZE  equ	1
   523   000001                     PORTD_P1D_LENGTH equ	1
   524   000080                     PORTD_P1D_MASK  equ	128
   525   000007                     PORTD_SS2_POSN  equ	7
   526   000007                     PORTD_SS2_POSITION equ	7
   527   000001                     PORTD_SS2_SIZE  equ	1
   528   000001                     PORTD_SS2_LENGTH equ	1
   529   000080                     PORTD_SS2_MASK  equ	128
   530   000F84                     PORTE           equ	3972
   531   000000                     PORTE_RE0_POSN  equ	0
   532   000000                     PORTE_RE0_POSITION equ	0
   533   000001                     PORTE_RE0_SIZE  equ	1
   534   000001                     PORTE_RE0_LENGTH equ	1
   535   000001                     PORTE_RE0_MASK  equ	1
   536   000001                     PORTE_RE1_POSN  equ	1
   537   000001                     PORTE_RE1_POSITION equ	1
   538   000001                     PORTE_RE1_SIZE  equ	1
   539   000001                     PORTE_RE1_LENGTH equ	1
   540   000002                     PORTE_RE1_MASK  equ	2
   541   000002                     PORTE_RE2_POSN  equ	2
   542   000002                     PORTE_RE2_POSITION equ	2
   543   000001                     PORTE_RE2_SIZE  equ	1
   544   000001                     PORTE_RE2_LENGTH equ	1
   545   000004                     PORTE_RE2_MASK  equ	4
   546   000003                     PORTE_RE3_POSN  equ	3
   547   000003                     PORTE_RE3_POSITION equ	3
   548   000001                     PORTE_RE3_SIZE  equ	1
   549   000001                     PORTE_RE3_LENGTH equ	1
   550   000008                     PORTE_RE3_MASK  equ	8
   551   000000                     PORTE_RD_POSN   equ	0
   552   000000                     PORTE_RD_POSITION equ	0
   553   000001                     PORTE_RD_SIZE   equ	1
   554   000001                     PORTE_RD_LENGTH equ	1
   555   000001                     PORTE_RD_MASK   equ	1
   556   000001                     PORTE_WR_POSN   equ	1
   557   000001                     PORTE_WR_POSITION equ	1
   558   000001                     PORTE_WR_SIZE   equ	1
   559   000001                     PORTE_WR_LENGTH equ	1
   560   000002                     PORTE_WR_MASK   equ	2
   561   000002                     PORTE_CS_POSN   equ	2
   562   000002                     PORTE_CS_POSITION equ	2
   563   000001                     PORTE_CS_SIZE   equ	1
   564   000001                     PORTE_CS_LENGTH equ	1
   565   000004                     PORTE_CS_MASK   equ	4
   566   000003                     PORTE_MCLR_POSN equ	3
   567   000003                     PORTE_MCLR_POSITION equ	3
   568   000001                     PORTE_MCLR_SIZE equ	1
   569   000001                     PORTE_MCLR_LENGTH equ	1
   570   000008                     PORTE_MCLR_MASK equ	8
   571   000000                     PORTE_NOT_RD_POSN equ	0
   572   000000                     PORTE_NOT_RD_POSITION equ	0
   573   000001                     PORTE_NOT_RD_SIZE equ	1
   574   000001                     PORTE_NOT_RD_LENGTH equ	1
   575   000001                     PORTE_NOT_RD_MASK equ	1
   576   000001                     PORTE_NOT_WR_POSN equ	1
   577   000001                     PORTE_NOT_WR_POSITION equ	1
   578   000001                     PORTE_NOT_WR_SIZE equ	1
   579   000001                     PORTE_NOT_WR_LENGTH equ	1
   580   000002                     PORTE_NOT_WR_MASK equ	2
   581   000002                     PORTE_NOT_CS_POSN equ	2
   582   000002                     PORTE_NOT_CS_POSITION equ	2
   583   000001                     PORTE_NOT_CS_SIZE equ	1
   584   000001                     PORTE_NOT_CS_LENGTH equ	1
   585   000004                     PORTE_NOT_CS_MASK equ	4
   586   000003                     PORTE_NOT_MCLR_POSN equ	3
   587   000003                     PORTE_NOT_MCLR_POSITION equ	3
   588   000001                     PORTE_NOT_MCLR_SIZE equ	1
   589   000001                     PORTE_NOT_MCLR_LENGTH equ	1
   590   000008                     PORTE_NOT_MCLR_MASK equ	8
   591   000000                     PORTE_nRD_POSN  equ	0
   592   000000                     PORTE_nRD_POSITION equ	0
   593   000001                     PORTE_nRD_SIZE  equ	1
   594   000001                     PORTE_nRD_LENGTH equ	1
   595   000001                     PORTE_nRD_MASK  equ	1
   596   000001                     PORTE_nWR_POSN  equ	1
   597   000001                     PORTE_nWR_POSITION equ	1
   598   000001                     PORTE_nWR_SIZE  equ	1
   599   000001                     PORTE_nWR_LENGTH equ	1
   600   000002                     PORTE_nWR_MASK  equ	2
   601   000002                     PORTE_nCS_POSN  equ	2
   602   000002                     PORTE_nCS_POSITION equ	2
   603   000001                     PORTE_nCS_SIZE  equ	1
   604   000001                     PORTE_nCS_LENGTH equ	1
   605   000004                     PORTE_nCS_MASK  equ	4
   606   000003                     PORTE_nMCLR_POSN equ	3
   607   000003                     PORTE_nMCLR_POSITION equ	3
   608   000001                     PORTE_nMCLR_SIZE equ	1
   609   000001                     PORTE_nMCLR_LENGTH equ	1
   610   000008                     PORTE_nMCLR_MASK equ	8
   611   000000                     PORTE_AN5_POSN  equ	0
   612   000000                     PORTE_AN5_POSITION equ	0
   613   000001                     PORTE_AN5_SIZE  equ	1
   614   000001                     PORTE_AN5_LENGTH equ	1
   615   000001                     PORTE_AN5_MASK  equ	1
   616   000001                     PORTE_AN6_POSN  equ	1
   617   000001                     PORTE_AN6_POSITION equ	1
   618   000001                     PORTE_AN6_SIZE  equ	1
   619   000001                     PORTE_AN6_LENGTH equ	1
   620   000002                     PORTE_AN6_MASK  equ	2
   621   000002                     PORTE_AN7_POSN  equ	2
   622   000002                     PORTE_AN7_POSITION equ	2
   623   000001                     PORTE_AN7_SIZE  equ	1
   624   000001                     PORTE_AN7_LENGTH equ	1
   625   000004                     PORTE_AN7_MASK  equ	4
   626   000003                     PORTE_VPP_POSN  equ	3
   627   000003                     PORTE_VPP_POSITION equ	3
   628   000001                     PORTE_VPP_SIZE  equ	1
   629   000001                     PORTE_VPP_LENGTH equ	1
   630   000008                     PORTE_VPP_MASK  equ	8
   631   000000                     PORTE_PD2_POSN  equ	0
   632   000000                     PORTE_PD2_POSITION equ	0
   633   000001                     PORTE_PD2_SIZE  equ	1
   634   000001                     PORTE_PD2_LENGTH equ	1
   635   000001                     PORTE_PD2_MASK  equ	1
   636   000001                     PORTE_PC2_POSN  equ	1
   637   000001                     PORTE_PC2_POSITION equ	1
   638   000001                     PORTE_PC2_SIZE  equ	1
   639   000001                     PORTE_PC2_LENGTH equ	1
   640   000002                     PORTE_PC2_MASK  equ	2
   641   000002                     PORTE_CCP10_POSN equ	2
   642   000002                     PORTE_CCP10_POSITION equ	2
   643   000001                     PORTE_CCP10_SIZE equ	1
   644   000001                     PORTE_CCP10_LENGTH equ	1
   645   000004                     PORTE_CCP10_MASK equ	4
   646   000003                     PORTE_CCP9E_POSN equ	3
   647   000003                     PORTE_CCP9E_POSITION equ	3
   648   000001                     PORTE_CCP9E_SIZE equ	1
   649   000001                     PORTE_CCP9E_LENGTH equ	1
   650   000008                     PORTE_CCP9E_MASK equ	8
   651   000000                     PORTE_RDE_POSN  equ	0
   652   000000                     PORTE_RDE_POSITION equ	0
   653   000001                     PORTE_RDE_SIZE  equ	1
   654   000001                     PORTE_RDE_LENGTH equ	1
   655   000001                     PORTE_RDE_MASK  equ	1
   656   000001                     PORTE_WRE_POSN  equ	1
   657   000001                     PORTE_WRE_POSITION equ	1
   658   000001                     PORTE_WRE_SIZE  equ	1
   659   000001                     PORTE_WRE_LENGTH equ	1
   660   000002                     PORTE_WRE_MASK  equ	2
   661   000002                     PORTE_PB2_POSN  equ	2
   662   000002                     PORTE_PB2_POSITION equ	2
   663   000001                     PORTE_PB2_SIZE  equ	1
   664   000001                     PORTE_PB2_LENGTH equ	1
   665   000004                     PORTE_PB2_MASK  equ	4
   666   000003                     PORTE_PC3E_POSN equ	3
   667   000003                     PORTE_PC3E_POSITION equ	3
   668   000001                     PORTE_PC3E_SIZE equ	1
   669   000001                     PORTE_PC3E_LENGTH equ	1
   670   000008                     PORTE_PC3E_MASK equ	8
   671   000F89                     LATA            equ	3977
   672   000000                     LATA_LATA0_POSN equ	0
   673   000000                     LATA_LATA0_POSITION equ	0
   674   000001                     LATA_LATA0_SIZE equ	1
   675   000001                     LATA_LATA0_LENGTH equ	1
   676   000001                     LATA_LATA0_MASK equ	1
   677   000001                     LATA_LATA1_POSN equ	1
   678   000001                     LATA_LATA1_POSITION equ	1
   679   000001                     LATA_LATA1_SIZE equ	1
   680   000001                     LATA_LATA1_LENGTH equ	1
   681   000002                     LATA_LATA1_MASK equ	2
   682   000002                     LATA_LATA2_POSN equ	2
   683   000002                     LATA_LATA2_POSITION equ	2
   684   000001                     LATA_LATA2_SIZE equ	1
   685   000001                     LATA_LATA2_LENGTH equ	1
   686   000004                     LATA_LATA2_MASK equ	4
   687   000003                     LATA_LATA3_POSN equ	3
   688   000003                     LATA_LATA3_POSITION equ	3
   689   000001                     LATA_LATA3_SIZE equ	1
   690   000001                     LATA_LATA3_LENGTH equ	1
   691   000008                     LATA_LATA3_MASK equ	8
   692   000004                     LATA_LATA4_POSN equ	4
   693   000004                     LATA_LATA4_POSITION equ	4
   694   000001                     LATA_LATA4_SIZE equ	1
   695   000001                     LATA_LATA4_LENGTH equ	1
   696   000010                     LATA_LATA4_MASK equ	16
   697   000005                     LATA_LATA5_POSN equ	5
   698   000005                     LATA_LATA5_POSITION equ	5
   699   000001                     LATA_LATA5_SIZE equ	1
   700   000001                     LATA_LATA5_LENGTH equ	1
   701   000020                     LATA_LATA5_MASK equ	32
   702   000006                     LATA_LATA6_POSN equ	6
   703   000006                     LATA_LATA6_POSITION equ	6
   704   000001                     LATA_LATA6_SIZE equ	1
   705   000001                     LATA_LATA6_LENGTH equ	1
   706   000040                     LATA_LATA6_MASK equ	64
   707   000007                     LATA_LATA7_POSN equ	7
   708   000007                     LATA_LATA7_POSITION equ	7
   709   000001                     LATA_LATA7_SIZE equ	1
   710   000001                     LATA_LATA7_LENGTH equ	1
   711   000080                     LATA_LATA7_MASK equ	128
   712   000000                     LATA_LA0_POSN   equ	0
   713   000000                     LATA_LA0_POSITION equ	0
   714   000001                     LATA_LA0_SIZE   equ	1
   715   000001                     LATA_LA0_LENGTH equ	1
   716   000001                     LATA_LA0_MASK   equ	1
   717   000001                     LATA_LA1_POSN   equ	1
   718   000001                     LATA_LA1_POSITION equ	1
   719   000001                     LATA_LA1_SIZE   equ	1
   720   000001                     LATA_LA1_LENGTH equ	1
   721   000002                     LATA_LA1_MASK   equ	2
   722   000002                     LATA_LA2_POSN   equ	2
   723   000002                     LATA_LA2_POSITION equ	2
   724   000001                     LATA_LA2_SIZE   equ	1
   725   000001                     LATA_LA2_LENGTH equ	1
   726   000004                     LATA_LA2_MASK   equ	4
   727   000003                     LATA_LA3_POSN   equ	3
   728   000003                     LATA_LA3_POSITION equ	3
   729   000001                     LATA_LA3_SIZE   equ	1
   730   000001                     LATA_LA3_LENGTH equ	1
   731   000008                     LATA_LA3_MASK   equ	8
   732   000004                     LATA_LA4_POSN   equ	4
   733   000004                     LATA_LA4_POSITION equ	4
   734   000001                     LATA_LA4_SIZE   equ	1
   735   000001                     LATA_LA4_LENGTH equ	1
   736   000010                     LATA_LA4_MASK   equ	16
   737   000005                     LATA_LA5_POSN   equ	5
   738   000005                     LATA_LA5_POSITION equ	5
   739   000001                     LATA_LA5_SIZE   equ	1
   740   000001                     LATA_LA5_LENGTH equ	1
   741   000020                     LATA_LA5_MASK   equ	32
   742   000006                     LATA_LA6_POSN   equ	6
   743   000006                     LATA_LA6_POSITION equ	6
   744   000001                     LATA_LA6_SIZE   equ	1
   745   000001                     LATA_LA6_LENGTH equ	1
   746   000040                     LATA_LA6_MASK   equ	64
   747   000007                     LATA_LA7_POSN   equ	7
   748   000007                     LATA_LA7_POSITION equ	7
   749   000001                     LATA_LA7_SIZE   equ	1
   750   000001                     LATA_LA7_LENGTH equ	1
   751   000080                     LATA_LA7_MASK   equ	128
   752   000F8A                     LATB            equ	3978
   753   000000                     LATB_LATB0_POSN equ	0
   754   000000                     LATB_LATB0_POSITION equ	0
   755   000001                     LATB_LATB0_SIZE equ	1
   756   000001                     LATB_LATB0_LENGTH equ	1
   757   000001                     LATB_LATB0_MASK equ	1
   758   000001                     LATB_LATB1_POSN equ	1
   759   000001                     LATB_LATB1_POSITION equ	1
   760   000001                     LATB_LATB1_SIZE equ	1
   761   000001                     LATB_LATB1_LENGTH equ	1
   762   000002                     LATB_LATB1_MASK equ	2
   763   000002                     LATB_LATB2_POSN equ	2
   764   000002                     LATB_LATB2_POSITION equ	2
   765   000001                     LATB_LATB2_SIZE equ	1
   766   000001                     LATB_LATB2_LENGTH equ	1
   767   000004                     LATB_LATB2_MASK equ	4
   768   000003                     LATB_LATB3_POSN equ	3
   769   000003                     LATB_LATB3_POSITION equ	3
   770   000001                     LATB_LATB3_SIZE equ	1
   771   000001                     LATB_LATB3_LENGTH equ	1
   772   000008                     LATB_LATB3_MASK equ	8
   773   000004                     LATB_LATB4_POSN equ	4
   774   000004                     LATB_LATB4_POSITION equ	4
   775   000001                     LATB_LATB4_SIZE equ	1
   776   000001                     LATB_LATB4_LENGTH equ	1
   777   000010                     LATB_LATB4_MASK equ	16
   778   000005                     LATB_LATB5_POSN equ	5
   779   000005                     LATB_LATB5_POSITION equ	5
   780   000001                     LATB_LATB5_SIZE equ	1
   781   000001                     LATB_LATB5_LENGTH equ	1
   782   000020                     LATB_LATB5_MASK equ	32
   783   000006                     LATB_LATB6_POSN equ	6
   784   000006                     LATB_LATB6_POSITION equ	6
   785   000001                     LATB_LATB6_SIZE equ	1
   786   000001                     LATB_LATB6_LENGTH equ	1
   787   000040                     LATB_LATB6_MASK equ	64
   788   000007                     LATB_LATB7_POSN equ	7
   789   000007                     LATB_LATB7_POSITION equ	7
   790   000001                     LATB_LATB7_SIZE equ	1
   791   000001                     LATB_LATB7_LENGTH equ	1
   792   000080                     LATB_LATB7_MASK equ	128
   793   000000                     LATB_LB0_POSN   equ	0
   794   000000                     LATB_LB0_POSITION equ	0
   795   000001                     LATB_LB0_SIZE   equ	1
   796   000001                     LATB_LB0_LENGTH equ	1
   797   000001                     LATB_LB0_MASK   equ	1
   798   000001                     LATB_LB1_POSN   equ	1
   799   000001                     LATB_LB1_POSITION equ	1
   800   000001                     LATB_LB1_SIZE   equ	1
   801   000001                     LATB_LB1_LENGTH equ	1
   802   000002                     LATB_LB1_MASK   equ	2
   803   000002                     LATB_LB2_POSN   equ	2
   804   000002                     LATB_LB2_POSITION equ	2
   805   000001                     LATB_LB2_SIZE   equ	1
   806   000001                     LATB_LB2_LENGTH equ	1
   807   000004                     LATB_LB2_MASK   equ	4
   808   000003                     LATB_LB3_POSN   equ	3
   809   000003                     LATB_LB3_POSITION equ	3
   810   000001                     LATB_LB3_SIZE   equ	1
   811   000001                     LATB_LB3_LENGTH equ	1
   812   000008                     LATB_LB3_MASK   equ	8
   813   000004                     LATB_LB4_POSN   equ	4
   814   000004                     LATB_LB4_POSITION equ	4
   815   000001                     LATB_LB4_SIZE   equ	1
   816   000001                     LATB_LB4_LENGTH equ	1
   817   000010                     LATB_LB4_MASK   equ	16
   818   000005                     LATB_LB5_POSN   equ	5
   819   000005                     LATB_LB5_POSITION equ	5
   820   000001                     LATB_LB5_SIZE   equ	1
   821   000001                     LATB_LB5_LENGTH equ	1
   822   000020                     LATB_LB5_MASK   equ	32
   823   000006                     LATB_LB6_POSN   equ	6
   824   000006                     LATB_LB6_POSITION equ	6
   825   000001                     LATB_LB6_SIZE   equ	1
   826   000001                     LATB_LB6_LENGTH equ	1
   827   000040                     LATB_LB6_MASK   equ	64
   828   000007                     LATB_LB7_POSN   equ	7
   829   000007                     LATB_LB7_POSITION equ	7
   830   000001                     LATB_LB7_SIZE   equ	1
   831   000001                     LATB_LB7_LENGTH equ	1
   832   000080                     LATB_LB7_MASK   equ	128
   833   000F8B                     LATC            equ	3979
   834   000000                     LATC_LATC0_POSN equ	0
   835   000000                     LATC_LATC0_POSITION equ	0
   836   000001                     LATC_LATC0_SIZE equ	1
   837   000001                     LATC_LATC0_LENGTH equ	1
   838   000001                     LATC_LATC0_MASK equ	1
   839   000001                     LATC_LATC1_POSN equ	1
   840   000001                     LATC_LATC1_POSITION equ	1
   841   000001                     LATC_LATC1_SIZE equ	1
   842   000001                     LATC_LATC1_LENGTH equ	1
   843   000002                     LATC_LATC1_MASK equ	2
   844   000002                     LATC_LATC2_POSN equ	2
   845   000002                     LATC_LATC2_POSITION equ	2
   846   000001                     LATC_LATC2_SIZE equ	1
   847   000001                     LATC_LATC2_LENGTH equ	1
   848   000004                     LATC_LATC2_MASK equ	4
   849   000003                     LATC_LATC3_POSN equ	3
   850   000003                     LATC_LATC3_POSITION equ	3
   851   000001                     LATC_LATC3_SIZE equ	1
   852   000001                     LATC_LATC3_LENGTH equ	1
   853   000008                     LATC_LATC3_MASK equ	8
   854   000004                     LATC_LATC4_POSN equ	4
   855   000004                     LATC_LATC4_POSITION equ	4
   856   000001                     LATC_LATC4_SIZE equ	1
   857   000001                     LATC_LATC4_LENGTH equ	1
   858   000010                     LATC_LATC4_MASK equ	16
   859   000005                     LATC_LATC5_POSN equ	5
   860   000005                     LATC_LATC5_POSITION equ	5
   861   000001                     LATC_LATC5_SIZE equ	1
   862   000001                     LATC_LATC5_LENGTH equ	1
   863   000020                     LATC_LATC5_MASK equ	32
   864   000006                     LATC_LATC6_POSN equ	6
   865   000006                     LATC_LATC6_POSITION equ	6
   866   000001                     LATC_LATC6_SIZE equ	1
   867   000001                     LATC_LATC6_LENGTH equ	1
   868   000040                     LATC_LATC6_MASK equ	64
   869   000007                     LATC_LATC7_POSN equ	7
   870   000007                     LATC_LATC7_POSITION equ	7
   871   000001                     LATC_LATC7_SIZE equ	1
   872   000001                     LATC_LATC7_LENGTH equ	1
   873   000080                     LATC_LATC7_MASK equ	128
   874   000000                     LATC_LC0_POSN   equ	0
   875   000000                     LATC_LC0_POSITION equ	0
   876   000001                     LATC_LC0_SIZE   equ	1
   877   000001                     LATC_LC0_LENGTH equ	1
   878   000001                     LATC_LC0_MASK   equ	1
   879   000001                     LATC_LC1_POSN   equ	1
   880   000001                     LATC_LC1_POSITION equ	1
   881   000001                     LATC_LC1_SIZE   equ	1
   882   000001                     LATC_LC1_LENGTH equ	1
   883   000002                     LATC_LC1_MASK   equ	2
   884   000002                     LATC_LC2_POSN   equ	2
   885   000002                     LATC_LC2_POSITION equ	2
   886   000001                     LATC_LC2_SIZE   equ	1
   887   000001                     LATC_LC2_LENGTH equ	1
   888   000004                     LATC_LC2_MASK   equ	4
   889   000003                     LATC_LC3_POSN   equ	3
   890   000003                     LATC_LC3_POSITION equ	3
   891   000001                     LATC_LC3_SIZE   equ	1
   892   000001                     LATC_LC3_LENGTH equ	1
   893   000008                     LATC_LC3_MASK   equ	8
   894   000004                     LATC_LC4_POSN   equ	4
   895   000004                     LATC_LC4_POSITION equ	4
   896   000001                     LATC_LC4_SIZE   equ	1
   897   000001                     LATC_LC4_LENGTH equ	1
   898   000010                     LATC_LC4_MASK   equ	16
   899   000005                     LATC_LC5_POSN   equ	5
   900   000005                     LATC_LC5_POSITION equ	5
   901   000001                     LATC_LC5_SIZE   equ	1
   902   000001                     LATC_LC5_LENGTH equ	1
   903   000020                     LATC_LC5_MASK   equ	32
   904   000006                     LATC_LC6_POSN   equ	6
   905   000006                     LATC_LC6_POSITION equ	6
   906   000001                     LATC_LC6_SIZE   equ	1
   907   000001                     LATC_LC6_LENGTH equ	1
   908   000040                     LATC_LC6_MASK   equ	64
   909   000007                     LATC_LC7_POSN   equ	7
   910   000007                     LATC_LC7_POSITION equ	7
   911   000001                     LATC_LC7_SIZE   equ	1
   912   000001                     LATC_LC7_LENGTH equ	1
   913   000080                     LATC_LC7_MASK   equ	128
   914   000F8C                     LATD            equ	3980
   915   000000                     LATD_LATD0_POSN equ	0
   916   000000                     LATD_LATD0_POSITION equ	0
   917   000001                     LATD_LATD0_SIZE equ	1
   918   000001                     LATD_LATD0_LENGTH equ	1
   919   000001                     LATD_LATD0_MASK equ	1
   920   000001                     LATD_LATD1_POSN equ	1
   921   000001                     LATD_LATD1_POSITION equ	1
   922   000001                     LATD_LATD1_SIZE equ	1
   923   000001                     LATD_LATD1_LENGTH equ	1
   924   000002                     LATD_LATD1_MASK equ	2
   925   000002                     LATD_LATD2_POSN equ	2
   926   000002                     LATD_LATD2_POSITION equ	2
   927   000001                     LATD_LATD2_SIZE equ	1
   928   000001                     LATD_LATD2_LENGTH equ	1
   929   000004                     LATD_LATD2_MASK equ	4
   930   000003                     LATD_LATD3_POSN equ	3
   931   000003                     LATD_LATD3_POSITION equ	3
   932   000001                     LATD_LATD3_SIZE equ	1
   933   000001                     LATD_LATD3_LENGTH equ	1
   934   000008                     LATD_LATD3_MASK equ	8
   935   000004                     LATD_LATD4_POSN equ	4
   936   000004                     LATD_LATD4_POSITION equ	4
   937   000001                     LATD_LATD4_SIZE equ	1
   938   000001                     LATD_LATD4_LENGTH equ	1
   939   000010                     LATD_LATD4_MASK equ	16
   940   000005                     LATD_LATD5_POSN equ	5
   941   000005                     LATD_LATD5_POSITION equ	5
   942   000001                     LATD_LATD5_SIZE equ	1
   943   000001                     LATD_LATD5_LENGTH equ	1
   944   000020                     LATD_LATD5_MASK equ	32
   945   000006                     LATD_LATD6_POSN equ	6
   946   000006                     LATD_LATD6_POSITION equ	6
   947   000001                     LATD_LATD6_SIZE equ	1
   948   000001                     LATD_LATD6_LENGTH equ	1
   949   000040                     LATD_LATD6_MASK equ	64
   950   000007                     LATD_LATD7_POSN equ	7
   951   000007                     LATD_LATD7_POSITION equ	7
   952   000001                     LATD_LATD7_SIZE equ	1
   953   000001                     LATD_LATD7_LENGTH equ	1
   954   000080                     LATD_LATD7_MASK equ	128
   955   000000                     LATD_LD0_POSN   equ	0
   956   000000                     LATD_LD0_POSITION equ	0
   957   000001                     LATD_LD0_SIZE   equ	1
   958   000001                     LATD_LD0_LENGTH equ	1
   959   000001                     LATD_LD0_MASK   equ	1
   960   000001                     LATD_LD1_POSN   equ	1
   961   000001                     LATD_LD1_POSITION equ	1
   962   000001                     LATD_LD1_SIZE   equ	1
   963   000001                     LATD_LD1_LENGTH equ	1
   964   000002                     LATD_LD1_MASK   equ	2
   965   000002                     LATD_LD2_POSN   equ	2
   966   000002                     LATD_LD2_POSITION equ	2
   967   000001                     LATD_LD2_SIZE   equ	1
   968   000001                     LATD_LD2_LENGTH equ	1
   969   000004                     LATD_LD2_MASK   equ	4
   970   000003                     LATD_LD3_POSN   equ	3
   971   000003                     LATD_LD3_POSITION equ	3
   972   000001                     LATD_LD3_SIZE   equ	1
   973   000001                     LATD_LD3_LENGTH equ	1
   974   000008                     LATD_LD3_MASK   equ	8
   975   000004                     LATD_LD4_POSN   equ	4
   976   000004                     LATD_LD4_POSITION equ	4
   977   000001                     LATD_LD4_SIZE   equ	1
   978   000001                     LATD_LD4_LENGTH equ	1
   979   000010                     LATD_LD4_MASK   equ	16
   980   000005                     LATD_LD5_POSN   equ	5
   981   000005                     LATD_LD5_POSITION equ	5
   982   000001                     LATD_LD5_SIZE   equ	1
   983   000001                     LATD_LD5_LENGTH equ	1
   984   000020                     LATD_LD5_MASK   equ	32
   985   000006                     LATD_LD6_POSN   equ	6
   986   000006                     LATD_LD6_POSITION equ	6
   987   000001                     LATD_LD6_SIZE   equ	1
   988   000001                     LATD_LD6_LENGTH equ	1
   989   000040                     LATD_LD6_MASK   equ	64
   990   000007                     LATD_LD7_POSN   equ	7
   991   000007                     LATD_LD7_POSITION equ	7
   992   000001                     LATD_LD7_SIZE   equ	1
   993   000001                     LATD_LD7_LENGTH equ	1
   994   000080                     LATD_LD7_MASK   equ	128
   995   000F8D                     LATE            equ	3981
   996   000000                     LATE_LATE0_POSN equ	0
   997   000000                     LATE_LATE0_POSITION equ	0
   998   000001                     LATE_LATE0_SIZE equ	1
   999   000001                     LATE_LATE0_LENGTH equ	1
  1000   000001                     LATE_LATE0_MASK equ	1
  1001   000001                     LATE_LATE1_POSN equ	1
  1002   000001                     LATE_LATE1_POSITION equ	1
  1003   000001                     LATE_LATE1_SIZE equ	1
  1004   000001                     LATE_LATE1_LENGTH equ	1
  1005   000002                     LATE_LATE1_MASK equ	2
  1006   000002                     LATE_LATE2_POSN equ	2
  1007   000002                     LATE_LATE2_POSITION equ	2
  1008   000001                     LATE_LATE2_SIZE equ	1
  1009   000001                     LATE_LATE2_LENGTH equ	1
  1010   000004                     LATE_LATE2_MASK equ	4
  1011   000000                     LATE_LE0_POSN   equ	0
  1012   000000                     LATE_LE0_POSITION equ	0
  1013   000001                     LATE_LE0_SIZE   equ	1
  1014   000001                     LATE_LE0_LENGTH equ	1
  1015   000001                     LATE_LE0_MASK   equ	1
  1016   000001                     LATE_LE1_POSN   equ	1
  1017   000001                     LATE_LE1_POSITION equ	1
  1018   000001                     LATE_LE1_SIZE   equ	1
  1019   000001                     LATE_LE1_LENGTH equ	1
  1020   000002                     LATE_LE1_MASK   equ	2
  1021   000002                     LATE_LE2_POSN   equ	2
  1022   000002                     LATE_LE2_POSITION equ	2
  1023   000001                     LATE_LE2_SIZE   equ	1
  1024   000001                     LATE_LE2_LENGTH equ	1
  1025   000004                     LATE_LE2_MASK   equ	4
  1026   000F92                     TRISA           equ	3986
  1027   000000                     TRISA_TRISA0_POSN equ	0
  1028   000000                     TRISA_TRISA0_POSITION equ	0
  1029   000001                     TRISA_TRISA0_SIZE equ	1
  1030   000001                     TRISA_TRISA0_LENGTH equ	1
  1031   000001                     TRISA_TRISA0_MASK equ	1
  1032   000001                     TRISA_TRISA1_POSN equ	1
  1033   000001                     TRISA_TRISA1_POSITION equ	1
  1034   000001                     TRISA_TRISA1_SIZE equ	1
  1035   000001                     TRISA_TRISA1_LENGTH equ	1
  1036   000002                     TRISA_TRISA1_MASK equ	2
  1037   000002                     TRISA_TRISA2_POSN equ	2
  1038   000002                     TRISA_TRISA2_POSITION equ	2
  1039   000001                     TRISA_TRISA2_SIZE equ	1
  1040   000001                     TRISA_TRISA2_LENGTH equ	1
  1041   000004                     TRISA_TRISA2_MASK equ	4
  1042   000003                     TRISA_TRISA3_POSN equ	3
  1043   000003                     TRISA_TRISA3_POSITION equ	3
  1044   000001                     TRISA_TRISA3_SIZE equ	1
  1045   000001                     TRISA_TRISA3_LENGTH equ	1
  1046   000008                     TRISA_TRISA3_MASK equ	8
  1047   000004                     TRISA_TRISA4_POSN equ	4
  1048   000004                     TRISA_TRISA4_POSITION equ	4
  1049   000001                     TRISA_TRISA4_SIZE equ	1
  1050   000001                     TRISA_TRISA4_LENGTH equ	1
  1051   000010                     TRISA_TRISA4_MASK equ	16
  1052   000005                     TRISA_TRISA5_POSN equ	5
  1053   000005                     TRISA_TRISA5_POSITION equ	5
  1054   000001                     TRISA_TRISA5_SIZE equ	1
  1055   000001                     TRISA_TRISA5_LENGTH equ	1
  1056   000020                     TRISA_TRISA5_MASK equ	32
  1057   000006                     TRISA_TRISA6_POSN equ	6
  1058   000006                     TRISA_TRISA6_POSITION equ	6
  1059   000001                     TRISA_TRISA6_SIZE equ	1
  1060   000001                     TRISA_TRISA6_LENGTH equ	1
  1061   000040                     TRISA_TRISA6_MASK equ	64
  1062   000007                     TRISA_TRISA7_POSN equ	7
  1063   000007                     TRISA_TRISA7_POSITION equ	7
  1064   000001                     TRISA_TRISA7_SIZE equ	1
  1065   000001                     TRISA_TRISA7_LENGTH equ	1
  1066   000080                     TRISA_TRISA7_MASK equ	128
  1067   000000                     TRISA_RA0_POSN  equ	0
  1068   000000                     TRISA_RA0_POSITION equ	0
  1069   000001                     TRISA_RA0_SIZE  equ	1
  1070   000001                     TRISA_RA0_LENGTH equ	1
  1071   000001                     TRISA_RA0_MASK  equ	1
  1072   000001                     TRISA_RA1_POSN  equ	1
  1073   000001                     TRISA_RA1_POSITION equ	1
  1074   000001                     TRISA_RA1_SIZE  equ	1
  1075   000001                     TRISA_RA1_LENGTH equ	1
  1076   000002                     TRISA_RA1_MASK  equ	2
  1077   000002                     TRISA_RA2_POSN  equ	2
  1078   000002                     TRISA_RA2_POSITION equ	2
  1079   000001                     TRISA_RA2_SIZE  equ	1
  1080   000001                     TRISA_RA2_LENGTH equ	1
  1081   000004                     TRISA_RA2_MASK  equ	4
  1082   000003                     TRISA_RA3_POSN  equ	3
  1083   000003                     TRISA_RA3_POSITION equ	3
  1084   000001                     TRISA_RA3_SIZE  equ	1
  1085   000001                     TRISA_RA3_LENGTH equ	1
  1086   000008                     TRISA_RA3_MASK  equ	8
  1087   000004                     TRISA_RA4_POSN  equ	4
  1088   000004                     TRISA_RA4_POSITION equ	4
  1089   000001                     TRISA_RA4_SIZE  equ	1
  1090   000001                     TRISA_RA4_LENGTH equ	1
  1091   000010                     TRISA_RA4_MASK  equ	16
  1092   000005                     TRISA_RA5_POSN  equ	5
  1093   000005                     TRISA_RA5_POSITION equ	5
  1094   000001                     TRISA_RA5_SIZE  equ	1
  1095   000001                     TRISA_RA5_LENGTH equ	1
  1096   000020                     TRISA_RA5_MASK  equ	32
  1097   000006                     TRISA_RA6_POSN  equ	6
  1098   000006                     TRISA_RA6_POSITION equ	6
  1099   000001                     TRISA_RA6_SIZE  equ	1
  1100   000001                     TRISA_RA6_LENGTH equ	1
  1101   000040                     TRISA_RA6_MASK  equ	64
  1102   000007                     TRISA_RA7_POSN  equ	7
  1103   000007                     TRISA_RA7_POSITION equ	7
  1104   000001                     TRISA_RA7_SIZE  equ	1
  1105   000001                     TRISA_RA7_LENGTH equ	1
  1106   000080                     TRISA_RA7_MASK  equ	128
  1107   000F93                     TRISB           equ	3987
  1108   000000                     TRISB_TRISB0_POSN equ	0
  1109   000000                     TRISB_TRISB0_POSITION equ	0
  1110   000001                     TRISB_TRISB0_SIZE equ	1
  1111   000001                     TRISB_TRISB0_LENGTH equ	1
  1112   000001                     TRISB_TRISB0_MASK equ	1
  1113   000001                     TRISB_TRISB1_POSN equ	1
  1114   000001                     TRISB_TRISB1_POSITION equ	1
  1115   000001                     TRISB_TRISB1_SIZE equ	1
  1116   000001                     TRISB_TRISB1_LENGTH equ	1
  1117   000002                     TRISB_TRISB1_MASK equ	2
  1118   000002                     TRISB_TRISB2_POSN equ	2
  1119   000002                     TRISB_TRISB2_POSITION equ	2
  1120   000001                     TRISB_TRISB2_SIZE equ	1
  1121   000001                     TRISB_TRISB2_LENGTH equ	1
  1122   000004                     TRISB_TRISB2_MASK equ	4
  1123   000003                     TRISB_TRISB3_POSN equ	3
  1124   000003                     TRISB_TRISB3_POSITION equ	3
  1125   000001                     TRISB_TRISB3_SIZE equ	1
  1126   000001                     TRISB_TRISB3_LENGTH equ	1
  1127   000008                     TRISB_TRISB3_MASK equ	8
  1128   000004                     TRISB_TRISB4_POSN equ	4
  1129   000004                     TRISB_TRISB4_POSITION equ	4
  1130   000001                     TRISB_TRISB4_SIZE equ	1
  1131   000001                     TRISB_TRISB4_LENGTH equ	1
  1132   000010                     TRISB_TRISB4_MASK equ	16
  1133   000005                     TRISB_TRISB5_POSN equ	5
  1134   000005                     TRISB_TRISB5_POSITION equ	5
  1135   000001                     TRISB_TRISB5_SIZE equ	1
  1136   000001                     TRISB_TRISB5_LENGTH equ	1
  1137   000020                     TRISB_TRISB5_MASK equ	32
  1138   000006                     TRISB_TRISB6_POSN equ	6
  1139   000006                     TRISB_TRISB6_POSITION equ	6
  1140   000001                     TRISB_TRISB6_SIZE equ	1
  1141   000001                     TRISB_TRISB6_LENGTH equ	1
  1142   000040                     TRISB_TRISB6_MASK equ	64
  1143   000007                     TRISB_TRISB7_POSN equ	7
  1144   000007                     TRISB_TRISB7_POSITION equ	7
  1145   000001                     TRISB_TRISB7_SIZE equ	1
  1146   000001                     TRISB_TRISB7_LENGTH equ	1
  1147   000080                     TRISB_TRISB7_MASK equ	128
  1148   000000                     TRISB_RB0_POSN  equ	0
  1149   000000                     TRISB_RB0_POSITION equ	0
  1150   000001                     TRISB_RB0_SIZE  equ	1
  1151   000001                     TRISB_RB0_LENGTH equ	1
  1152   000001                     TRISB_RB0_MASK  equ	1
  1153   000001                     TRISB_RB1_POSN  equ	1
  1154   000001                     TRISB_RB1_POSITION equ	1
  1155   000001                     TRISB_RB1_SIZE  equ	1
  1156   000001                     TRISB_RB1_LENGTH equ	1
  1157   000002                     TRISB_RB1_MASK  equ	2
  1158   000002                     TRISB_RB2_POSN  equ	2
  1159   000002                     TRISB_RB2_POSITION equ	2
  1160   000001                     TRISB_RB2_SIZE  equ	1
  1161   000001                     TRISB_RB2_LENGTH equ	1
  1162   000004                     TRISB_RB2_MASK  equ	4
  1163   000003                     TRISB_RB3_POSN  equ	3
  1164   000003                     TRISB_RB3_POSITION equ	3
  1165   000001                     TRISB_RB3_SIZE  equ	1
  1166   000001                     TRISB_RB3_LENGTH equ	1
  1167   000008                     TRISB_RB3_MASK  equ	8
  1168   000004                     TRISB_RB4_POSN  equ	4
  1169   000004                     TRISB_RB4_POSITION equ	4
  1170   000001                     TRISB_RB4_SIZE  equ	1
  1171   000001                     TRISB_RB4_LENGTH equ	1
  1172   000010                     TRISB_RB4_MASK  equ	16
  1173   000005                     TRISB_RB5_POSN  equ	5
  1174   000005                     TRISB_RB5_POSITION equ	5
  1175   000001                     TRISB_RB5_SIZE  equ	1
  1176   000001                     TRISB_RB5_LENGTH equ	1
  1177   000020                     TRISB_RB5_MASK  equ	32
  1178   000006                     TRISB_RB6_POSN  equ	6
  1179   000006                     TRISB_RB6_POSITION equ	6
  1180   000001                     TRISB_RB6_SIZE  equ	1
  1181   000001                     TRISB_RB6_LENGTH equ	1
  1182   000040                     TRISB_RB6_MASK  equ	64
  1183   000007                     TRISB_RB7_POSN  equ	7
  1184   000007                     TRISB_RB7_POSITION equ	7
  1185   000001                     TRISB_RB7_SIZE  equ	1
  1186   000001                     TRISB_RB7_LENGTH equ	1
  1187   000080                     TRISB_RB7_MASK  equ	128
  1188   000F94                     TRISC           equ	3988
  1189   000000                     TRISC_TRISC0_POSN equ	0
  1190   000000                     TRISC_TRISC0_POSITION equ	0
  1191   000001                     TRISC_TRISC0_SIZE equ	1
  1192   000001                     TRISC_TRISC0_LENGTH equ	1
  1193   000001                     TRISC_TRISC0_MASK equ	1
  1194   000001                     TRISC_TRISC1_POSN equ	1
  1195   000001                     TRISC_TRISC1_POSITION equ	1
  1196   000001                     TRISC_TRISC1_SIZE equ	1
  1197   000001                     TRISC_TRISC1_LENGTH equ	1
  1198   000002                     TRISC_TRISC1_MASK equ	2
  1199   000002                     TRISC_TRISC2_POSN equ	2
  1200   000002                     TRISC_TRISC2_POSITION equ	2
  1201   000001                     TRISC_TRISC2_SIZE equ	1
  1202   000001                     TRISC_TRISC2_LENGTH equ	1
  1203   000004                     TRISC_TRISC2_MASK equ	4
  1204   000003                     TRISC_TRISC3_POSN equ	3
  1205   000003                     TRISC_TRISC3_POSITION equ	3
  1206   000001                     TRISC_TRISC3_SIZE equ	1
  1207   000001                     TRISC_TRISC3_LENGTH equ	1
  1208   000008                     TRISC_TRISC3_MASK equ	8
  1209   000004                     TRISC_TRISC4_POSN equ	4
  1210   000004                     TRISC_TRISC4_POSITION equ	4
  1211   000001                     TRISC_TRISC4_SIZE equ	1
  1212   000001                     TRISC_TRISC4_LENGTH equ	1
  1213   000010                     TRISC_TRISC4_MASK equ	16
  1214   000005                     TRISC_TRISC5_POSN equ	5
  1215   000005                     TRISC_TRISC5_POSITION equ	5
  1216   000001                     TRISC_TRISC5_SIZE equ	1
  1217   000001                     TRISC_TRISC5_LENGTH equ	1
  1218   000020                     TRISC_TRISC5_MASK equ	32
  1219   000006                     TRISC_TRISC6_POSN equ	6
  1220   000006                     TRISC_TRISC6_POSITION equ	6
  1221   000001                     TRISC_TRISC6_SIZE equ	1
  1222   000001                     TRISC_TRISC6_LENGTH equ	1
  1223   000040                     TRISC_TRISC6_MASK equ	64
  1224   000007                     TRISC_TRISC7_POSN equ	7
  1225   000007                     TRISC_TRISC7_POSITION equ	7
  1226   000001                     TRISC_TRISC7_SIZE equ	1
  1227   000001                     TRISC_TRISC7_LENGTH equ	1
  1228   000080                     TRISC_TRISC7_MASK equ	128
  1229   000000                     TRISC_RC0_POSN  equ	0
  1230   000000                     TRISC_RC0_POSITION equ	0
  1231   000001                     TRISC_RC0_SIZE  equ	1
  1232   000001                     TRISC_RC0_LENGTH equ	1
  1233   000001                     TRISC_RC0_MASK  equ	1
  1234   000001                     TRISC_RC1_POSN  equ	1
  1235   000001                     TRISC_RC1_POSITION equ	1
  1236   000001                     TRISC_RC1_SIZE  equ	1
  1237   000001                     TRISC_RC1_LENGTH equ	1
  1238   000002                     TRISC_RC1_MASK  equ	2
  1239   000002                     TRISC_RC2_POSN  equ	2
  1240   000002                     TRISC_RC2_POSITION equ	2
  1241   000001                     TRISC_RC2_SIZE  equ	1
  1242   000001                     TRISC_RC2_LENGTH equ	1
  1243   000004                     TRISC_RC2_MASK  equ	4
  1244   000003                     TRISC_RC3_POSN  equ	3
  1245   000003                     TRISC_RC3_POSITION equ	3
  1246   000001                     TRISC_RC3_SIZE  equ	1
  1247   000001                     TRISC_RC3_LENGTH equ	1
  1248   000008                     TRISC_RC3_MASK  equ	8
  1249   000004                     TRISC_RC4_POSN  equ	4
  1250   000004                     TRISC_RC4_POSITION equ	4
  1251   000001                     TRISC_RC4_SIZE  equ	1
  1252   000001                     TRISC_RC4_LENGTH equ	1
  1253   000010                     TRISC_RC4_MASK  equ	16
  1254   000005                     TRISC_RC5_POSN  equ	5
  1255   000005                     TRISC_RC5_POSITION equ	5
  1256   000001                     TRISC_RC5_SIZE  equ	1
  1257   000001                     TRISC_RC5_LENGTH equ	1
  1258   000020                     TRISC_RC5_MASK  equ	32
  1259   000006                     TRISC_RC6_POSN  equ	6
  1260   000006                     TRISC_RC6_POSITION equ	6
  1261   000001                     TRISC_RC6_SIZE  equ	1
  1262   000001                     TRISC_RC6_LENGTH equ	1
  1263   000040                     TRISC_RC6_MASK  equ	64
  1264   000007                     TRISC_RC7_POSN  equ	7
  1265   000007                     TRISC_RC7_POSITION equ	7
  1266   000001                     TRISC_RC7_SIZE  equ	1
  1267   000001                     TRISC_RC7_LENGTH equ	1
  1268   000080                     TRISC_RC7_MASK  equ	128
  1269   000F95                     TRISD           equ	3989
  1270   000000                     TRISD_TRISD0_POSN equ	0
  1271   000000                     TRISD_TRISD0_POSITION equ	0
  1272   000001                     TRISD_TRISD0_SIZE equ	1
  1273   000001                     TRISD_TRISD0_LENGTH equ	1
  1274   000001                     TRISD_TRISD0_MASK equ	1
  1275   000001                     TRISD_TRISD1_POSN equ	1
  1276   000001                     TRISD_TRISD1_POSITION equ	1
  1277   000001                     TRISD_TRISD1_SIZE equ	1
  1278   000001                     TRISD_TRISD1_LENGTH equ	1
  1279   000002                     TRISD_TRISD1_MASK equ	2
  1280   000002                     TRISD_TRISD2_POSN equ	2
  1281   000002                     TRISD_TRISD2_POSITION equ	2
  1282   000001                     TRISD_TRISD2_SIZE equ	1
  1283   000001                     TRISD_TRISD2_LENGTH equ	1
  1284   000004                     TRISD_TRISD2_MASK equ	4
  1285   000003                     TRISD_TRISD3_POSN equ	3
  1286   000003                     TRISD_TRISD3_POSITION equ	3
  1287   000001                     TRISD_TRISD3_SIZE equ	1
  1288   000001                     TRISD_TRISD3_LENGTH equ	1
  1289   000008                     TRISD_TRISD3_MASK equ	8
  1290   000004                     TRISD_TRISD4_POSN equ	4
  1291   000004                     TRISD_TRISD4_POSITION equ	4
  1292   000001                     TRISD_TRISD4_SIZE equ	1
  1293   000001                     TRISD_TRISD4_LENGTH equ	1
  1294   000010                     TRISD_TRISD4_MASK equ	16
  1295   000005                     TRISD_TRISD5_POSN equ	5
  1296   000005                     TRISD_TRISD5_POSITION equ	5
  1297   000001                     TRISD_TRISD5_SIZE equ	1
  1298   000001                     TRISD_TRISD5_LENGTH equ	1
  1299   000020                     TRISD_TRISD5_MASK equ	32
  1300   000006                     TRISD_TRISD6_POSN equ	6
  1301   000006                     TRISD_TRISD6_POSITION equ	6
  1302   000001                     TRISD_TRISD6_SIZE equ	1
  1303   000001                     TRISD_TRISD6_LENGTH equ	1
  1304   000040                     TRISD_TRISD6_MASK equ	64
  1305   000007                     TRISD_TRISD7_POSN equ	7
  1306   000007                     TRISD_TRISD7_POSITION equ	7
  1307   000001                     TRISD_TRISD7_SIZE equ	1
  1308   000001                     TRISD_TRISD7_LENGTH equ	1
  1309   000080                     TRISD_TRISD7_MASK equ	128
  1310   000000                     TRISD_RD0_POSN  equ	0
  1311   000000                     TRISD_RD0_POSITION equ	0
  1312   000001                     TRISD_RD0_SIZE  equ	1
  1313   000001                     TRISD_RD0_LENGTH equ	1
  1314   000001                     TRISD_RD0_MASK  equ	1
  1315   000001                     TRISD_RD1_POSN  equ	1
  1316   000001                     TRISD_RD1_POSITION equ	1
  1317   000001                     TRISD_RD1_SIZE  equ	1
  1318   000001                     TRISD_RD1_LENGTH equ	1
  1319   000002                     TRISD_RD1_MASK  equ	2
  1320   000002                     TRISD_RD2_POSN  equ	2
  1321   000002                     TRISD_RD2_POSITION equ	2
  1322   000001                     TRISD_RD2_SIZE  equ	1
  1323   000001                     TRISD_RD2_LENGTH equ	1
  1324   000004                     TRISD_RD2_MASK  equ	4
  1325   000003                     TRISD_RD3_POSN  equ	3
  1326   000003                     TRISD_RD3_POSITION equ	3
  1327   000001                     TRISD_RD3_SIZE  equ	1
  1328   000001                     TRISD_RD3_LENGTH equ	1
  1329   000008                     TRISD_RD3_MASK  equ	8
  1330   000004                     TRISD_RD4_POSN  equ	4
  1331   000004                     TRISD_RD4_POSITION equ	4
  1332   000001                     TRISD_RD4_SIZE  equ	1
  1333   000001                     TRISD_RD4_LENGTH equ	1
  1334   000010                     TRISD_RD4_MASK  equ	16
  1335   000005                     TRISD_RD5_POSN  equ	5
  1336   000005                     TRISD_RD5_POSITION equ	5
  1337   000001                     TRISD_RD5_SIZE  equ	1
  1338   000001                     TRISD_RD5_LENGTH equ	1
  1339   000020                     TRISD_RD5_MASK  equ	32
  1340   000006                     TRISD_RD6_POSN  equ	6
  1341   000006                     TRISD_RD6_POSITION equ	6
  1342   000001                     TRISD_RD6_SIZE  equ	1
  1343   000001                     TRISD_RD6_LENGTH equ	1
  1344   000040                     TRISD_RD6_MASK  equ	64
  1345   000007                     TRISD_RD7_POSN  equ	7
  1346   000007                     TRISD_RD7_POSITION equ	7
  1347   000001                     TRISD_RD7_SIZE  equ	1
  1348   000001                     TRISD_RD7_LENGTH equ	1
  1349   000080                     TRISD_RD7_MASK  equ	128
  1350   000F96                     TRISE           equ	3990
  1351   000000                     TRISE_TRISE0_POSN equ	0
  1352   000000                     TRISE_TRISE0_POSITION equ	0
  1353   000001                     TRISE_TRISE0_SIZE equ	1
  1354   000001                     TRISE_TRISE0_LENGTH equ	1
  1355   000001                     TRISE_TRISE0_MASK equ	1
  1356   000001                     TRISE_TRISE1_POSN equ	1
  1357   000001                     TRISE_TRISE1_POSITION equ	1
  1358   000001                     TRISE_TRISE1_SIZE equ	1
  1359   000001                     TRISE_TRISE1_LENGTH equ	1
  1360   000002                     TRISE_TRISE1_MASK equ	2
  1361   000002                     TRISE_TRISE2_POSN equ	2
  1362   000002                     TRISE_TRISE2_POSITION equ	2
  1363   000001                     TRISE_TRISE2_SIZE equ	1
  1364   000001                     TRISE_TRISE2_LENGTH equ	1
  1365   000004                     TRISE_TRISE2_MASK equ	4
  1366   000004                     TRISE_PSPMODE_POSN equ	4
  1367   000004                     TRISE_PSPMODE_POSITION equ	4
  1368   000001                     TRISE_PSPMODE_SIZE equ	1
  1369   000001                     TRISE_PSPMODE_LENGTH equ	1
  1370   000010                     TRISE_PSPMODE_MASK equ	16
  1371   000005                     TRISE_IBOV_POSN equ	5
  1372   000005                     TRISE_IBOV_POSITION equ	5
  1373   000001                     TRISE_IBOV_SIZE equ	1
  1374   000001                     TRISE_IBOV_LENGTH equ	1
  1375   000020                     TRISE_IBOV_MASK equ	32
  1376   000006                     TRISE_OBF_POSN  equ	6
  1377   000006                     TRISE_OBF_POSITION equ	6
  1378   000001                     TRISE_OBF_SIZE  equ	1
  1379   000001                     TRISE_OBF_LENGTH equ	1
  1380   000040                     TRISE_OBF_MASK  equ	64
  1381   000007                     TRISE_IBF_POSN  equ	7
  1382   000007                     TRISE_IBF_POSITION equ	7
  1383   000001                     TRISE_IBF_SIZE  equ	1
  1384   000001                     TRISE_IBF_LENGTH equ	1
  1385   000080                     TRISE_IBF_MASK  equ	128
  1386   000000                     TRISE_RE0_POSN  equ	0
  1387   000000                     TRISE_RE0_POSITION equ	0
  1388   000001                     TRISE_RE0_SIZE  equ	1
  1389   000001                     TRISE_RE0_LENGTH equ	1
  1390   000001                     TRISE_RE0_MASK  equ	1
  1391   000001                     TRISE_RE1_POSN  equ	1
  1392   000001                     TRISE_RE1_POSITION equ	1
  1393   000001                     TRISE_RE1_SIZE  equ	1
  1394   000001                     TRISE_RE1_LENGTH equ	1
  1395   000002                     TRISE_RE1_MASK  equ	2
  1396   000002                     TRISE_RE2_POSN  equ	2
  1397   000002                     TRISE_RE2_POSITION equ	2
  1398   000001                     TRISE_RE2_SIZE  equ	1
  1399   000001                     TRISE_RE2_LENGTH equ	1
  1400   000004                     TRISE_RE2_MASK  equ	4
  1401   000003                     TRISE_RE3_POSN  equ	3
  1402   000003                     TRISE_RE3_POSITION equ	3
  1403   000001                     TRISE_RE3_SIZE  equ	1
  1404   000001                     TRISE_RE3_LENGTH equ	1
  1405   000008                     TRISE_RE3_MASK  equ	8
  1406   000F9B                     OSCTUNE         equ	3995
  1407   000000                     OSCTUNE_TUN_POSN equ	0
  1408   000000                     OSCTUNE_TUN_POSITION equ	0
  1409   000005                     OSCTUNE_TUN_SIZE equ	5
  1410   000005                     OSCTUNE_TUN_LENGTH equ	5
  1411   00001F                     OSCTUNE_TUN_MASK equ	31
  1412   000006                     OSCTUNE_PLLEN_POSN equ	6
  1413   000006                     OSCTUNE_PLLEN_POSITION equ	6
  1414   000001                     OSCTUNE_PLLEN_SIZE equ	1
  1415   000001                     OSCTUNE_PLLEN_LENGTH equ	1
  1416   000040                     OSCTUNE_PLLEN_MASK equ	64
  1417   000007                     OSCTUNE_INTSRC_POSN equ	7
  1418   000007                     OSCTUNE_INTSRC_POSITION equ	7
  1419   000001                     OSCTUNE_INTSRC_SIZE equ	1
  1420   000001                     OSCTUNE_INTSRC_LENGTH equ	1
  1421   000080                     OSCTUNE_INTSRC_MASK equ	128
  1422   000000                     OSCTUNE_TUN0_POSN equ	0
  1423   000000                     OSCTUNE_TUN0_POSITION equ	0
  1424   000001                     OSCTUNE_TUN0_SIZE equ	1
  1425   000001                     OSCTUNE_TUN0_LENGTH equ	1
  1426   000001                     OSCTUNE_TUN0_MASK equ	1
  1427   000001                     OSCTUNE_TUN1_POSN equ	1
  1428   000001                     OSCTUNE_TUN1_POSITION equ	1
  1429   000001                     OSCTUNE_TUN1_SIZE equ	1
  1430   000001                     OSCTUNE_TUN1_LENGTH equ	1
  1431   000002                     OSCTUNE_TUN1_MASK equ	2
  1432   000002                     OSCTUNE_TUN2_POSN equ	2
  1433   000002                     OSCTUNE_TUN2_POSITION equ	2
  1434   000001                     OSCTUNE_TUN2_SIZE equ	1
  1435   000001                     OSCTUNE_TUN2_LENGTH equ	1
  1436   000004                     OSCTUNE_TUN2_MASK equ	4
  1437   000003                     OSCTUNE_TUN3_POSN equ	3
  1438   000003                     OSCTUNE_TUN3_POSITION equ	3
  1439   000001                     OSCTUNE_TUN3_SIZE equ	1
  1440   000001                     OSCTUNE_TUN3_LENGTH equ	1
  1441   000008                     OSCTUNE_TUN3_MASK equ	8
  1442   000004                     OSCTUNE_TUN4_POSN equ	4
  1443   000004                     OSCTUNE_TUN4_POSITION equ	4
  1444   000001                     OSCTUNE_TUN4_SIZE equ	1
  1445   000001                     OSCTUNE_TUN4_LENGTH equ	1
  1446   000010                     OSCTUNE_TUN4_MASK equ	16
  1447   000F9D                     PIE1            equ	3997
  1448   000000                     PIE1_TMR1IE_POSN equ	0
  1449   000000                     PIE1_TMR1IE_POSITION equ	0
  1450   000001                     PIE1_TMR1IE_SIZE equ	1
  1451   000001                     PIE1_TMR1IE_LENGTH equ	1
  1452   000001                     PIE1_TMR1IE_MASK equ	1
  1453   000001                     PIE1_TMR2IE_POSN equ	1
  1454   000001                     PIE1_TMR2IE_POSITION equ	1
  1455   000001                     PIE1_TMR2IE_SIZE equ	1
  1456   000001                     PIE1_TMR2IE_LENGTH equ	1
  1457   000002                     PIE1_TMR2IE_MASK equ	2
  1458   000002                     PIE1_CCP1IE_POSN equ	2
  1459   000002                     PIE1_CCP1IE_POSITION equ	2
  1460   000001                     PIE1_CCP1IE_SIZE equ	1
  1461   000001                     PIE1_CCP1IE_LENGTH equ	1
  1462   000004                     PIE1_CCP1IE_MASK equ	4
  1463   000003                     PIE1_SSPIE_POSN equ	3
  1464   000003                     PIE1_SSPIE_POSITION equ	3
  1465   000001                     PIE1_SSPIE_SIZE equ	1
  1466   000001                     PIE1_SSPIE_LENGTH equ	1
  1467   000008                     PIE1_SSPIE_MASK equ	8
  1468   000004                     PIE1_TXIE_POSN  equ	4
  1469   000004                     PIE1_TXIE_POSITION equ	4
  1470   000001                     PIE1_TXIE_SIZE  equ	1
  1471   000001                     PIE1_TXIE_LENGTH equ	1
  1472   000010                     PIE1_TXIE_MASK  equ	16
  1473   000005                     PIE1_RCIE_POSN  equ	5
  1474   000005                     PIE1_RCIE_POSITION equ	5
  1475   000001                     PIE1_RCIE_SIZE  equ	1
  1476   000001                     PIE1_RCIE_LENGTH equ	1
  1477   000020                     PIE1_RCIE_MASK  equ	32
  1478   000006                     PIE1_ADIE_POSN  equ	6
  1479   000006                     PIE1_ADIE_POSITION equ	6
  1480   000001                     PIE1_ADIE_SIZE  equ	1
  1481   000001                     PIE1_ADIE_LENGTH equ	1
  1482   000040                     PIE1_ADIE_MASK  equ	64
  1483   000007                     PIE1_PSPIE_POSN equ	7
  1484   000007                     PIE1_PSPIE_POSITION equ	7
  1485   000001                     PIE1_PSPIE_SIZE equ	1
  1486   000001                     PIE1_PSPIE_LENGTH equ	1
  1487   000080                     PIE1_PSPIE_MASK equ	128
  1488   000004                     PIE1_TX1IE_POSN equ	4
  1489   000004                     PIE1_TX1IE_POSITION equ	4
  1490   000001                     PIE1_TX1IE_SIZE equ	1
  1491   000001                     PIE1_TX1IE_LENGTH equ	1
  1492   000010                     PIE1_TX1IE_MASK equ	16
  1493   000005                     PIE1_RC1IE_POSN equ	5
  1494   000005                     PIE1_RC1IE_POSITION equ	5
  1495   000001                     PIE1_RC1IE_SIZE equ	1
  1496   000001                     PIE1_RC1IE_LENGTH equ	1
  1497   000020                     PIE1_RC1IE_MASK equ	32
  1498   000F9E                     PIR1            equ	3998
  1499   000000                     PIR1_TMR1IF_POSN equ	0
  1500   000000                     PIR1_TMR1IF_POSITION equ	0
  1501   000001                     PIR1_TMR1IF_SIZE equ	1
  1502   000001                     PIR1_TMR1IF_LENGTH equ	1
  1503   000001                     PIR1_TMR1IF_MASK equ	1
  1504   000001                     PIR1_TMR2IF_POSN equ	1
  1505   000001                     PIR1_TMR2IF_POSITION equ	1
  1506   000001                     PIR1_TMR2IF_SIZE equ	1
  1507   000001                     PIR1_TMR2IF_LENGTH equ	1
  1508   000002                     PIR1_TMR2IF_MASK equ	2
  1509   000002                     PIR1_CCP1IF_POSN equ	2
  1510   000002                     PIR1_CCP1IF_POSITION equ	2
  1511   000001                     PIR1_CCP1IF_SIZE equ	1
  1512   000001                     PIR1_CCP1IF_LENGTH equ	1
  1513   000004                     PIR1_CCP1IF_MASK equ	4
  1514   000003                     PIR1_SSPIF_POSN equ	3
  1515   000003                     PIR1_SSPIF_POSITION equ	3
  1516   000001                     PIR1_SSPIF_SIZE equ	1
  1517   000001                     PIR1_SSPIF_LENGTH equ	1
  1518   000008                     PIR1_SSPIF_MASK equ	8
  1519   000004                     PIR1_TXIF_POSN  equ	4
  1520   000004                     PIR1_TXIF_POSITION equ	4
  1521   000001                     PIR1_TXIF_SIZE  equ	1
  1522   000001                     PIR1_TXIF_LENGTH equ	1
  1523   000010                     PIR1_TXIF_MASK  equ	16
  1524   000005                     PIR1_RCIF_POSN  equ	5
  1525   000005                     PIR1_RCIF_POSITION equ	5
  1526   000001                     PIR1_RCIF_SIZE  equ	1
  1527   000001                     PIR1_RCIF_LENGTH equ	1
  1528   000020                     PIR1_RCIF_MASK  equ	32
  1529   000006                     PIR1_ADIF_POSN  equ	6
  1530   000006                     PIR1_ADIF_POSITION equ	6
  1531   000001                     PIR1_ADIF_SIZE  equ	1
  1532   000001                     PIR1_ADIF_LENGTH equ	1
  1533   000040                     PIR1_ADIF_MASK  equ	64
  1534   000007                     PIR1_PSPIF_POSN equ	7
  1535   000007                     PIR1_PSPIF_POSITION equ	7
  1536   000001                     PIR1_PSPIF_SIZE equ	1
  1537   000001                     PIR1_PSPIF_LENGTH equ	1
  1538   000080                     PIR1_PSPIF_MASK equ	128
  1539   000004                     PIR1_TX1IF_POSN equ	4
  1540   000004                     PIR1_TX1IF_POSITION equ	4
  1541   000001                     PIR1_TX1IF_SIZE equ	1
  1542   000001                     PIR1_TX1IF_LENGTH equ	1
  1543   000010                     PIR1_TX1IF_MASK equ	16
  1544   000005                     PIR1_RC1IF_POSN equ	5
  1545   000005                     PIR1_RC1IF_POSITION equ	5
  1546   000001                     PIR1_RC1IF_SIZE equ	1
  1547   000001                     PIR1_RC1IF_LENGTH equ	1
  1548   000020                     PIR1_RC1IF_MASK equ	32
  1549   000F9F                     IPR1            equ	3999
  1550   000000                     IPR1_TMR1IP_POSN equ	0
  1551   000000                     IPR1_TMR1IP_POSITION equ	0
  1552   000001                     IPR1_TMR1IP_SIZE equ	1
  1553   000001                     IPR1_TMR1IP_LENGTH equ	1
  1554   000001                     IPR1_TMR1IP_MASK equ	1
  1555   000001                     IPR1_TMR2IP_POSN equ	1
  1556   000001                     IPR1_TMR2IP_POSITION equ	1
  1557   000001                     IPR1_TMR2IP_SIZE equ	1
  1558   000001                     IPR1_TMR2IP_LENGTH equ	1
  1559   000002                     IPR1_TMR2IP_MASK equ	2
  1560   000002                     IPR1_CCP1IP_POSN equ	2
  1561   000002                     IPR1_CCP1IP_POSITION equ	2
  1562   000001                     IPR1_CCP1IP_SIZE equ	1
  1563   000001                     IPR1_CCP1IP_LENGTH equ	1
  1564   000004                     IPR1_CCP1IP_MASK equ	4
  1565   000003                     IPR1_SSPIP_POSN equ	3
  1566   000003                     IPR1_SSPIP_POSITION equ	3
  1567   000001                     IPR1_SSPIP_SIZE equ	1
  1568   000001                     IPR1_SSPIP_LENGTH equ	1
  1569   000008                     IPR1_SSPIP_MASK equ	8
  1570   000004                     IPR1_TXIP_POSN  equ	4
  1571   000004                     IPR1_TXIP_POSITION equ	4
  1572   000001                     IPR1_TXIP_SIZE  equ	1
  1573   000001                     IPR1_TXIP_LENGTH equ	1
  1574   000010                     IPR1_TXIP_MASK  equ	16
  1575   000005                     IPR1_RCIP_POSN  equ	5
  1576   000005                     IPR1_RCIP_POSITION equ	5
  1577   000001                     IPR1_RCIP_SIZE  equ	1
  1578   000001                     IPR1_RCIP_LENGTH equ	1
  1579   000020                     IPR1_RCIP_MASK  equ	32
  1580   000006                     IPR1_ADIP_POSN  equ	6
  1581   000006                     IPR1_ADIP_POSITION equ	6
  1582   000001                     IPR1_ADIP_SIZE  equ	1
  1583   000001                     IPR1_ADIP_LENGTH equ	1
  1584   000040                     IPR1_ADIP_MASK  equ	64
  1585   000007                     IPR1_PSPIP_POSN equ	7
  1586   000007                     IPR1_PSPIP_POSITION equ	7
  1587   000001                     IPR1_PSPIP_SIZE equ	1
  1588   000001                     IPR1_PSPIP_LENGTH equ	1
  1589   000080                     IPR1_PSPIP_MASK equ	128
  1590   000004                     IPR1_TX1IP_POSN equ	4
  1591   000004                     IPR1_TX1IP_POSITION equ	4
  1592   000001                     IPR1_TX1IP_SIZE equ	1
  1593   000001                     IPR1_TX1IP_LENGTH equ	1
  1594   000010                     IPR1_TX1IP_MASK equ	16
  1595   000005                     IPR1_RC1IP_POSN equ	5
  1596   000005                     IPR1_RC1IP_POSITION equ	5
  1597   000001                     IPR1_RC1IP_SIZE equ	1
  1598   000001                     IPR1_RC1IP_LENGTH equ	1
  1599   000020                     IPR1_RC1IP_MASK equ	32
  1600   000FA0                     PIE2            equ	4000
  1601   000000                     PIE2_CCP2IE_POSN equ	0
  1602   000000                     PIE2_CCP2IE_POSITION equ	0
  1603   000001                     PIE2_CCP2IE_SIZE equ	1
  1604   000001                     PIE2_CCP2IE_LENGTH equ	1
  1605   000001                     PIE2_CCP2IE_MASK equ	1
  1606   000001                     PIE2_TMR3IE_POSN equ	1
  1607   000001                     PIE2_TMR3IE_POSITION equ	1
  1608   000001                     PIE2_TMR3IE_SIZE equ	1
  1609   000001                     PIE2_TMR3IE_LENGTH equ	1
  1610   000002                     PIE2_TMR3IE_MASK equ	2
  1611   000002                     PIE2_HLVDIE_POSN equ	2
  1612   000002                     PIE2_HLVDIE_POSITION equ	2
  1613   000001                     PIE2_HLVDIE_SIZE equ	1
  1614   000001                     PIE2_HLVDIE_LENGTH equ	1
  1615   000004                     PIE2_HLVDIE_MASK equ	4
  1616   000003                     PIE2_BCLIE_POSN equ	3
  1617   000003                     PIE2_BCLIE_POSITION equ	3
  1618   000001                     PIE2_BCLIE_SIZE equ	1
  1619   000001                     PIE2_BCLIE_LENGTH equ	1
  1620   000008                     PIE2_BCLIE_MASK equ	8
  1621   000004                     PIE2_EEIE_POSN  equ	4
  1622   000004                     PIE2_EEIE_POSITION equ	4
  1623   000001                     PIE2_EEIE_SIZE  equ	1
  1624   000001                     PIE2_EEIE_LENGTH equ	1
  1625   000010                     PIE2_EEIE_MASK  equ	16
  1626   000006                     PIE2_CMIE_POSN  equ	6
  1627   000006                     PIE2_CMIE_POSITION equ	6
  1628   000001                     PIE2_CMIE_SIZE  equ	1
  1629   000001                     PIE2_CMIE_LENGTH equ	1
  1630   000040                     PIE2_CMIE_MASK  equ	64
  1631   000007                     PIE2_OSCFIE_POSN equ	7
  1632   000007                     PIE2_OSCFIE_POSITION equ	7
  1633   000001                     PIE2_OSCFIE_SIZE equ	1
  1634   000001                     PIE2_OSCFIE_LENGTH equ	1
  1635   000080                     PIE2_OSCFIE_MASK equ	128
  1636   000002                     PIE2_LVDIE_POSN equ	2
  1637   000002                     PIE2_LVDIE_POSITION equ	2
  1638   000001                     PIE2_LVDIE_SIZE equ	1
  1639   000001                     PIE2_LVDIE_LENGTH equ	1
  1640   000004                     PIE2_LVDIE_MASK equ	4
  1641   000FA1                     PIR2            equ	4001
  1642   000000                     PIR2_CCP2IF_POSN equ	0
  1643   000000                     PIR2_CCP2IF_POSITION equ	0
  1644   000001                     PIR2_CCP2IF_SIZE equ	1
  1645   000001                     PIR2_CCP2IF_LENGTH equ	1
  1646   000001                     PIR2_CCP2IF_MASK equ	1
  1647   000001                     PIR2_TMR3IF_POSN equ	1
  1648   000001                     PIR2_TMR3IF_POSITION equ	1
  1649   000001                     PIR2_TMR3IF_SIZE equ	1
  1650   000001                     PIR2_TMR3IF_LENGTH equ	1
  1651   000002                     PIR2_TMR3IF_MASK equ	2
  1652   000002                     PIR2_HLVDIF_POSN equ	2
  1653   000002                     PIR2_HLVDIF_POSITION equ	2
  1654   000001                     PIR2_HLVDIF_SIZE equ	1
  1655   000001                     PIR2_HLVDIF_LENGTH equ	1
  1656   000004                     PIR2_HLVDIF_MASK equ	4
  1657   000003                     PIR2_BCLIF_POSN equ	3
  1658   000003                     PIR2_BCLIF_POSITION equ	3
  1659   000001                     PIR2_BCLIF_SIZE equ	1
  1660   000001                     PIR2_BCLIF_LENGTH equ	1
  1661   000008                     PIR2_BCLIF_MASK equ	8
  1662   000004                     PIR2_EEIF_POSN  equ	4
  1663   000004                     PIR2_EEIF_POSITION equ	4
  1664   000001                     PIR2_EEIF_SIZE  equ	1
  1665   000001                     PIR2_EEIF_LENGTH equ	1
  1666   000010                     PIR2_EEIF_MASK  equ	16
  1667   000006                     PIR2_CMIF_POSN  equ	6
  1668   000006                     PIR2_CMIF_POSITION equ	6
  1669   000001                     PIR2_CMIF_SIZE  equ	1
  1670   000001                     PIR2_CMIF_LENGTH equ	1
  1671   000040                     PIR2_CMIF_MASK  equ	64
  1672   000007                     PIR2_OSCFIF_POSN equ	7
  1673   000007                     PIR2_OSCFIF_POSITION equ	7
  1674   000001                     PIR2_OSCFIF_SIZE equ	1
  1675   000001                     PIR2_OSCFIF_LENGTH equ	1
  1676   000080                     PIR2_OSCFIF_MASK equ	128
  1677   000002                     PIR2_LVDIF_POSN equ	2
  1678   000002                     PIR2_LVDIF_POSITION equ	2
  1679   000001                     PIR2_LVDIF_SIZE equ	1
  1680   000001                     PIR2_LVDIF_LENGTH equ	1
  1681   000004                     PIR2_LVDIF_MASK equ	4
  1682   000FA2                     IPR2            equ	4002
  1683   000000                     IPR2_CCP2IP_POSN equ	0
  1684   000000                     IPR2_CCP2IP_POSITION equ	0
  1685   000001                     IPR2_CCP2IP_SIZE equ	1
  1686   000001                     IPR2_CCP2IP_LENGTH equ	1
  1687   000001                     IPR2_CCP2IP_MASK equ	1
  1688   000001                     IPR2_TMR3IP_POSN equ	1
  1689   000001                     IPR2_TMR3IP_POSITION equ	1
  1690   000001                     IPR2_TMR3IP_SIZE equ	1
  1691   000001                     IPR2_TMR3IP_LENGTH equ	1
  1692   000002                     IPR2_TMR3IP_MASK equ	2
  1693   000002                     IPR2_HLVDIP_POSN equ	2
  1694   000002                     IPR2_HLVDIP_POSITION equ	2
  1695   000001                     IPR2_HLVDIP_SIZE equ	1
  1696   000001                     IPR2_HLVDIP_LENGTH equ	1
  1697   000004                     IPR2_HLVDIP_MASK equ	4
  1698   000003                     IPR2_BCLIP_POSN equ	3
  1699   000003                     IPR2_BCLIP_POSITION equ	3
  1700   000001                     IPR2_BCLIP_SIZE equ	1
  1701   000001                     IPR2_BCLIP_LENGTH equ	1
  1702   000008                     IPR2_BCLIP_MASK equ	8
  1703   000004                     IPR2_EEIP_POSN  equ	4
  1704   000004                     IPR2_EEIP_POSITION equ	4
  1705   000001                     IPR2_EEIP_SIZE  equ	1
  1706   000001                     IPR2_EEIP_LENGTH equ	1
  1707   000010                     IPR2_EEIP_MASK  equ	16
  1708   000006                     IPR2_CMIP_POSN  equ	6
  1709   000006                     IPR2_CMIP_POSITION equ	6
  1710   000001                     IPR2_CMIP_SIZE  equ	1
  1711   000001                     IPR2_CMIP_LENGTH equ	1
  1712   000040                     IPR2_CMIP_MASK  equ	64
  1713   000007                     IPR2_OSCFIP_POSN equ	7
  1714   000007                     IPR2_OSCFIP_POSITION equ	7
  1715   000001                     IPR2_OSCFIP_SIZE equ	1
  1716   000001                     IPR2_OSCFIP_LENGTH equ	1
  1717   000080                     IPR2_OSCFIP_MASK equ	128
  1718   000002                     IPR2_LVDIP_POSN equ	2
  1719   000002                     IPR2_LVDIP_POSITION equ	2
  1720   000001                     IPR2_LVDIP_SIZE equ	1
  1721   000001                     IPR2_LVDIP_LENGTH equ	1
  1722   000004                     IPR2_LVDIP_MASK equ	4
  1723   000FA6                     EECON1          equ	4006
  1724   000000                     EECON1_RD_POSN  equ	0
  1725   000000                     EECON1_RD_POSITION equ	0
  1726   000001                     EECON1_RD_SIZE  equ	1
  1727   000001                     EECON1_RD_LENGTH equ	1
  1728   000001                     EECON1_RD_MASK  equ	1
  1729   000001                     EECON1_WR_POSN  equ	1
  1730   000001                     EECON1_WR_POSITION equ	1
  1731   000001                     EECON1_WR_SIZE  equ	1
  1732   000001                     EECON1_WR_LENGTH equ	1
  1733   000002                     EECON1_WR_MASK  equ	2
  1734   000002                     EECON1_WREN_POSN equ	2
  1735   000002                     EECON1_WREN_POSITION equ	2
  1736   000001                     EECON1_WREN_SIZE equ	1
  1737   000001                     EECON1_WREN_LENGTH equ	1
  1738   000004                     EECON1_WREN_MASK equ	4
  1739   000003                     EECON1_WRERR_POSN equ	3
  1740   000003                     EECON1_WRERR_POSITION equ	3
  1741   000001                     EECON1_WRERR_SIZE equ	1
  1742   000001                     EECON1_WRERR_LENGTH equ	1
  1743   000008                     EECON1_WRERR_MASK equ	8
  1744   000004                     EECON1_FREE_POSN equ	4
  1745   000004                     EECON1_FREE_POSITION equ	4
  1746   000001                     EECON1_FREE_SIZE equ	1
  1747   000001                     EECON1_FREE_LENGTH equ	1
  1748   000010                     EECON1_FREE_MASK equ	16
  1749   000006                     EECON1_CFGS_POSN equ	6
  1750   000006                     EECON1_CFGS_POSITION equ	6
  1751   000001                     EECON1_CFGS_SIZE equ	1
  1752   000001                     EECON1_CFGS_LENGTH equ	1
  1753   000040                     EECON1_CFGS_MASK equ	64
  1754   000007                     EECON1_EEPGD_POSN equ	7
  1755   000007                     EECON1_EEPGD_POSITION equ	7
  1756   000001                     EECON1_EEPGD_SIZE equ	1
  1757   000001                     EECON1_EEPGD_LENGTH equ	1
  1758   000080                     EECON1_EEPGD_MASK equ	128
  1759   000006                     EECON1_EEFS_POSN equ	6
  1760   000006                     EECON1_EEFS_POSITION equ	6
  1761   000001                     EECON1_EEFS_SIZE equ	1
  1762   000001                     EECON1_EEFS_LENGTH equ	1
  1763   000040                     EECON1_EEFS_MASK equ	64
  1764   000FA7                     EECON2          equ	4007
  1765   000FA8                     EEDATA          equ	4008
  1766   000FA9                     EEADR           equ	4009
  1767   000FAB                     RCSTA           equ	4011
  1768   000000                     RCSTA_RX9D_POSN equ	0
  1769   000000                     RCSTA_RX9D_POSITION equ	0
  1770   000001                     RCSTA_RX9D_SIZE equ	1
  1771   000001                     RCSTA_RX9D_LENGTH equ	1
  1772   000001                     RCSTA_RX9D_MASK equ	1
  1773   000001                     RCSTA_OERR_POSN equ	1
  1774   000001                     RCSTA_OERR_POSITION equ	1
  1775   000001                     RCSTA_OERR_SIZE equ	1
  1776   000001                     RCSTA_OERR_LENGTH equ	1
  1777   000002                     RCSTA_OERR_MASK equ	2
  1778   000002                     RCSTA_FERR_POSN equ	2
  1779   000002                     RCSTA_FERR_POSITION equ	2
  1780   000001                     RCSTA_FERR_SIZE equ	1
  1781   000001                     RCSTA_FERR_LENGTH equ	1
  1782   000004                     RCSTA_FERR_MASK equ	4
  1783   000003                     RCSTA_ADDEN_POSN equ	3
  1784   000003                     RCSTA_ADDEN_POSITION equ	3
  1785   000001                     RCSTA_ADDEN_SIZE equ	1
  1786   000001                     RCSTA_ADDEN_LENGTH equ	1
  1787   000008                     RCSTA_ADDEN_MASK equ	8
  1788   000004                     RCSTA_CREN_POSN equ	4
  1789   000004                     RCSTA_CREN_POSITION equ	4
  1790   000001                     RCSTA_CREN_SIZE equ	1
  1791   000001                     RCSTA_CREN_LENGTH equ	1
  1792   000010                     RCSTA_CREN_MASK equ	16
  1793   000005                     RCSTA_SREN_POSN equ	5
  1794   000005                     RCSTA_SREN_POSITION equ	5
  1795   000001                     RCSTA_SREN_SIZE equ	1
  1796   000001                     RCSTA_SREN_LENGTH equ	1
  1797   000020                     RCSTA_SREN_MASK equ	32
  1798   000006                     RCSTA_RX9_POSN  equ	6
  1799   000006                     RCSTA_RX9_POSITION equ	6
  1800   000001                     RCSTA_RX9_SIZE  equ	1
  1801   000001                     RCSTA_RX9_LENGTH equ	1
  1802   000040                     RCSTA_RX9_MASK  equ	64
  1803   000007                     RCSTA_SPEN_POSN equ	7
  1804   000007                     RCSTA_SPEN_POSITION equ	7
  1805   000001                     RCSTA_SPEN_SIZE equ	1
  1806   000001                     RCSTA_SPEN_LENGTH equ	1
  1807   000080                     RCSTA_SPEN_MASK equ	128
  1808   000003                     RCSTA_ADEN_POSN equ	3
  1809   000003                     RCSTA_ADEN_POSITION equ	3
  1810   000001                     RCSTA_ADEN_SIZE equ	1
  1811   000001                     RCSTA_ADEN_LENGTH equ	1
  1812   000008                     RCSTA_ADEN_MASK equ	8
  1813   000005                     RCSTA_SRENA_POSN equ	5
  1814   000005                     RCSTA_SRENA_POSITION equ	5
  1815   000001                     RCSTA_SRENA_SIZE equ	1
  1816   000001                     RCSTA_SRENA_LENGTH equ	1
  1817   000020                     RCSTA_SRENA_MASK equ	32
  1818   000006                     RCSTA_RC8_9_POSN equ	6
  1819   000006                     RCSTA_RC8_9_POSITION equ	6
  1820   000001                     RCSTA_RC8_9_SIZE equ	1
  1821   000001                     RCSTA_RC8_9_LENGTH equ	1
  1822   000040                     RCSTA_RC8_9_MASK equ	64
  1823   000006                     RCSTA_RC9_POSN  equ	6
  1824   000006                     RCSTA_RC9_POSITION equ	6
  1825   000001                     RCSTA_RC9_SIZE  equ	1
  1826   000001                     RCSTA_RC9_LENGTH equ	1
  1827   000040                     RCSTA_RC9_MASK  equ	64
  1828   000000                     RCSTA_RCD8_POSN equ	0
  1829   000000                     RCSTA_RCD8_POSITION equ	0
  1830   000001                     RCSTA_RCD8_SIZE equ	1
  1831   000001                     RCSTA_RCD8_LENGTH equ	1
  1832   000001                     RCSTA_RCD8_MASK equ	1
  1833   000FAC                     TXSTA           equ	4012
  1834   000000                     TXSTA_TX9D_POSN equ	0
  1835   000000                     TXSTA_TX9D_POSITION equ	0
  1836   000001                     TXSTA_TX9D_SIZE equ	1
  1837   000001                     TXSTA_TX9D_LENGTH equ	1
  1838   000001                     TXSTA_TX9D_MASK equ	1
  1839   000001                     TXSTA_TRMT_POSN equ	1
  1840   000001                     TXSTA_TRMT_POSITION equ	1
  1841   000001                     TXSTA_TRMT_SIZE equ	1
  1842   000001                     TXSTA_TRMT_LENGTH equ	1
  1843   000002                     TXSTA_TRMT_MASK equ	2
  1844   000002                     TXSTA_BRGH_POSN equ	2
  1845   000002                     TXSTA_BRGH_POSITION equ	2
  1846   000001                     TXSTA_BRGH_SIZE equ	1
  1847   000001                     TXSTA_BRGH_LENGTH equ	1
  1848   000004                     TXSTA_BRGH_MASK equ	4
  1849   000003                     TXSTA_SENDB_POSN equ	3
  1850   000003                     TXSTA_SENDB_POSITION equ	3
  1851   000001                     TXSTA_SENDB_SIZE equ	1
  1852   000001                     TXSTA_SENDB_LENGTH equ	1
  1853   000008                     TXSTA_SENDB_MASK equ	8
  1854   000004                     TXSTA_SYNC_POSN equ	4
  1855   000004                     TXSTA_SYNC_POSITION equ	4
  1856   000001                     TXSTA_SYNC_SIZE equ	1
  1857   000001                     TXSTA_SYNC_LENGTH equ	1
  1858   000010                     TXSTA_SYNC_MASK equ	16
  1859   000005                     TXSTA_TXEN_POSN equ	5
  1860   000005                     TXSTA_TXEN_POSITION equ	5
  1861   000001                     TXSTA_TXEN_SIZE equ	1
  1862   000001                     TXSTA_TXEN_LENGTH equ	1
  1863   000020                     TXSTA_TXEN_MASK equ	32
  1864   000006                     TXSTA_TX9_POSN  equ	6
  1865   000006                     TXSTA_TX9_POSITION equ	6
  1866   000001                     TXSTA_TX9_SIZE  equ	1
  1867   000001                     TXSTA_TX9_LENGTH equ	1
  1868   000040                     TXSTA_TX9_MASK  equ	64
  1869   000007                     TXSTA_CSRC_POSN equ	7
  1870   000007                     TXSTA_CSRC_POSITION equ	7
  1871   000001                     TXSTA_CSRC_SIZE equ	1
  1872   000001                     TXSTA_CSRC_LENGTH equ	1
  1873   000080                     TXSTA_CSRC_MASK equ	128
  1874   000000                     TXSTA_TX9D1_POSN equ	0
  1875   000000                     TXSTA_TX9D1_POSITION equ	0
  1876   000001                     TXSTA_TX9D1_SIZE equ	1
  1877   000001                     TXSTA_TX9D1_LENGTH equ	1
  1878   000001                     TXSTA_TX9D1_MASK equ	1
  1879   000001                     TXSTA_TRMT1_POSN equ	1
  1880   000001                     TXSTA_TRMT1_POSITION equ	1
  1881   000001                     TXSTA_TRMT1_SIZE equ	1
  1882   000001                     TXSTA_TRMT1_LENGTH equ	1
  1883   000002                     TXSTA_TRMT1_MASK equ	2
  1884   000002                     TXSTA_BRGH1_POSN equ	2
  1885   000002                     TXSTA_BRGH1_POSITION equ	2
  1886   000001                     TXSTA_BRGH1_SIZE equ	1
  1887   000001                     TXSTA_BRGH1_LENGTH equ	1
  1888   000004                     TXSTA_BRGH1_MASK equ	4
  1889   000003                     TXSTA_SENDB1_POSN equ	3
  1890   000003                     TXSTA_SENDB1_POSITION equ	3
  1891   000001                     TXSTA_SENDB1_SIZE equ	1
  1892   000001                     TXSTA_SENDB1_LENGTH equ	1
  1893   000008                     TXSTA_SENDB1_MASK equ	8
  1894   000004                     TXSTA_SYNC1_POSN equ	4
  1895   000004                     TXSTA_SYNC1_POSITION equ	4
  1896   000001                     TXSTA_SYNC1_SIZE equ	1
  1897   000001                     TXSTA_SYNC1_LENGTH equ	1
  1898   000010                     TXSTA_SYNC1_MASK equ	16
  1899   000005                     TXSTA_TXEN1_POSN equ	5
  1900   000005                     TXSTA_TXEN1_POSITION equ	5
  1901   000001                     TXSTA_TXEN1_SIZE equ	1
  1902   000001                     TXSTA_TXEN1_LENGTH equ	1
  1903   000020                     TXSTA_TXEN1_MASK equ	32
  1904   000006                     TXSTA_TX91_POSN equ	6
  1905   000006                     TXSTA_TX91_POSITION equ	6
  1906   000001                     TXSTA_TX91_SIZE equ	1
  1907   000001                     TXSTA_TX91_LENGTH equ	1
  1908   000040                     TXSTA_TX91_MASK equ	64
  1909   000007                     TXSTA_CSRC1_POSN equ	7
  1910   000007                     TXSTA_CSRC1_POSITION equ	7
  1911   000001                     TXSTA_CSRC1_SIZE equ	1
  1912   000001                     TXSTA_CSRC1_LENGTH equ	1
  1913   000080                     TXSTA_CSRC1_MASK equ	128
  1914   000006                     TXSTA_TX8_9_POSN equ	6
  1915   000006                     TXSTA_TX8_9_POSITION equ	6
  1916   000001                     TXSTA_TX8_9_SIZE equ	1
  1917   000001                     TXSTA_TX8_9_LENGTH equ	1
  1918   000040                     TXSTA_TX8_9_MASK equ	64
  1919   000000                     TXSTA_TXD8_POSN equ	0
  1920   000000                     TXSTA_TXD8_POSITION equ	0
  1921   000001                     TXSTA_TXD8_SIZE equ	1
  1922   000001                     TXSTA_TXD8_LENGTH equ	1
  1923   000001                     TXSTA_TXD8_MASK equ	1
  1924   000FAD                     TXREG           equ	4013
  1925   000FAE                     RCREG           equ	4014
  1926   000FAF                     SPBRG           equ	4015
  1927   000FB0                     SPBRGH          equ	4016
  1928   000FB1                     T3CON           equ	4017
  1929   000002                     T3CON_NOT_T3SYNC_POSN equ	2
  1930   000002                     T3CON_NOT_T3SYNC_POSITION equ	2
  1931   000001                     T3CON_NOT_T3SYNC_SIZE equ	1
  1932   000001                     T3CON_NOT_T3SYNC_LENGTH equ	1
  1933   000004                     T3CON_NOT_T3SYNC_MASK equ	4
  1934   000000                     T3CON_TMR3ON_POSN equ	0
  1935   000000                     T3CON_TMR3ON_POSITION equ	0
  1936   000001                     T3CON_TMR3ON_SIZE equ	1
  1937   000001                     T3CON_TMR3ON_LENGTH equ	1
  1938   000001                     T3CON_TMR3ON_MASK equ	1
  1939   000001                     T3CON_TMR3CS_POSN equ	1
  1940   000001                     T3CON_TMR3CS_POSITION equ	1
  1941   000001                     T3CON_TMR3CS_SIZE equ	1
  1942   000001                     T3CON_TMR3CS_LENGTH equ	1
  1943   000002                     T3CON_TMR3CS_MASK equ	2
  1944   000002                     T3CON_nT3SYNC_POSN equ	2
  1945   000002                     T3CON_nT3SYNC_POSITION equ	2
  1946   000001                     T3CON_nT3SYNC_SIZE equ	1
  1947   000001                     T3CON_nT3SYNC_LENGTH equ	1
  1948   000004                     T3CON_nT3SYNC_MASK equ	4
  1949   000003                     T3CON_T3CCP1_POSN equ	3
  1950   000003                     T3CON_T3CCP1_POSITION equ	3
  1951   000001                     T3CON_T3CCP1_SIZE equ	1
  1952   000001                     T3CON_T3CCP1_LENGTH equ	1
  1953   000008                     T3CON_T3CCP1_MASK equ	8
  1954   000004                     T3CON_T3CKPS_POSN equ	4
  1955   000004                     T3CON_T3CKPS_POSITION equ	4
  1956   000002                     T3CON_T3CKPS_SIZE equ	2
  1957   000002                     T3CON_T3CKPS_LENGTH equ	2
  1958   000030                     T3CON_T3CKPS_MASK equ	48
  1959   000006                     T3CON_T3CCP2_POSN equ	6
  1960   000006                     T3CON_T3CCP2_POSITION equ	6
  1961   000001                     T3CON_T3CCP2_SIZE equ	1
  1962   000001                     T3CON_T3CCP2_LENGTH equ	1
  1963   000040                     T3CON_T3CCP2_MASK equ	64
  1964   000007                     T3CON_RD16_POSN equ	7
  1965   000007                     T3CON_RD16_POSITION equ	7
  1966   000001                     T3CON_RD16_SIZE equ	1
  1967   000001                     T3CON_RD16_LENGTH equ	1
  1968   000080                     T3CON_RD16_MASK equ	128
  1969   000002                     T3CON_T3SYNC_POSN equ	2
  1970   000002                     T3CON_T3SYNC_POSITION equ	2
  1971   000001                     T3CON_T3SYNC_SIZE equ	1
  1972   000001                     T3CON_T3SYNC_LENGTH equ	1
  1973   000004                     T3CON_T3SYNC_MASK equ	4
  1974   000004                     T3CON_T3CKPS0_POSN equ	4
  1975   000004                     T3CON_T3CKPS0_POSITION equ	4
  1976   000001                     T3CON_T3CKPS0_SIZE equ	1
  1977   000001                     T3CON_T3CKPS0_LENGTH equ	1
  1978   000010                     T3CON_T3CKPS0_MASK equ	16
  1979   000005                     T3CON_T3CKPS1_POSN equ	5
  1980   000005                     T3CON_T3CKPS1_POSITION equ	5
  1981   000001                     T3CON_T3CKPS1_SIZE equ	1
  1982   000001                     T3CON_T3CKPS1_LENGTH equ	1
  1983   000020                     T3CON_T3CKPS1_MASK equ	32
  1984   000003                     T3CON_SOSCEN3_POSN equ	3
  1985   000003                     T3CON_SOSCEN3_POSITION equ	3
  1986   000001                     T3CON_SOSCEN3_SIZE equ	1
  1987   000001                     T3CON_SOSCEN3_LENGTH equ	1
  1988   000008                     T3CON_SOSCEN3_MASK equ	8
  1989   000007                     T3CON_RD163_POSN equ	7
  1990   000007                     T3CON_RD163_POSITION equ	7
  1991   000001                     T3CON_RD163_SIZE equ	1
  1992   000001                     T3CON_RD163_LENGTH equ	1
  1993   000080                     T3CON_RD163_MASK equ	128
  1994   000007                     T3CON_T3RD16_POSN equ	7
  1995   000007                     T3CON_T3RD16_POSITION equ	7
  1996   000001                     T3CON_T3RD16_SIZE equ	1
  1997   000001                     T3CON_T3RD16_LENGTH equ	1
  1998   000080                     T3CON_T3RD16_MASK equ	128
  1999   000FB2                     TMR3            equ	4018
  2000   000FB2                     TMR3L           equ	4018
  2001   000FB3                     TMR3H           equ	4019
  2002   000FB4                     CMCON           equ	4020
  2003   000000                     CMCON_CM_POSN   equ	0
  2004   000000                     CMCON_CM_POSITION equ	0
  2005   000003                     CMCON_CM_SIZE   equ	3
  2006   000003                     CMCON_CM_LENGTH equ	3
  2007   000007                     CMCON_CM_MASK   equ	7
  2008   000003                     CMCON_CIS_POSN  equ	3
  2009   000003                     CMCON_CIS_POSITION equ	3
  2010   000001                     CMCON_CIS_SIZE  equ	1
  2011   000001                     CMCON_CIS_LENGTH equ	1
  2012   000008                     CMCON_CIS_MASK  equ	8
  2013   000004                     CMCON_C1INV_POSN equ	4
  2014   000004                     CMCON_C1INV_POSITION equ	4
  2015   000001                     CMCON_C1INV_SIZE equ	1
  2016   000001                     CMCON_C1INV_LENGTH equ	1
  2017   000010                     CMCON_C1INV_MASK equ	16
  2018   000005                     CMCON_C2INV_POSN equ	5
  2019   000005                     CMCON_C2INV_POSITION equ	5
  2020   000001                     CMCON_C2INV_SIZE equ	1
  2021   000001                     CMCON_C2INV_LENGTH equ	1
  2022   000020                     CMCON_C2INV_MASK equ	32
  2023   000006                     CMCON_C1OUT_POSN equ	6
  2024   000006                     CMCON_C1OUT_POSITION equ	6
  2025   000001                     CMCON_C1OUT_SIZE equ	1
  2026   000001                     CMCON_C1OUT_LENGTH equ	1
  2027   000040                     CMCON_C1OUT_MASK equ	64
  2028   000007                     CMCON_C2OUT_POSN equ	7
  2029   000007                     CMCON_C2OUT_POSITION equ	7
  2030   000001                     CMCON_C2OUT_SIZE equ	1
  2031   000001                     CMCON_C2OUT_LENGTH equ	1
  2032   000080                     CMCON_C2OUT_MASK equ	128
  2033   000000                     CMCON_CM0_POSN  equ	0
  2034   000000                     CMCON_CM0_POSITION equ	0
  2035   000001                     CMCON_CM0_SIZE  equ	1
  2036   000001                     CMCON_CM0_LENGTH equ	1
  2037   000001                     CMCON_CM0_MASK  equ	1
  2038   000001                     CMCON_CM1_POSN  equ	1
  2039   000001                     CMCON_CM1_POSITION equ	1
  2040   000001                     CMCON_CM1_SIZE  equ	1
  2041   000001                     CMCON_CM1_LENGTH equ	1
  2042   000002                     CMCON_CM1_MASK  equ	2
  2043   000002                     CMCON_CM2_POSN  equ	2
  2044   000002                     CMCON_CM2_POSITION equ	2
  2045   000001                     CMCON_CM2_SIZE  equ	1
  2046   000001                     CMCON_CM2_LENGTH equ	1
  2047   000004                     CMCON_CM2_MASK  equ	4
  2048   000000                     CMCON_CMEN0_POSN equ	0
  2049   000000                     CMCON_CMEN0_POSITION equ	0
  2050   000001                     CMCON_CMEN0_SIZE equ	1
  2051   000001                     CMCON_CMEN0_LENGTH equ	1
  2052   000001                     CMCON_CMEN0_MASK equ	1
  2053   000001                     CMCON_CMEN1_POSN equ	1
  2054   000001                     CMCON_CMEN1_POSITION equ	1
  2055   000001                     CMCON_CMEN1_SIZE equ	1
  2056   000001                     CMCON_CMEN1_LENGTH equ	1
  2057   000002                     CMCON_CMEN1_MASK equ	2
  2058   000002                     CMCON_CMEN2_POSN equ	2
  2059   000002                     CMCON_CMEN2_POSITION equ	2
  2060   000001                     CMCON_CMEN2_SIZE equ	1
  2061   000001                     CMCON_CMEN2_LENGTH equ	1
  2062   000004                     CMCON_CMEN2_MASK equ	4
  2063   000FB5                     CVRCON          equ	4021
  2064   000000                     CVRCON_CVR_POSN equ	0
  2065   000000                     CVRCON_CVR_POSITION equ	0
  2066   000004                     CVRCON_CVR_SIZE equ	4
  2067   000004                     CVRCON_CVR_LENGTH equ	4
  2068   00000F                     CVRCON_CVR_MASK equ	15
  2069   000004                     CVRCON_CVRSS_POSN equ	4
  2070   000004                     CVRCON_CVRSS_POSITION equ	4
  2071   000001                     CVRCON_CVRSS_SIZE equ	1
  2072   000001                     CVRCON_CVRSS_LENGTH equ	1
  2073   000010                     CVRCON_CVRSS_MASK equ	16
  2074   000005                     CVRCON_CVRR_POSN equ	5
  2075   000005                     CVRCON_CVRR_POSITION equ	5
  2076   000001                     CVRCON_CVRR_SIZE equ	1
  2077   000001                     CVRCON_CVRR_LENGTH equ	1
  2078   000020                     CVRCON_CVRR_MASK equ	32
  2079   000006                     CVRCON_CVROE_POSN equ	6
  2080   000006                     CVRCON_CVROE_POSITION equ	6
  2081   000001                     CVRCON_CVROE_SIZE equ	1
  2082   000001                     CVRCON_CVROE_LENGTH equ	1
  2083   000040                     CVRCON_CVROE_MASK equ	64
  2084   000007                     CVRCON_CVREN_POSN equ	7
  2085   000007                     CVRCON_CVREN_POSITION equ	7
  2086   000001                     CVRCON_CVREN_SIZE equ	1
  2087   000001                     CVRCON_CVREN_LENGTH equ	1
  2088   000080                     CVRCON_CVREN_MASK equ	128
  2089   000000                     CVRCON_CVR0_POSN equ	0
  2090   000000                     CVRCON_CVR0_POSITION equ	0
  2091   000001                     CVRCON_CVR0_SIZE equ	1
  2092   000001                     CVRCON_CVR0_LENGTH equ	1
  2093   000001                     CVRCON_CVR0_MASK equ	1
  2094   000001                     CVRCON_CVR1_POSN equ	1
  2095   000001                     CVRCON_CVR1_POSITION equ	1
  2096   000001                     CVRCON_CVR1_SIZE equ	1
  2097   000001                     CVRCON_CVR1_LENGTH equ	1
  2098   000002                     CVRCON_CVR1_MASK equ	2
  2099   000002                     CVRCON_CVR2_POSN equ	2
  2100   000002                     CVRCON_CVR2_POSITION equ	2
  2101   000001                     CVRCON_CVR2_SIZE equ	1
  2102   000001                     CVRCON_CVR2_LENGTH equ	1
  2103   000004                     CVRCON_CVR2_MASK equ	4
  2104   000003                     CVRCON_CVR3_POSN equ	3
  2105   000003                     CVRCON_CVR3_POSITION equ	3
  2106   000001                     CVRCON_CVR3_SIZE equ	1
  2107   000001                     CVRCON_CVR3_LENGTH equ	1
  2108   000008                     CVRCON_CVR3_MASK equ	8
  2109   000006                     CVRCON_CVROEN_POSN equ	6
  2110   000006                     CVRCON_CVROEN_POSITION equ	6
  2111   000001                     CVRCON_CVROEN_SIZE equ	1
  2112   000001                     CVRCON_CVROEN_LENGTH equ	1
  2113   000040                     CVRCON_CVROEN_MASK equ	64
  2114   000FB6                     ECCP1AS         equ	4022
  2115   000000                     ECCP1AS_PSSBD_POSN equ	0
  2116   000000                     ECCP1AS_PSSBD_POSITION equ	0
  2117   000002                     ECCP1AS_PSSBD_SIZE equ	2
  2118   000002                     ECCP1AS_PSSBD_LENGTH equ	2
  2119   000003                     ECCP1AS_PSSBD_MASK equ	3
  2120   000002                     ECCP1AS_PSSAC_POSN equ	2
  2121   000002                     ECCP1AS_PSSAC_POSITION equ	2
  2122   000002                     ECCP1AS_PSSAC_SIZE equ	2
  2123   000002                     ECCP1AS_PSSAC_LENGTH equ	2
  2124   00000C                     ECCP1AS_PSSAC_MASK equ	12
  2125   000004                     ECCP1AS_ECCPAS_POSN equ	4
  2126   000004                     ECCP1AS_ECCPAS_POSITION equ	4
  2127   000003                     ECCP1AS_ECCPAS_SIZE equ	3
  2128   000003                     ECCP1AS_ECCPAS_LENGTH equ	3
  2129   000070                     ECCP1AS_ECCPAS_MASK equ	112
  2130   000007                     ECCP1AS_ECCPASE_POSN equ	7
  2131   000007                     ECCP1AS_ECCPASE_POSITION equ	7
  2132   000001                     ECCP1AS_ECCPASE_SIZE equ	1
  2133   000001                     ECCP1AS_ECCPASE_LENGTH equ	1
  2134   000080                     ECCP1AS_ECCPASE_MASK equ	128
  2135   000000                     ECCP1AS_PSSBD0_POSN equ	0
  2136   000000                     ECCP1AS_PSSBD0_POSITION equ	0
  2137   000001                     ECCP1AS_PSSBD0_SIZE equ	1
  2138   000001                     ECCP1AS_PSSBD0_LENGTH equ	1
  2139   000001                     ECCP1AS_PSSBD0_MASK equ	1
  2140   000001                     ECCP1AS_PSSBD1_POSN equ	1
  2141   000001                     ECCP1AS_PSSBD1_POSITION equ	1
  2142   000001                     ECCP1AS_PSSBD1_SIZE equ	1
  2143   000001                     ECCP1AS_PSSBD1_LENGTH equ	1
  2144   000002                     ECCP1AS_PSSBD1_MASK equ	2
  2145   000002                     ECCP1AS_PSSAC0_POSN equ	2
  2146   000002                     ECCP1AS_PSSAC0_POSITION equ	2
  2147   000001                     ECCP1AS_PSSAC0_SIZE equ	1
  2148   000001                     ECCP1AS_PSSAC0_LENGTH equ	1
  2149   000004                     ECCP1AS_PSSAC0_MASK equ	4
  2150   000003                     ECCP1AS_PSSAC1_POSN equ	3
  2151   000003                     ECCP1AS_PSSAC1_POSITION equ	3
  2152   000001                     ECCP1AS_PSSAC1_SIZE equ	1
  2153   000001                     ECCP1AS_PSSAC1_LENGTH equ	1
  2154   000008                     ECCP1AS_PSSAC1_MASK equ	8
  2155   000004                     ECCP1AS_ECCPAS0_POSN equ	4
  2156   000004                     ECCP1AS_ECCPAS0_POSITION equ	4
  2157   000001                     ECCP1AS_ECCPAS0_SIZE equ	1
  2158   000001                     ECCP1AS_ECCPAS0_LENGTH equ	1
  2159   000010                     ECCP1AS_ECCPAS0_MASK equ	16
  2160   000005                     ECCP1AS_ECCPAS1_POSN equ	5
  2161   000005                     ECCP1AS_ECCPAS1_POSITION equ	5
  2162   000001                     ECCP1AS_ECCPAS1_SIZE equ	1
  2163   000001                     ECCP1AS_ECCPAS1_LENGTH equ	1
  2164   000020                     ECCP1AS_ECCPAS1_MASK equ	32
  2165   000006                     ECCP1AS_ECCPAS2_POSN equ	6
  2166   000006                     ECCP1AS_ECCPAS2_POSITION equ	6
  2167   000001                     ECCP1AS_ECCPAS2_SIZE equ	1
  2168   000001                     ECCP1AS_ECCPAS2_LENGTH equ	1
  2169   000040                     ECCP1AS_ECCPAS2_MASK equ	64
  2170   000FB7                     PWM1CON         equ	4023
  2171   000000                     PWM1CON_PDC_POSN equ	0
  2172   000000                     PWM1CON_PDC_POSITION equ	0
  2173   000007                     PWM1CON_PDC_SIZE equ	7
  2174   000007                     PWM1CON_PDC_LENGTH equ	7
  2175   00007F                     PWM1CON_PDC_MASK equ	127
  2176   000007                     PWM1CON_PRSEN_POSN equ	7
  2177   000007                     PWM1CON_PRSEN_POSITION equ	7
  2178   000001                     PWM1CON_PRSEN_SIZE equ	1
  2179   000001                     PWM1CON_PRSEN_LENGTH equ	1
  2180   000080                     PWM1CON_PRSEN_MASK equ	128
  2181   000000                     PWM1CON_PDC0_POSN equ	0
  2182   000000                     PWM1CON_PDC0_POSITION equ	0
  2183   000001                     PWM1CON_PDC0_SIZE equ	1
  2184   000001                     PWM1CON_PDC0_LENGTH equ	1
  2185   000001                     PWM1CON_PDC0_MASK equ	1
  2186   000001                     PWM1CON_PDC1_POSN equ	1
  2187   000001                     PWM1CON_PDC1_POSITION equ	1
  2188   000001                     PWM1CON_PDC1_SIZE equ	1
  2189   000001                     PWM1CON_PDC1_LENGTH equ	1
  2190   000002                     PWM1CON_PDC1_MASK equ	2
  2191   000002                     PWM1CON_PDC2_POSN equ	2
  2192   000002                     PWM1CON_PDC2_POSITION equ	2
  2193   000001                     PWM1CON_PDC2_SIZE equ	1
  2194   000001                     PWM1CON_PDC2_LENGTH equ	1
  2195   000004                     PWM1CON_PDC2_MASK equ	4
  2196   000003                     PWM1CON_PDC3_POSN equ	3
  2197   000003                     PWM1CON_PDC3_POSITION equ	3
  2198   000001                     PWM1CON_PDC3_SIZE equ	1
  2199   000001                     PWM1CON_PDC3_LENGTH equ	1
  2200   000008                     PWM1CON_PDC3_MASK equ	8
  2201   000004                     PWM1CON_PDC4_POSN equ	4
  2202   000004                     PWM1CON_PDC4_POSITION equ	4
  2203   000001                     PWM1CON_PDC4_SIZE equ	1
  2204   000001                     PWM1CON_PDC4_LENGTH equ	1
  2205   000010                     PWM1CON_PDC4_MASK equ	16
  2206   000005                     PWM1CON_PDC5_POSN equ	5
  2207   000005                     PWM1CON_PDC5_POSITION equ	5
  2208   000001                     PWM1CON_PDC5_SIZE equ	1
  2209   000001                     PWM1CON_PDC5_LENGTH equ	1
  2210   000020                     PWM1CON_PDC5_MASK equ	32
  2211   000006                     PWM1CON_PDC6_POSN equ	6
  2212   000006                     PWM1CON_PDC6_POSITION equ	6
  2213   000001                     PWM1CON_PDC6_SIZE equ	1
  2214   000001                     PWM1CON_PDC6_LENGTH equ	1
  2215   000040                     PWM1CON_PDC6_MASK equ	64
  2216   000FB8                     BAUDCON         equ	4024
  2217   000000                     BAUDCON_ABDEN_POSN equ	0
  2218   000000                     BAUDCON_ABDEN_POSITION equ	0
  2219   000001                     BAUDCON_ABDEN_SIZE equ	1
  2220   000001                     BAUDCON_ABDEN_LENGTH equ	1
  2221   000001                     BAUDCON_ABDEN_MASK equ	1
  2222   000001                     BAUDCON_WUE_POSN equ	1
  2223   000001                     BAUDCON_WUE_POSITION equ	1
  2224   000001                     BAUDCON_WUE_SIZE equ	1
  2225   000001                     BAUDCON_WUE_LENGTH equ	1
  2226   000002                     BAUDCON_WUE_MASK equ	2
  2227   000003                     BAUDCON_BRG16_POSN equ	3
  2228   000003                     BAUDCON_BRG16_POSITION equ	3
  2229   000001                     BAUDCON_BRG16_SIZE equ	1
  2230   000001                     BAUDCON_BRG16_LENGTH equ	1
  2231   000008                     BAUDCON_BRG16_MASK equ	8
  2232   000004                     BAUDCON_TXCKP_POSN equ	4
  2233   000004                     BAUDCON_TXCKP_POSITION equ	4
  2234   000001                     BAUDCON_TXCKP_SIZE equ	1
  2235   000001                     BAUDCON_TXCKP_LENGTH equ	1
  2236   000010                     BAUDCON_TXCKP_MASK equ	16
  2237   000005                     BAUDCON_RXDTP_POSN equ	5
  2238   000005                     BAUDCON_RXDTP_POSITION equ	5
  2239   000001                     BAUDCON_RXDTP_SIZE equ	1
  2240   000001                     BAUDCON_RXDTP_LENGTH equ	1
  2241   000020                     BAUDCON_RXDTP_MASK equ	32
  2242   000006                     BAUDCON_RCIDL_POSN equ	6
  2243   000006                     BAUDCON_RCIDL_POSITION equ	6
  2244   000001                     BAUDCON_RCIDL_SIZE equ	1
  2245   000001                     BAUDCON_RCIDL_LENGTH equ	1
  2246   000040                     BAUDCON_RCIDL_MASK equ	64
  2247   000007                     BAUDCON_ABDOVF_POSN equ	7
  2248   000007                     BAUDCON_ABDOVF_POSITION equ	7
  2249   000001                     BAUDCON_ABDOVF_SIZE equ	1
  2250   000001                     BAUDCON_ABDOVF_LENGTH equ	1
  2251   000080                     BAUDCON_ABDOVF_MASK equ	128
  2252   000004                     BAUDCON_SCKP_POSN equ	4
  2253   000004                     BAUDCON_SCKP_POSITION equ	4
  2254   000001                     BAUDCON_SCKP_SIZE equ	1
  2255   000001                     BAUDCON_SCKP_LENGTH equ	1
  2256   000010                     BAUDCON_SCKP_MASK equ	16
  2257   000006                     BAUDCON_RCMT_POSN equ	6
  2258   000006                     BAUDCON_RCMT_POSITION equ	6
  2259   000001                     BAUDCON_RCMT_SIZE equ	1
  2260   000001                     BAUDCON_RCMT_LENGTH equ	1
  2261   000040                     BAUDCON_RCMT_MASK equ	64
  2262   000005                     BAUDCON_RXCKP_POSN equ	5
  2263   000005                     BAUDCON_RXCKP_POSITION equ	5
  2264   000001                     BAUDCON_RXCKP_SIZE equ	1
  2265   000001                     BAUDCON_RXCKP_LENGTH equ	1
  2266   000020                     BAUDCON_RXCKP_MASK equ	32
  2267   000001                     BAUDCON_W4E_POSN equ	1
  2268   000001                     BAUDCON_W4E_POSITION equ	1
  2269   000001                     BAUDCON_W4E_SIZE equ	1
  2270   000001                     BAUDCON_W4E_LENGTH equ	1
  2271   000002                     BAUDCON_W4E_MASK equ	2
  2272   000FBA                     CCP2CON         equ	4026
  2273   000000                     CCP2CON_CCP2M_POSN equ	0
  2274   000000                     CCP2CON_CCP2M_POSITION equ	0
  2275   000004                     CCP2CON_CCP2M_SIZE equ	4
  2276   000004                     CCP2CON_CCP2M_LENGTH equ	4
  2277   00000F                     CCP2CON_CCP2M_MASK equ	15
  2278   000004                     CCP2CON_DC2B_POSN equ	4
  2279   000004                     CCP2CON_DC2B_POSITION equ	4
  2280   000002                     CCP2CON_DC2B_SIZE equ	2
  2281   000002                     CCP2CON_DC2B_LENGTH equ	2
  2282   000030                     CCP2CON_DC2B_MASK equ	48
  2283   000000                     CCP2CON_CCP2M0_POSN equ	0
  2284   000000                     CCP2CON_CCP2M0_POSITION equ	0
  2285   000001                     CCP2CON_CCP2M0_SIZE equ	1
  2286   000001                     CCP2CON_CCP2M0_LENGTH equ	1
  2287   000001                     CCP2CON_CCP2M0_MASK equ	1
  2288   000001                     CCP2CON_CCP2M1_POSN equ	1
  2289   000001                     CCP2CON_CCP2M1_POSITION equ	1
  2290   000001                     CCP2CON_CCP2M1_SIZE equ	1
  2291   000001                     CCP2CON_CCP2M1_LENGTH equ	1
  2292   000002                     CCP2CON_CCP2M1_MASK equ	2
  2293   000002                     CCP2CON_CCP2M2_POSN equ	2
  2294   000002                     CCP2CON_CCP2M2_POSITION equ	2
  2295   000001                     CCP2CON_CCP2M2_SIZE equ	1
  2296   000001                     CCP2CON_CCP2M2_LENGTH equ	1
  2297   000004                     CCP2CON_CCP2M2_MASK equ	4
  2298   000003                     CCP2CON_CCP2M3_POSN equ	3
  2299   000003                     CCP2CON_CCP2M3_POSITION equ	3
  2300   000001                     CCP2CON_CCP2M3_SIZE equ	1
  2301   000001                     CCP2CON_CCP2M3_LENGTH equ	1
  2302   000008                     CCP2CON_CCP2M3_MASK equ	8
  2303   000004                     CCP2CON_CCP2Y_POSN equ	4
  2304   000004                     CCP2CON_CCP2Y_POSITION equ	4
  2305   000001                     CCP2CON_CCP2Y_SIZE equ	1
  2306   000001                     CCP2CON_CCP2Y_LENGTH equ	1
  2307   000010                     CCP2CON_CCP2Y_MASK equ	16
  2308   000005                     CCP2CON_CCP2X_POSN equ	5
  2309   000005                     CCP2CON_CCP2X_POSITION equ	5
  2310   000001                     CCP2CON_CCP2X_SIZE equ	1
  2311   000001                     CCP2CON_CCP2X_LENGTH equ	1
  2312   000020                     CCP2CON_CCP2X_MASK equ	32
  2313   000004                     CCP2CON_DC2B0_POSN equ	4
  2314   000004                     CCP2CON_DC2B0_POSITION equ	4
  2315   000001                     CCP2CON_DC2B0_SIZE equ	1
  2316   000001                     CCP2CON_DC2B0_LENGTH equ	1
  2317   000010                     CCP2CON_DC2B0_MASK equ	16
  2318   000005                     CCP2CON_DC2B1_POSN equ	5
  2319   000005                     CCP2CON_DC2B1_POSITION equ	5
  2320   000001                     CCP2CON_DC2B1_SIZE equ	1
  2321   000001                     CCP2CON_DC2B1_LENGTH equ	1
  2322   000020                     CCP2CON_DC2B1_MASK equ	32
  2323   000FBB                     CCPR2           equ	4027
  2324   000FBB                     CCPR2L          equ	4027
  2325   000FBC                     CCPR2H          equ	4028
  2326   000FBD                     CCP1CON         equ	4029
  2327   000000                     CCP1CON_CCP1M_POSN equ	0
  2328   000000                     CCP1CON_CCP1M_POSITION equ	0
  2329   000004                     CCP1CON_CCP1M_SIZE equ	4
  2330   000004                     CCP1CON_CCP1M_LENGTH equ	4
  2331   00000F                     CCP1CON_CCP1M_MASK equ	15
  2332   000004                     CCP1CON_DC1B_POSN equ	4
  2333   000004                     CCP1CON_DC1B_POSITION equ	4
  2334   000002                     CCP1CON_DC1B_SIZE equ	2
  2335   000002                     CCP1CON_DC1B_LENGTH equ	2
  2336   000030                     CCP1CON_DC1B_MASK equ	48
  2337   000006                     CCP1CON_P1M_POSN equ	6
  2338   000006                     CCP1CON_P1M_POSITION equ	6
  2339   000002                     CCP1CON_P1M_SIZE equ	2
  2340   000002                     CCP1CON_P1M_LENGTH equ	2
  2341   0000C0                     CCP1CON_P1M_MASK equ	192
  2342   000000                     CCP1CON_CCP1M0_POSN equ	0
  2343   000000                     CCP1CON_CCP1M0_POSITION equ	0
  2344   000001                     CCP1CON_CCP1M0_SIZE equ	1
  2345   000001                     CCP1CON_CCP1M0_LENGTH equ	1
  2346   000001                     CCP1CON_CCP1M0_MASK equ	1
  2347   000001                     CCP1CON_CCP1M1_POSN equ	1
  2348   000001                     CCP1CON_CCP1M1_POSITION equ	1
  2349   000001                     CCP1CON_CCP1M1_SIZE equ	1
  2350   000001                     CCP1CON_CCP1M1_LENGTH equ	1
  2351   000002                     CCP1CON_CCP1M1_MASK equ	2
  2352   000002                     CCP1CON_CCP1M2_POSN equ	2
  2353   000002                     CCP1CON_CCP1M2_POSITION equ	2
  2354   000001                     CCP1CON_CCP1M2_SIZE equ	1
  2355   000001                     CCP1CON_CCP1M2_LENGTH equ	1
  2356   000004                     CCP1CON_CCP1M2_MASK equ	4
  2357   000003                     CCP1CON_CCP1M3_POSN equ	3
  2358   000003                     CCP1CON_CCP1M3_POSITION equ	3
  2359   000001                     CCP1CON_CCP1M3_SIZE equ	1
  2360   000001                     CCP1CON_CCP1M3_LENGTH equ	1
  2361   000008                     CCP1CON_CCP1M3_MASK equ	8
  2362   000004                     CCP1CON_CCP1Y_POSN equ	4
  2363   000004                     CCP1CON_CCP1Y_POSITION equ	4
  2364   000001                     CCP1CON_CCP1Y_SIZE equ	1
  2365   000001                     CCP1CON_CCP1Y_LENGTH equ	1
  2366   000010                     CCP1CON_CCP1Y_MASK equ	16
  2367   000005                     CCP1CON_CCP1X_POSN equ	5
  2368   000005                     CCP1CON_CCP1X_POSITION equ	5
  2369   000001                     CCP1CON_CCP1X_SIZE equ	1
  2370   000001                     CCP1CON_CCP1X_LENGTH equ	1
  2371   000020                     CCP1CON_CCP1X_MASK equ	32
  2372   000006                     CCP1CON_P1M0_POSN equ	6
  2373   000006                     CCP1CON_P1M0_POSITION equ	6
  2374   000001                     CCP1CON_P1M0_SIZE equ	1
  2375   000001                     CCP1CON_P1M0_LENGTH equ	1
  2376   000040                     CCP1CON_P1M0_MASK equ	64
  2377   000007                     CCP1CON_P1M1_POSN equ	7
  2378   000007                     CCP1CON_P1M1_POSITION equ	7
  2379   000001                     CCP1CON_P1M1_SIZE equ	1
  2380   000001                     CCP1CON_P1M1_LENGTH equ	1
  2381   000080                     CCP1CON_P1M1_MASK equ	128
  2382   000004                     CCP1CON_DC1B0_POSN equ	4
  2383   000004                     CCP1CON_DC1B0_POSITION equ	4
  2384   000001                     CCP1CON_DC1B0_SIZE equ	1
  2385   000001                     CCP1CON_DC1B0_LENGTH equ	1
  2386   000010                     CCP1CON_DC1B0_MASK equ	16
  2387   000005                     CCP1CON_DC1B1_POSN equ	5
  2388   000005                     CCP1CON_DC1B1_POSITION equ	5
  2389   000001                     CCP1CON_DC1B1_SIZE equ	1
  2390   000001                     CCP1CON_DC1B1_LENGTH equ	1
  2391   000020                     CCP1CON_DC1B1_MASK equ	32
  2392   000FBE                     CCPR1           equ	4030
  2393   000FBE                     CCPR1L          equ	4030
  2394   000FBF                     CCPR1H          equ	4031
  2395   000FC0                     ADCON2          equ	4032
  2396   000000                     ADCON2_ADCS_POSN equ	0
  2397   000000                     ADCON2_ADCS_POSITION equ	0
  2398   000003                     ADCON2_ADCS_SIZE equ	3
  2399   000003                     ADCON2_ADCS_LENGTH equ	3
  2400   000007                     ADCON2_ADCS_MASK equ	7
  2401   000003                     ADCON2_ACQT_POSN equ	3
  2402   000003                     ADCON2_ACQT_POSITION equ	3
  2403   000003                     ADCON2_ACQT_SIZE equ	3
  2404   000003                     ADCON2_ACQT_LENGTH equ	3
  2405   000038                     ADCON2_ACQT_MASK equ	56
  2406   000007                     ADCON2_ADFM_POSN equ	7
  2407   000007                     ADCON2_ADFM_POSITION equ	7
  2408   000001                     ADCON2_ADFM_SIZE equ	1
  2409   000001                     ADCON2_ADFM_LENGTH equ	1
  2410   000080                     ADCON2_ADFM_MASK equ	128
  2411   000000                     ADCON2_ADCS0_POSN equ	0
  2412   000000                     ADCON2_ADCS0_POSITION equ	0
  2413   000001                     ADCON2_ADCS0_SIZE equ	1
  2414   000001                     ADCON2_ADCS0_LENGTH equ	1
  2415   000001                     ADCON2_ADCS0_MASK equ	1
  2416   000001                     ADCON2_ADCS1_POSN equ	1
  2417   000001                     ADCON2_ADCS1_POSITION equ	1
  2418   000001                     ADCON2_ADCS1_SIZE equ	1
  2419   000001                     ADCON2_ADCS1_LENGTH equ	1
  2420   000002                     ADCON2_ADCS1_MASK equ	2
  2421   000002                     ADCON2_ADCS2_POSN equ	2
  2422   000002                     ADCON2_ADCS2_POSITION equ	2
  2423   000001                     ADCON2_ADCS2_SIZE equ	1
  2424   000001                     ADCON2_ADCS2_LENGTH equ	1
  2425   000004                     ADCON2_ADCS2_MASK equ	4
  2426   000003                     ADCON2_ACQT0_POSN equ	3
  2427   000003                     ADCON2_ACQT0_POSITION equ	3
  2428   000001                     ADCON2_ACQT0_SIZE equ	1
  2429   000001                     ADCON2_ACQT0_LENGTH equ	1
  2430   000008                     ADCON2_ACQT0_MASK equ	8
  2431   000004                     ADCON2_ACQT1_POSN equ	4
  2432   000004                     ADCON2_ACQT1_POSITION equ	4
  2433   000001                     ADCON2_ACQT1_SIZE equ	1
  2434   000001                     ADCON2_ACQT1_LENGTH equ	1
  2435   000010                     ADCON2_ACQT1_MASK equ	16
  2436   000005                     ADCON2_ACQT2_POSN equ	5
  2437   000005                     ADCON2_ACQT2_POSITION equ	5
  2438   000001                     ADCON2_ACQT2_SIZE equ	1
  2439   000001                     ADCON2_ACQT2_LENGTH equ	1
  2440   000020                     ADCON2_ACQT2_MASK equ	32
  2441   000FC1                     ADCON1          equ	4033
  2442   000000                     ADCON1_PCFG_POSN equ	0
  2443   000000                     ADCON1_PCFG_POSITION equ	0
  2444   000004                     ADCON1_PCFG_SIZE equ	4
  2445   000004                     ADCON1_PCFG_LENGTH equ	4
  2446   00000F                     ADCON1_PCFG_MASK equ	15
  2447   000004                     ADCON1_VCFG_POSN equ	4
  2448   000004                     ADCON1_VCFG_POSITION equ	4
  2449   000002                     ADCON1_VCFG_SIZE equ	2
  2450   000002                     ADCON1_VCFG_LENGTH equ	2
  2451   000030                     ADCON1_VCFG_MASK equ	48
  2452   000000                     ADCON1_PCFG0_POSN equ	0
  2453   000000                     ADCON1_PCFG0_POSITION equ	0
  2454   000001                     ADCON1_PCFG0_SIZE equ	1
  2455   000001                     ADCON1_PCFG0_LENGTH equ	1
  2456   000001                     ADCON1_PCFG0_MASK equ	1
  2457   000001                     ADCON1_PCFG1_POSN equ	1
  2458   000001                     ADCON1_PCFG1_POSITION equ	1
  2459   000001                     ADCON1_PCFG1_SIZE equ	1
  2460   000001                     ADCON1_PCFG1_LENGTH equ	1
  2461   000002                     ADCON1_PCFG1_MASK equ	2
  2462   000002                     ADCON1_PCFG2_POSN equ	2
  2463   000002                     ADCON1_PCFG2_POSITION equ	2
  2464   000001                     ADCON1_PCFG2_SIZE equ	1
  2465   000001                     ADCON1_PCFG2_LENGTH equ	1
  2466   000004                     ADCON1_PCFG2_MASK equ	4
  2467   000003                     ADCON1_PCFG3_POSN equ	3
  2468   000003                     ADCON1_PCFG3_POSITION equ	3
  2469   000001                     ADCON1_PCFG3_SIZE equ	1
  2470   000001                     ADCON1_PCFG3_LENGTH equ	1
  2471   000008                     ADCON1_PCFG3_MASK equ	8
  2472   000004                     ADCON1_VCFG0_POSN equ	4
  2473   000004                     ADCON1_VCFG0_POSITION equ	4
  2474   000001                     ADCON1_VCFG0_SIZE equ	1
  2475   000001                     ADCON1_VCFG0_LENGTH equ	1
  2476   000010                     ADCON1_VCFG0_MASK equ	16
  2477   000005                     ADCON1_VCFG1_POSN equ	5
  2478   000005                     ADCON1_VCFG1_POSITION equ	5
  2479   000001                     ADCON1_VCFG1_SIZE equ	1
  2480   000001                     ADCON1_VCFG1_LENGTH equ	1
  2481   000020                     ADCON1_VCFG1_MASK equ	32
  2482   000003                     ADCON1_CHSN3_POSN equ	3
  2483   000003                     ADCON1_CHSN3_POSITION equ	3
  2484   000001                     ADCON1_CHSN3_SIZE equ	1
  2485   000001                     ADCON1_CHSN3_LENGTH equ	1
  2486   000008                     ADCON1_CHSN3_MASK equ	8
  2487   000004                     ADCON1_VCFG01_POSN equ	4
  2488   000004                     ADCON1_VCFG01_POSITION equ	4
  2489   000001                     ADCON1_VCFG01_SIZE equ	1
  2490   000001                     ADCON1_VCFG01_LENGTH equ	1
  2491   000010                     ADCON1_VCFG01_MASK equ	16
  2492   000005                     ADCON1_VCFG11_POSN equ	5
  2493   000005                     ADCON1_VCFG11_POSITION equ	5
  2494   000001                     ADCON1_VCFG11_SIZE equ	1
  2495   000001                     ADCON1_VCFG11_LENGTH equ	1
  2496   000020                     ADCON1_VCFG11_MASK equ	32
  2497   000FC2                     ADCON0          equ	4034
  2498   000001                     ADCON0_GO_NOT_DONE_POSN equ	1
  2499   000001                     ADCON0_GO_NOT_DONE_POSITION equ	1
  2500   000001                     ADCON0_GO_NOT_DONE_SIZE equ	1
  2501   000001                     ADCON0_GO_NOT_DONE_LENGTH equ	1
  2502   000002                     ADCON0_GO_NOT_DONE_MASK equ	2
  2503   000000                     ADCON0_ADON_POSN equ	0
  2504   000000                     ADCON0_ADON_POSITION equ	0
  2505   000001                     ADCON0_ADON_SIZE equ	1
  2506   000001                     ADCON0_ADON_LENGTH equ	1
  2507   000001                     ADCON0_ADON_MASK equ	1
  2508   000001                     ADCON0_GO_nDONE_POSN equ	1
  2509   000001                     ADCON0_GO_nDONE_POSITION equ	1
  2510   000001                     ADCON0_GO_nDONE_SIZE equ	1
  2511   000001                     ADCON0_GO_nDONE_LENGTH equ	1
  2512   000002                     ADCON0_GO_nDONE_MASK equ	2
  2513   000002                     ADCON0_CHS_POSN equ	2
  2514   000002                     ADCON0_CHS_POSITION equ	2
  2515   000004                     ADCON0_CHS_SIZE equ	4
  2516   000004                     ADCON0_CHS_LENGTH equ	4
  2517   00003C                     ADCON0_CHS_MASK equ	60
  2518   000001                     ADCON0_GO_POSN  equ	1
  2519   000001                     ADCON0_GO_POSITION equ	1
  2520   000001                     ADCON0_GO_SIZE  equ	1
  2521   000001                     ADCON0_GO_LENGTH equ	1
  2522   000002                     ADCON0_GO_MASK  equ	2
  2523   000002                     ADCON0_CHS0_POSN equ	2
  2524   000002                     ADCON0_CHS0_POSITION equ	2
  2525   000001                     ADCON0_CHS0_SIZE equ	1
  2526   000001                     ADCON0_CHS0_LENGTH equ	1
  2527   000004                     ADCON0_CHS0_MASK equ	4
  2528   000003                     ADCON0_CHS1_POSN equ	3
  2529   000003                     ADCON0_CHS1_POSITION equ	3
  2530   000001                     ADCON0_CHS1_SIZE equ	1
  2531   000001                     ADCON0_CHS1_LENGTH equ	1
  2532   000008                     ADCON0_CHS1_MASK equ	8
  2533   000004                     ADCON0_CHS2_POSN equ	4
  2534   000004                     ADCON0_CHS2_POSITION equ	4
  2535   000001                     ADCON0_CHS2_SIZE equ	1
  2536   000001                     ADCON0_CHS2_LENGTH equ	1
  2537   000010                     ADCON0_CHS2_MASK equ	16
  2538   000005                     ADCON0_CHS3_POSN equ	5
  2539   000005                     ADCON0_CHS3_POSITION equ	5
  2540   000001                     ADCON0_CHS3_SIZE equ	1
  2541   000001                     ADCON0_CHS3_LENGTH equ	1
  2542   000020                     ADCON0_CHS3_MASK equ	32
  2543   000001                     ADCON0_DONE_POSN equ	1
  2544   000001                     ADCON0_DONE_POSITION equ	1
  2545   000001                     ADCON0_DONE_SIZE equ	1
  2546   000001                     ADCON0_DONE_LENGTH equ	1
  2547   000002                     ADCON0_DONE_MASK equ	2
  2548   000001                     ADCON0_NOT_DONE_POSN equ	1
  2549   000001                     ADCON0_NOT_DONE_POSITION equ	1
  2550   000001                     ADCON0_NOT_DONE_SIZE equ	1
  2551   000001                     ADCON0_NOT_DONE_LENGTH equ	1
  2552   000002                     ADCON0_NOT_DONE_MASK equ	2
  2553   000001                     ADCON0_nDONE_POSN equ	1
  2554   000001                     ADCON0_nDONE_POSITION equ	1
  2555   000001                     ADCON0_nDONE_SIZE equ	1
  2556   000001                     ADCON0_nDONE_LENGTH equ	1
  2557   000002                     ADCON0_nDONE_MASK equ	2
  2558   000001                     ADCON0_GO_DONE_POSN equ	1
  2559   000001                     ADCON0_GO_DONE_POSITION equ	1
  2560   000001                     ADCON0_GO_DONE_SIZE equ	1
  2561   000001                     ADCON0_GO_DONE_LENGTH equ	1
  2562   000002                     ADCON0_GO_DONE_MASK equ	2
  2563   000001                     ADCON0_GODONE_POSN equ	1
  2564   000001                     ADCON0_GODONE_POSITION equ	1
  2565   000001                     ADCON0_GODONE_SIZE equ	1
  2566   000001                     ADCON0_GODONE_LENGTH equ	1
  2567   000002                     ADCON0_GODONE_MASK equ	2
  2568   000FC3                     ADRES           equ	4035
  2569   000FC3                     ADRESL          equ	4035
  2570   000FC4                     ADRESH          equ	4036
  2571   000FC5                     SSPCON2         equ	4037
  2572   000000                     SSPCON2_SEN_POSN equ	0
  2573   000000                     SSPCON2_SEN_POSITION equ	0
  2574   000001                     SSPCON2_SEN_SIZE equ	1
  2575   000001                     SSPCON2_SEN_LENGTH equ	1
  2576   000001                     SSPCON2_SEN_MASK equ	1
  2577   000001                     SSPCON2_RSEN_POSN equ	1
  2578   000001                     SSPCON2_RSEN_POSITION equ	1
  2579   000001                     SSPCON2_RSEN_SIZE equ	1
  2580   000001                     SSPCON2_RSEN_LENGTH equ	1
  2581   000002                     SSPCON2_RSEN_MASK equ	2
  2582   000002                     SSPCON2_PEN_POSN equ	2
  2583   000002                     SSPCON2_PEN_POSITION equ	2
  2584   000001                     SSPCON2_PEN_SIZE equ	1
  2585   000001                     SSPCON2_PEN_LENGTH equ	1
  2586   000004                     SSPCON2_PEN_MASK equ	4
  2587   000003                     SSPCON2_RCEN_POSN equ	3
  2588   000003                     SSPCON2_RCEN_POSITION equ	3
  2589   000001                     SSPCON2_RCEN_SIZE equ	1
  2590   000001                     SSPCON2_RCEN_LENGTH equ	1
  2591   000008                     SSPCON2_RCEN_MASK equ	8
  2592   000004                     SSPCON2_ACKEN_POSN equ	4
  2593   000004                     SSPCON2_ACKEN_POSITION equ	4
  2594   000001                     SSPCON2_ACKEN_SIZE equ	1
  2595   000001                     SSPCON2_ACKEN_LENGTH equ	1
  2596   000010                     SSPCON2_ACKEN_MASK equ	16
  2597   000005                     SSPCON2_ACKDT_POSN equ	5
  2598   000005                     SSPCON2_ACKDT_POSITION equ	5
  2599   000001                     SSPCON2_ACKDT_SIZE equ	1
  2600   000001                     SSPCON2_ACKDT_LENGTH equ	1
  2601   000020                     SSPCON2_ACKDT_MASK equ	32
  2602   000006                     SSPCON2_ACKSTAT_POSN equ	6
  2603   000006                     SSPCON2_ACKSTAT_POSITION equ	6
  2604   000001                     SSPCON2_ACKSTAT_SIZE equ	1
  2605   000001                     SSPCON2_ACKSTAT_LENGTH equ	1
  2606   000040                     SSPCON2_ACKSTAT_MASK equ	64
  2607   000007                     SSPCON2_GCEN_POSN equ	7
  2608   000007                     SSPCON2_GCEN_POSITION equ	7
  2609   000001                     SSPCON2_GCEN_SIZE equ	1
  2610   000001                     SSPCON2_GCEN_LENGTH equ	1
  2611   000080                     SSPCON2_GCEN_MASK equ	128
  2612   000001                     SSPCON2_ADMSK1_POSN equ	1
  2613   000001                     SSPCON2_ADMSK1_POSITION equ	1
  2614   000001                     SSPCON2_ADMSK1_SIZE equ	1
  2615   000001                     SSPCON2_ADMSK1_LENGTH equ	1
  2616   000002                     SSPCON2_ADMSK1_MASK equ	2
  2617   000002                     SSPCON2_ADMSK2_POSN equ	2
  2618   000002                     SSPCON2_ADMSK2_POSITION equ	2
  2619   000001                     SSPCON2_ADMSK2_SIZE equ	1
  2620   000001                     SSPCON2_ADMSK2_LENGTH equ	1
  2621   000004                     SSPCON2_ADMSK2_MASK equ	4
  2622   000003                     SSPCON2_ADMSK3_POSN equ	3
  2623   000003                     SSPCON2_ADMSK3_POSITION equ	3
  2624   000001                     SSPCON2_ADMSK3_SIZE equ	1
  2625   000001                     SSPCON2_ADMSK3_LENGTH equ	1
  2626   000008                     SSPCON2_ADMSK3_MASK equ	8
  2627   000004                     SSPCON2_ADMSK4_POSN equ	4
  2628   000004                     SSPCON2_ADMSK4_POSITION equ	4
  2629   000001                     SSPCON2_ADMSK4_SIZE equ	1
  2630   000001                     SSPCON2_ADMSK4_LENGTH equ	1
  2631   000010                     SSPCON2_ADMSK4_MASK equ	16
  2632   000005                     SSPCON2_ADMSK5_POSN equ	5
  2633   000005                     SSPCON2_ADMSK5_POSITION equ	5
  2634   000001                     SSPCON2_ADMSK5_SIZE equ	1
  2635   000001                     SSPCON2_ADMSK5_LENGTH equ	1
  2636   000020                     SSPCON2_ADMSK5_MASK equ	32
  2637   000FC6                     SSPCON1         equ	4038
  2638   000000                     SSPCON1_SSPM_POSN equ	0
  2639   000000                     SSPCON1_SSPM_POSITION equ	0
  2640   000004                     SSPCON1_SSPM_SIZE equ	4
  2641   000004                     SSPCON1_SSPM_LENGTH equ	4
  2642   00000F                     SSPCON1_SSPM_MASK equ	15
  2643   000004                     SSPCON1_CKP_POSN equ	4
  2644   000004                     SSPCON1_CKP_POSITION equ	4
  2645   000001                     SSPCON1_CKP_SIZE equ	1
  2646   000001                     SSPCON1_CKP_LENGTH equ	1
  2647   000010                     SSPCON1_CKP_MASK equ	16
  2648   000005                     SSPCON1_SSPEN_POSN equ	5
  2649   000005                     SSPCON1_SSPEN_POSITION equ	5
  2650   000001                     SSPCON1_SSPEN_SIZE equ	1
  2651   000001                     SSPCON1_SSPEN_LENGTH equ	1
  2652   000020                     SSPCON1_SSPEN_MASK equ	32
  2653   000006                     SSPCON1_SSPOV_POSN equ	6
  2654   000006                     SSPCON1_SSPOV_POSITION equ	6
  2655   000001                     SSPCON1_SSPOV_SIZE equ	1
  2656   000001                     SSPCON1_SSPOV_LENGTH equ	1
  2657   000040                     SSPCON1_SSPOV_MASK equ	64
  2658   000007                     SSPCON1_WCOL_POSN equ	7
  2659   000007                     SSPCON1_WCOL_POSITION equ	7
  2660   000001                     SSPCON1_WCOL_SIZE equ	1
  2661   000001                     SSPCON1_WCOL_LENGTH equ	1
  2662   000080                     SSPCON1_WCOL_MASK equ	128
  2663   000000                     SSPCON1_SSPM0_POSN equ	0
  2664   000000                     SSPCON1_SSPM0_POSITION equ	0
  2665   000001                     SSPCON1_SSPM0_SIZE equ	1
  2666   000001                     SSPCON1_SSPM0_LENGTH equ	1
  2667   000001                     SSPCON1_SSPM0_MASK equ	1
  2668   000001                     SSPCON1_SSPM1_POSN equ	1
  2669   000001                     SSPCON1_SSPM1_POSITION equ	1
  2670   000001                     SSPCON1_SSPM1_SIZE equ	1
  2671   000001                     SSPCON1_SSPM1_LENGTH equ	1
  2672   000002                     SSPCON1_SSPM1_MASK equ	2
  2673   000002                     SSPCON1_SSPM2_POSN equ	2
  2674   000002                     SSPCON1_SSPM2_POSITION equ	2
  2675   000001                     SSPCON1_SSPM2_SIZE equ	1
  2676   000001                     SSPCON1_SSPM2_LENGTH equ	1
  2677   000004                     SSPCON1_SSPM2_MASK equ	4
  2678   000003                     SSPCON1_SSPM3_POSN equ	3
  2679   000003                     SSPCON1_SSPM3_POSITION equ	3
  2680   000001                     SSPCON1_SSPM3_SIZE equ	1
  2681   000001                     SSPCON1_SSPM3_LENGTH equ	1
  2682   000008                     SSPCON1_SSPM3_MASK equ	8
  2683   000FC7                     SSPSTAT         equ	4039
  2684   000002                     SSPSTAT_R_NOT_W_POSN equ	2
  2685   000002                     SSPSTAT_R_NOT_W_POSITION equ	2
  2686   000001                     SSPSTAT_R_NOT_W_SIZE equ	1
  2687   000001                     SSPSTAT_R_NOT_W_LENGTH equ	1
  2688   000004                     SSPSTAT_R_NOT_W_MASK equ	4
  2689   000005                     SSPSTAT_D_NOT_A_POSN equ	5
  2690   000005                     SSPSTAT_D_NOT_A_POSITION equ	5
  2691   000001                     SSPSTAT_D_NOT_A_SIZE equ	1
  2692   000001                     SSPSTAT_D_NOT_A_LENGTH equ	1
  2693   000020                     SSPSTAT_D_NOT_A_MASK equ	32
  2694   000000                     SSPSTAT_BF_POSN equ	0
  2695   000000                     SSPSTAT_BF_POSITION equ	0
  2696   000001                     SSPSTAT_BF_SIZE equ	1
  2697   000001                     SSPSTAT_BF_LENGTH equ	1
  2698   000001                     SSPSTAT_BF_MASK equ	1
  2699   000001                     SSPSTAT_UA_POSN equ	1
  2700   000001                     SSPSTAT_UA_POSITION equ	1
  2701   000001                     SSPSTAT_UA_SIZE equ	1
  2702   000001                     SSPSTAT_UA_LENGTH equ	1
  2703   000002                     SSPSTAT_UA_MASK equ	2
  2704   000002                     SSPSTAT_R_nW_POSN equ	2
  2705   000002                     SSPSTAT_R_nW_POSITION equ	2
  2706   000001                     SSPSTAT_R_nW_SIZE equ	1
  2707   000001                     SSPSTAT_R_nW_LENGTH equ	1
  2708   000004                     SSPSTAT_R_nW_MASK equ	4
  2709   000003                     SSPSTAT_S_POSN  equ	3
  2710   000003                     SSPSTAT_S_POSITION equ	3
  2711   000001                     SSPSTAT_S_SIZE  equ	1
  2712   000001                     SSPSTAT_S_LENGTH equ	1
  2713   000008                     SSPSTAT_S_MASK  equ	8
  2714   000004                     SSPSTAT_P_POSN  equ	4
  2715   000004                     SSPSTAT_P_POSITION equ	4
  2716   000001                     SSPSTAT_P_SIZE  equ	1
  2717   000001                     SSPSTAT_P_LENGTH equ	1
  2718   000010                     SSPSTAT_P_MASK  equ	16
  2719   000005                     SSPSTAT_D_nA_POSN equ	5
  2720   000005                     SSPSTAT_D_nA_POSITION equ	5
  2721   000001                     SSPSTAT_D_nA_SIZE equ	1
  2722   000001                     SSPSTAT_D_nA_LENGTH equ	1
  2723   000020                     SSPSTAT_D_nA_MASK equ	32
  2724   000006                     SSPSTAT_CKE_POSN equ	6
  2725   000006                     SSPSTAT_CKE_POSITION equ	6
  2726   000001                     SSPSTAT_CKE_SIZE equ	1
  2727   000001                     SSPSTAT_CKE_LENGTH equ	1
  2728   000040                     SSPSTAT_CKE_MASK equ	64
  2729   000007                     SSPSTAT_SMP_POSN equ	7
  2730   000007                     SSPSTAT_SMP_POSITION equ	7
  2731   000001                     SSPSTAT_SMP_SIZE equ	1
  2732   000001                     SSPSTAT_SMP_LENGTH equ	1
  2733   000080                     SSPSTAT_SMP_MASK equ	128
  2734   000002                     SSPSTAT_R_POSN  equ	2
  2735   000002                     SSPSTAT_R_POSITION equ	2
  2736   000001                     SSPSTAT_R_SIZE  equ	1
  2737   000001                     SSPSTAT_R_LENGTH equ	1
  2738   000004                     SSPSTAT_R_MASK  equ	4
  2739   000005                     SSPSTAT_D_POSN  equ	5
  2740   000005                     SSPSTAT_D_POSITION equ	5
  2741   000001                     SSPSTAT_D_SIZE  equ	1
  2742   000001                     SSPSTAT_D_LENGTH equ	1
  2743   000020                     SSPSTAT_D_MASK  equ	32
  2744   000002                     SSPSTAT_W_POSN  equ	2
  2745   000002                     SSPSTAT_W_POSITION equ	2
  2746   000001                     SSPSTAT_W_SIZE  equ	1
  2747   000001                     SSPSTAT_W_LENGTH equ	1
  2748   000004                     SSPSTAT_W_MASK  equ	4
  2749   000005                     SSPSTAT_A_POSN  equ	5
  2750   000005                     SSPSTAT_A_POSITION equ	5
  2751   000001                     SSPSTAT_A_SIZE  equ	1
  2752   000001                     SSPSTAT_A_LENGTH equ	1
  2753   000020                     SSPSTAT_A_MASK  equ	32
  2754   000002                     SSPSTAT_nW_POSN equ	2
  2755   000002                     SSPSTAT_nW_POSITION equ	2
  2756   000001                     SSPSTAT_nW_SIZE equ	1
  2757   000001                     SSPSTAT_nW_LENGTH equ	1
  2758   000004                     SSPSTAT_nW_MASK equ	4
  2759   000005                     SSPSTAT_nA_POSN equ	5
  2760   000005                     SSPSTAT_nA_POSITION equ	5
  2761   000001                     SSPSTAT_nA_SIZE equ	1
  2762   000001                     SSPSTAT_nA_LENGTH equ	1
  2763   000020                     SSPSTAT_nA_MASK equ	32
  2764   000002                     SSPSTAT_R_W_POSN equ	2
  2765   000002                     SSPSTAT_R_W_POSITION equ	2
  2766   000001                     SSPSTAT_R_W_SIZE equ	1
  2767   000001                     SSPSTAT_R_W_LENGTH equ	1
  2768   000004                     SSPSTAT_R_W_MASK equ	4
  2769   000005                     SSPSTAT_D_A_POSN equ	5
  2770   000005                     SSPSTAT_D_A_POSITION equ	5
  2771   000001                     SSPSTAT_D_A_SIZE equ	1
  2772   000001                     SSPSTAT_D_A_LENGTH equ	1
  2773   000020                     SSPSTAT_D_A_MASK equ	32
  2774   000002                     SSPSTAT_NOT_WRITE_POSN equ	2
  2775   000002                     SSPSTAT_NOT_WRITE_POSITION equ	2
  2776   000001                     SSPSTAT_NOT_WRITE_SIZE equ	1
  2777   000001                     SSPSTAT_NOT_WRITE_LENGTH equ	1
  2778   000004                     SSPSTAT_NOT_WRITE_MASK equ	4
  2779   000005                     SSPSTAT_NOT_ADDRESS_POSN equ	5
  2780   000005                     SSPSTAT_NOT_ADDRESS_POSITION equ	5
  2781   000001                     SSPSTAT_NOT_ADDRESS_SIZE equ	1
  2782   000001                     SSPSTAT_NOT_ADDRESS_LENGTH equ	1
  2783   000020                     SSPSTAT_NOT_ADDRESS_MASK equ	32
  2784   000002                     SSPSTAT_nWRITE_POSN equ	2
  2785   000002                     SSPSTAT_nWRITE_POSITION equ	2
  2786   000001                     SSPSTAT_nWRITE_SIZE equ	1
  2787   000001                     SSPSTAT_nWRITE_LENGTH equ	1
  2788   000004                     SSPSTAT_nWRITE_MASK equ	4
  2789   000005                     SSPSTAT_nADDRESS_POSN equ	5
  2790   000005                     SSPSTAT_nADDRESS_POSITION equ	5
  2791   000001                     SSPSTAT_nADDRESS_SIZE equ	1
  2792   000001                     SSPSTAT_nADDRESS_LENGTH equ	1
  2793   000020                     SSPSTAT_nADDRESS_MASK equ	32
  2794   000002                     SSPSTAT_RW_POSN equ	2
  2795   000002                     SSPSTAT_RW_POSITION equ	2
  2796   000001                     SSPSTAT_RW_SIZE equ	1
  2797   000001                     SSPSTAT_RW_LENGTH equ	1
  2798   000004                     SSPSTAT_RW_MASK equ	4
  2799   000003                     SSPSTAT_START_POSN equ	3
  2800   000003                     SSPSTAT_START_POSITION equ	3
  2801   000001                     SSPSTAT_START_SIZE equ	1
  2802   000001                     SSPSTAT_START_LENGTH equ	1
  2803   000008                     SSPSTAT_START_MASK equ	8
  2804   000004                     SSPSTAT_STOP_POSN equ	4
  2805   000004                     SSPSTAT_STOP_POSITION equ	4
  2806   000001                     SSPSTAT_STOP_SIZE equ	1
  2807   000001                     SSPSTAT_STOP_LENGTH equ	1
  2808   000010                     SSPSTAT_STOP_MASK equ	16
  2809   000005                     SSPSTAT_DA_POSN equ	5
  2810   000005                     SSPSTAT_DA_POSITION equ	5
  2811   000001                     SSPSTAT_DA_SIZE equ	1
  2812   000001                     SSPSTAT_DA_LENGTH equ	1
  2813   000020                     SSPSTAT_DA_MASK equ	32
  2814   000002                     SSPSTAT_NOT_W_POSN equ	2
  2815   000002                     SSPSTAT_NOT_W_POSITION equ	2
  2816   000001                     SSPSTAT_NOT_W_SIZE equ	1
  2817   000001                     SSPSTAT_NOT_W_LENGTH equ	1
  2818   000004                     SSPSTAT_NOT_W_MASK equ	4
  2819   000005                     SSPSTAT_NOT_A_POSN equ	5
  2820   000005                     SSPSTAT_NOT_A_POSITION equ	5
  2821   000001                     SSPSTAT_NOT_A_SIZE equ	1
  2822   000001                     SSPSTAT_NOT_A_LENGTH equ	1
  2823   000020                     SSPSTAT_NOT_A_MASK equ	32
  2824   000FC8                     SSPADD          equ	4040
  2825   000FC9                     SSPBUF          equ	4041
  2826   000FCA                     T2CON           equ	4042
  2827   000000                     T2CON_T2CKPS_POSN equ	0
  2828   000000                     T2CON_T2CKPS_POSITION equ	0
  2829   000002                     T2CON_T2CKPS_SIZE equ	2
  2830   000002                     T2CON_T2CKPS_LENGTH equ	2
  2831   000003                     T2CON_T2CKPS_MASK equ	3
  2832   000002                     T2CON_TMR2ON_POSN equ	2
  2833   000002                     T2CON_TMR2ON_POSITION equ	2
  2834   000001                     T2CON_TMR2ON_SIZE equ	1
  2835   000001                     T2CON_TMR2ON_LENGTH equ	1
  2836   000004                     T2CON_TMR2ON_MASK equ	4
  2837   000003                     T2CON_T2OUTPS_POSN equ	3
  2838   000003                     T2CON_T2OUTPS_POSITION equ	3
  2839   000004                     T2CON_T2OUTPS_SIZE equ	4
  2840   000004                     T2CON_T2OUTPS_LENGTH equ	4
  2841   000078                     T2CON_T2OUTPS_MASK equ	120
  2842   000000                     T2CON_T2CKPS0_POSN equ	0
  2843   000000                     T2CON_T2CKPS0_POSITION equ	0
  2844   000001                     T2CON_T2CKPS0_SIZE equ	1
  2845   000001                     T2CON_T2CKPS0_LENGTH equ	1
  2846   000001                     T2CON_T2CKPS0_MASK equ	1
  2847   000001                     T2CON_T2CKPS1_POSN equ	1
  2848   000001                     T2CON_T2CKPS1_POSITION equ	1
  2849   000001                     T2CON_T2CKPS1_SIZE equ	1
  2850   000001                     T2CON_T2CKPS1_LENGTH equ	1
  2851   000002                     T2CON_T2CKPS1_MASK equ	2
  2852   000003                     T2CON_T2OUTPS0_POSN equ	3
  2853   000003                     T2CON_T2OUTPS0_POSITION equ	3
  2854   000001                     T2CON_T2OUTPS0_SIZE equ	1
  2855   000001                     T2CON_T2OUTPS0_LENGTH equ	1
  2856   000008                     T2CON_T2OUTPS0_MASK equ	8
  2857   000004                     T2CON_T2OUTPS1_POSN equ	4
  2858   000004                     T2CON_T2OUTPS1_POSITION equ	4
  2859   000001                     T2CON_T2OUTPS1_SIZE equ	1
  2860   000001                     T2CON_T2OUTPS1_LENGTH equ	1
  2861   000010                     T2CON_T2OUTPS1_MASK equ	16
  2862   000005                     T2CON_T2OUTPS2_POSN equ	5
  2863   000005                     T2CON_T2OUTPS2_POSITION equ	5
  2864   000001                     T2CON_T2OUTPS2_SIZE equ	1
  2865   000001                     T2CON_T2OUTPS2_LENGTH equ	1
  2866   000020                     T2CON_T2OUTPS2_MASK equ	32
  2867   000006                     T2CON_T2OUTPS3_POSN equ	6
  2868   000006                     T2CON_T2OUTPS3_POSITION equ	6
  2869   000001                     T2CON_T2OUTPS3_SIZE equ	1
  2870   000001                     T2CON_T2OUTPS3_LENGTH equ	1
  2871   000040                     T2CON_T2OUTPS3_MASK equ	64
  2872   000003                     T2CON_TOUTPS0_POSN equ	3
  2873   000003                     T2CON_TOUTPS0_POSITION equ	3
  2874   000001                     T2CON_TOUTPS0_SIZE equ	1
  2875   000001                     T2CON_TOUTPS0_LENGTH equ	1
  2876   000008                     T2CON_TOUTPS0_MASK equ	8
  2877   000004                     T2CON_TOUTPS1_POSN equ	4
  2878   000004                     T2CON_TOUTPS1_POSITION equ	4
  2879   000001                     T2CON_TOUTPS1_SIZE equ	1
  2880   000001                     T2CON_TOUTPS1_LENGTH equ	1
  2881   000010                     T2CON_TOUTPS1_MASK equ	16
  2882   000005                     T2CON_TOUTPS2_POSN equ	5
  2883   000005                     T2CON_TOUTPS2_POSITION equ	5
  2884   000001                     T2CON_TOUTPS2_SIZE equ	1
  2885   000001                     T2CON_TOUTPS2_LENGTH equ	1
  2886   000020                     T2CON_TOUTPS2_MASK equ	32
  2887   000006                     T2CON_TOUTPS3_POSN equ	6
  2888   000006                     T2CON_TOUTPS3_POSITION equ	6
  2889   000001                     T2CON_TOUTPS3_SIZE equ	1
  2890   000001                     T2CON_TOUTPS3_LENGTH equ	1
  2891   000040                     T2CON_TOUTPS3_MASK equ	64
  2892   000FCB                     PR2             equ	4043
  2893   000007                     PR2_EBDIS_POSN  equ	7
  2894   000007                     PR2_EBDIS_POSITION equ	7
  2895   000001                     PR2_EBDIS_SIZE  equ	1
  2896   000001                     PR2_EBDIS_LENGTH equ	1
  2897   000080                     PR2_EBDIS_MASK  equ	128
  2898   000004                     PR2_WAIT0_POSN  equ	4
  2899   000004                     PR2_WAIT0_POSITION equ	4
  2900   000001                     PR2_WAIT0_SIZE  equ	1
  2901   000001                     PR2_WAIT0_LENGTH equ	1
  2902   000010                     PR2_WAIT0_MASK  equ	16
  2903   000005                     PR2_WAIT1_POSN  equ	5
  2904   000005                     PR2_WAIT1_POSITION equ	5
  2905   000001                     PR2_WAIT1_SIZE  equ	1
  2906   000001                     PR2_WAIT1_LENGTH equ	1
  2907   000020                     PR2_WAIT1_MASK  equ	32
  2908   000000                     PR2_WM0_POSN    equ	0
  2909   000000                     PR2_WM0_POSITION equ	0
  2910   000001                     PR2_WM0_SIZE    equ	1
  2911   000001                     PR2_WM0_LENGTH  equ	1
  2912   000001                     PR2_WM0_MASK    equ	1
  2913   000001                     PR2_WM1_POSN    equ	1
  2914   000001                     PR2_WM1_POSITION equ	1
  2915   000001                     PR2_WM1_SIZE    equ	1
  2916   000001                     PR2_WM1_LENGTH  equ	1
  2917   000002                     PR2_WM1_MASK    equ	2
  2918   000FCC                     TMR2            equ	4044
  2919   000FCD                     T1CON           equ	4045
  2920   000002                     T1CON_NOT_T1SYNC_POSN equ	2
  2921   000002                     T1CON_NOT_T1SYNC_POSITION equ	2
  2922   000001                     T1CON_NOT_T1SYNC_SIZE equ	1
  2923   000001                     T1CON_NOT_T1SYNC_LENGTH equ	1
  2924   000004                     T1CON_NOT_T1SYNC_MASK equ	4
  2925   000000                     T1CON_TMR1ON_POSN equ	0
  2926   000000                     T1CON_TMR1ON_POSITION equ	0
  2927   000001                     T1CON_TMR1ON_SIZE equ	1
  2928   000001                     T1CON_TMR1ON_LENGTH equ	1
  2929   000001                     T1CON_TMR1ON_MASK equ	1
  2930   000001                     T1CON_TMR1CS_POSN equ	1
  2931   000001                     T1CON_TMR1CS_POSITION equ	1
  2932   000001                     T1CON_TMR1CS_SIZE equ	1
  2933   000001                     T1CON_TMR1CS_LENGTH equ	1
  2934   000002                     T1CON_TMR1CS_MASK equ	2
  2935   000002                     T1CON_nT1SYNC_POSN equ	2
  2936   000002                     T1CON_nT1SYNC_POSITION equ	2
  2937   000001                     T1CON_nT1SYNC_SIZE equ	1
  2938   000001                     T1CON_nT1SYNC_LENGTH equ	1
  2939   000004                     T1CON_nT1SYNC_MASK equ	4
  2940   000003                     T1CON_T1OSCEN_POSN equ	3
  2941   000003                     T1CON_T1OSCEN_POSITION equ	3
  2942   000001                     T1CON_T1OSCEN_SIZE equ	1
  2943   000001                     T1CON_T1OSCEN_LENGTH equ	1
  2944   000008                     T1CON_T1OSCEN_MASK equ	8
  2945   000004                     T1CON_T1CKPS_POSN equ	4
  2946   000004                     T1CON_T1CKPS_POSITION equ	4
  2947   000002                     T1CON_T1CKPS_SIZE equ	2
  2948   000002                     T1CON_T1CKPS_LENGTH equ	2
  2949   000030                     T1CON_T1CKPS_MASK equ	48
  2950   000006                     T1CON_T1RUN_POSN equ	6
  2951   000006                     T1CON_T1RUN_POSITION equ	6
  2952   000001                     T1CON_T1RUN_SIZE equ	1
  2953   000001                     T1CON_T1RUN_LENGTH equ	1
  2954   000040                     T1CON_T1RUN_MASK equ	64
  2955   000007                     T1CON_RD16_POSN equ	7
  2956   000007                     T1CON_RD16_POSITION equ	7
  2957   000001                     T1CON_RD16_SIZE equ	1
  2958   000001                     T1CON_RD16_LENGTH equ	1
  2959   000080                     T1CON_RD16_MASK equ	128
  2960   000002                     T1CON_T1SYNC_POSN equ	2
  2961   000002                     T1CON_T1SYNC_POSITION equ	2
  2962   000001                     T1CON_T1SYNC_SIZE equ	1
  2963   000001                     T1CON_T1SYNC_LENGTH equ	1
  2964   000004                     T1CON_T1SYNC_MASK equ	4
  2965   000004                     T1CON_T1CKPS0_POSN equ	4
  2966   000004                     T1CON_T1CKPS0_POSITION equ	4
  2967   000001                     T1CON_T1CKPS0_SIZE equ	1
  2968   000001                     T1CON_T1CKPS0_LENGTH equ	1
  2969   000010                     T1CON_T1CKPS0_MASK equ	16
  2970   000005                     T1CON_T1CKPS1_POSN equ	5
  2971   000005                     T1CON_T1CKPS1_POSITION equ	5
  2972   000001                     T1CON_T1CKPS1_SIZE equ	1
  2973   000001                     T1CON_T1CKPS1_LENGTH equ	1
  2974   000020                     T1CON_T1CKPS1_MASK equ	32
  2975   000003                     T1CON_SOSCEN_POSN equ	3
  2976   000003                     T1CON_SOSCEN_POSITION equ	3
  2977   000001                     T1CON_SOSCEN_SIZE equ	1
  2978   000001                     T1CON_SOSCEN_LENGTH equ	1
  2979   000008                     T1CON_SOSCEN_MASK equ	8
  2980   000007                     T1CON_T1RD16_POSN equ	7
  2981   000007                     T1CON_T1RD16_POSITION equ	7
  2982   000001                     T1CON_T1RD16_SIZE equ	1
  2983   000001                     T1CON_T1RD16_LENGTH equ	1
  2984   000080                     T1CON_T1RD16_MASK equ	128
  2985   000FCE                     TMR1            equ	4046
  2986   000FCE                     TMR1L           equ	4046
  2987   000FCF                     TMR1H           equ	4047
  2988   000FD0                     RCON            equ	4048
  2989   000000                     RCON_NOT_BOR_POSN equ	0
  2990   000000                     RCON_NOT_BOR_POSITION equ	0
  2991   000001                     RCON_NOT_BOR_SIZE equ	1
  2992   000001                     RCON_NOT_BOR_LENGTH equ	1
  2993   000001                     RCON_NOT_BOR_MASK equ	1
  2994   000001                     RCON_NOT_POR_POSN equ	1
  2995   000001                     RCON_NOT_POR_POSITION equ	1
  2996   000001                     RCON_NOT_POR_SIZE equ	1
  2997   000001                     RCON_NOT_POR_LENGTH equ	1
  2998   000002                     RCON_NOT_POR_MASK equ	2
  2999   000002                     RCON_NOT_PD_POSN equ	2
  3000   000002                     RCON_NOT_PD_POSITION equ	2
  3001   000001                     RCON_NOT_PD_SIZE equ	1
  3002   000001                     RCON_NOT_PD_LENGTH equ	1
  3003   000004                     RCON_NOT_PD_MASK equ	4
  3004   000003                     RCON_NOT_TO_POSN equ	3
  3005   000003                     RCON_NOT_TO_POSITION equ	3
  3006   000001                     RCON_NOT_TO_SIZE equ	1
  3007   000001                     RCON_NOT_TO_LENGTH equ	1
  3008   000008                     RCON_NOT_TO_MASK equ	8
  3009   000004                     RCON_NOT_RI_POSN equ	4
  3010   000004                     RCON_NOT_RI_POSITION equ	4
  3011   000001                     RCON_NOT_RI_SIZE equ	1
  3012   000001                     RCON_NOT_RI_LENGTH equ	1
  3013   000010                     RCON_NOT_RI_MASK equ	16
  3014   000000                     RCON_nBOR_POSN  equ	0
  3015   000000                     RCON_nBOR_POSITION equ	0
  3016   000001                     RCON_nBOR_SIZE  equ	1
  3017   000001                     RCON_nBOR_LENGTH equ	1
  3018   000001                     RCON_nBOR_MASK  equ	1
  3019   000001                     RCON_nPOR_POSN  equ	1
  3020   000001                     RCON_nPOR_POSITION equ	1
  3021   000001                     RCON_nPOR_SIZE  equ	1
  3022   000001                     RCON_nPOR_LENGTH equ	1
  3023   000002                     RCON_nPOR_MASK  equ	2
  3024   000002                     RCON_nPD_POSN   equ	2
  3025   000002                     RCON_nPD_POSITION equ	2
  3026   000001                     RCON_nPD_SIZE   equ	1
  3027   000001                     RCON_nPD_LENGTH equ	1
  3028   000004                     RCON_nPD_MASK   equ	4
  3029   000003                     RCON_nTO_POSN   equ	3
  3030   000003                     RCON_nTO_POSITION equ	3
  3031   000001                     RCON_nTO_SIZE   equ	1
  3032   000001                     RCON_nTO_LENGTH equ	1
  3033   000008                     RCON_nTO_MASK   equ	8
  3034   000004                     RCON_nRI_POSN   equ	4
  3035   000004                     RCON_nRI_POSITION equ	4
  3036   000001                     RCON_nRI_SIZE   equ	1
  3037   000001                     RCON_nRI_LENGTH equ	1
  3038   000010                     RCON_nRI_MASK   equ	16
  3039   000006                     RCON_SBOREN_POSN equ	6
  3040   000006                     RCON_SBOREN_POSITION equ	6
  3041   000001                     RCON_SBOREN_SIZE equ	1
  3042   000001                     RCON_SBOREN_LENGTH equ	1
  3043   000040                     RCON_SBOREN_MASK equ	64
  3044   000007                     RCON_IPEN_POSN  equ	7
  3045   000007                     RCON_IPEN_POSITION equ	7
  3046   000001                     RCON_IPEN_SIZE  equ	1
  3047   000001                     RCON_IPEN_LENGTH equ	1
  3048   000080                     RCON_IPEN_MASK  equ	128
  3049   000000                     RCON_BOR_POSN   equ	0
  3050   000000                     RCON_BOR_POSITION equ	0
  3051   000001                     RCON_BOR_SIZE   equ	1
  3052   000001                     RCON_BOR_LENGTH equ	1
  3053   000001                     RCON_BOR_MASK   equ	1
  3054   000001                     RCON_POR_POSN   equ	1
  3055   000001                     RCON_POR_POSITION equ	1
  3056   000001                     RCON_POR_SIZE   equ	1
  3057   000001                     RCON_POR_LENGTH equ	1
  3058   000002                     RCON_POR_MASK   equ	2
  3059   000002                     RCON_PD_POSN    equ	2
  3060   000002                     RCON_PD_POSITION equ	2
  3061   000001                     RCON_PD_SIZE    equ	1
  3062   000001                     RCON_PD_LENGTH  equ	1
  3063   000004                     RCON_PD_MASK    equ	4
  3064   000003                     RCON_TO_POSN    equ	3
  3065   000003                     RCON_TO_POSITION equ	3
  3066   000001                     RCON_TO_SIZE    equ	1
  3067   000001                     RCON_TO_LENGTH  equ	1
  3068   000008                     RCON_TO_MASK    equ	8
  3069   000004                     RCON_RI_POSN    equ	4
  3070   000004                     RCON_RI_POSITION equ	4
  3071   000001                     RCON_RI_SIZE    equ	1
  3072   000001                     RCON_RI_LENGTH  equ	1
  3073   000010                     RCON_RI_MASK    equ	16
  3074   000FD1                     WDTCON          equ	4049
  3075   000000                     WDTCON_SWDTEN_POSN equ	0
  3076   000000                     WDTCON_SWDTEN_POSITION equ	0
  3077   000001                     WDTCON_SWDTEN_SIZE equ	1
  3078   000001                     WDTCON_SWDTEN_LENGTH equ	1
  3079   000001                     WDTCON_SWDTEN_MASK equ	1
  3080   000000                     WDTCON_SWDTE_POSN equ	0
  3081   000000                     WDTCON_SWDTE_POSITION equ	0
  3082   000001                     WDTCON_SWDTE_SIZE equ	1
  3083   000001                     WDTCON_SWDTE_LENGTH equ	1
  3084   000001                     WDTCON_SWDTE_MASK equ	1
  3085   000FD2                     HLVDCON         equ	4050
  3086   000000                     HLVDCON_HLVDL_POSN equ	0
  3087   000000                     HLVDCON_HLVDL_POSITION equ	0
  3088   000004                     HLVDCON_HLVDL_SIZE equ	4
  3089   000004                     HLVDCON_HLVDL_LENGTH equ	4
  3090   00000F                     HLVDCON_HLVDL_MASK equ	15
  3091   000004                     HLVDCON_HLVDEN_POSN equ	4
  3092   000004                     HLVDCON_HLVDEN_POSITION equ	4
  3093   000001                     HLVDCON_HLVDEN_SIZE equ	1
  3094   000001                     HLVDCON_HLVDEN_LENGTH equ	1
  3095   000010                     HLVDCON_HLVDEN_MASK equ	16
  3096   000005                     HLVDCON_IVRST_POSN equ	5
  3097   000005                     HLVDCON_IVRST_POSITION equ	5
  3098   000001                     HLVDCON_IVRST_SIZE equ	1
  3099   000001                     HLVDCON_IVRST_LENGTH equ	1
  3100   000020                     HLVDCON_IVRST_MASK equ	32
  3101   000007                     HLVDCON_VDIRMAG_POSN equ	7
  3102   000007                     HLVDCON_VDIRMAG_POSITION equ	7
  3103   000001                     HLVDCON_VDIRMAG_SIZE equ	1
  3104   000001                     HLVDCON_VDIRMAG_LENGTH equ	1
  3105   000080                     HLVDCON_VDIRMAG_MASK equ	128
  3106   000000                     HLVDCON_HLVDL0_POSN equ	0
  3107   000000                     HLVDCON_HLVDL0_POSITION equ	0
  3108   000001                     HLVDCON_HLVDL0_SIZE equ	1
  3109   000001                     HLVDCON_HLVDL0_LENGTH equ	1
  3110   000001                     HLVDCON_HLVDL0_MASK equ	1
  3111   000001                     HLVDCON_HLVDL1_POSN equ	1
  3112   000001                     HLVDCON_HLVDL1_POSITION equ	1
  3113   000001                     HLVDCON_HLVDL1_SIZE equ	1
  3114   000001                     HLVDCON_HLVDL1_LENGTH equ	1
  3115   000002                     HLVDCON_HLVDL1_MASK equ	2
  3116   000002                     HLVDCON_HLVDL2_POSN equ	2
  3117   000002                     HLVDCON_HLVDL2_POSITION equ	2
  3118   000001                     HLVDCON_HLVDL2_SIZE equ	1
  3119   000001                     HLVDCON_HLVDL2_LENGTH equ	1
  3120   000004                     HLVDCON_HLVDL2_MASK equ	4
  3121   000003                     HLVDCON_HLVDL3_POSN equ	3
  3122   000003                     HLVDCON_HLVDL3_POSITION equ	3
  3123   000001                     HLVDCON_HLVDL3_SIZE equ	1
  3124   000001                     HLVDCON_HLVDL3_LENGTH equ	1
  3125   000008                     HLVDCON_HLVDL3_MASK equ	8
  3126   000000                     HLVDCON_LVDL0_POSN equ	0
  3127   000000                     HLVDCON_LVDL0_POSITION equ	0
  3128   000001                     HLVDCON_LVDL0_SIZE equ	1
  3129   000001                     HLVDCON_LVDL0_LENGTH equ	1
  3130   000001                     HLVDCON_LVDL0_MASK equ	1
  3131   000001                     HLVDCON_LVDL1_POSN equ	1
  3132   000001                     HLVDCON_LVDL1_POSITION equ	1
  3133   000001                     HLVDCON_LVDL1_SIZE equ	1
  3134   000001                     HLVDCON_LVDL1_LENGTH equ	1
  3135   000002                     HLVDCON_LVDL1_MASK equ	2
  3136   000002                     HLVDCON_LVDL2_POSN equ	2
  3137   000002                     HLVDCON_LVDL2_POSITION equ	2
  3138   000001                     HLVDCON_LVDL2_SIZE equ	1
  3139   000001                     HLVDCON_LVDL2_LENGTH equ	1
  3140   000004                     HLVDCON_LVDL2_MASK equ	4
  3141   000003                     HLVDCON_LVDL3_POSN equ	3
  3142   000003                     HLVDCON_LVDL3_POSITION equ	3
  3143   000001                     HLVDCON_LVDL3_SIZE equ	1
  3144   000001                     HLVDCON_LVDL3_LENGTH equ	1
  3145   000008                     HLVDCON_LVDL3_MASK equ	8
  3146   000004                     HLVDCON_LVDEN_POSN equ	4
  3147   000004                     HLVDCON_LVDEN_POSITION equ	4
  3148   000001                     HLVDCON_LVDEN_SIZE equ	1
  3149   000001                     HLVDCON_LVDEN_LENGTH equ	1
  3150   000010                     HLVDCON_LVDEN_MASK equ	16
  3151   000005                     HLVDCON_IRVST_POSN equ	5
  3152   000005                     HLVDCON_IRVST_POSITION equ	5
  3153   000001                     HLVDCON_IRVST_SIZE equ	1
  3154   000001                     HLVDCON_IRVST_LENGTH equ	1
  3155   000020                     HLVDCON_IRVST_MASK equ	32
  3156   000000                     HLVDCON_LVV0_POSN equ	0
  3157   000000                     HLVDCON_LVV0_POSITION equ	0
  3158   000001                     HLVDCON_LVV0_SIZE equ	1
  3159   000001                     HLVDCON_LVV0_LENGTH equ	1
  3160   000001                     HLVDCON_LVV0_MASK equ	1
  3161   000001                     HLVDCON_LVV1_POSN equ	1
  3162   000001                     HLVDCON_LVV1_POSITION equ	1
  3163   000001                     HLVDCON_LVV1_SIZE equ	1
  3164   000001                     HLVDCON_LVV1_LENGTH equ	1
  3165   000002                     HLVDCON_LVV1_MASK equ	2
  3166   000002                     HLVDCON_LVV2_POSN equ	2
  3167   000002                     HLVDCON_LVV2_POSITION equ	2
  3168   000001                     HLVDCON_LVV2_SIZE equ	1
  3169   000001                     HLVDCON_LVV2_LENGTH equ	1
  3170   000004                     HLVDCON_LVV2_MASK equ	4
  3171   000003                     HLVDCON_LVV3_POSN equ	3
  3172   000003                     HLVDCON_LVV3_POSITION equ	3
  3173   000001                     HLVDCON_LVV3_SIZE equ	1
  3174   000001                     HLVDCON_LVV3_LENGTH equ	1
  3175   000008                     HLVDCON_LVV3_MASK equ	8
  3176   000005                     HLVDCON_BGST_POSN equ	5
  3177   000005                     HLVDCON_BGST_POSITION equ	5
  3178   000001                     HLVDCON_BGST_SIZE equ	1
  3179   000001                     HLVDCON_BGST_LENGTH equ	1
  3180   000020                     HLVDCON_BGST_MASK equ	32
  3181   000FD3                     OSCCON          equ	4051
  3182   000000                     OSCCON_SCS_POSN equ	0
  3183   000000                     OSCCON_SCS_POSITION equ	0
  3184   000002                     OSCCON_SCS_SIZE equ	2
  3185   000002                     OSCCON_SCS_LENGTH equ	2
  3186   000003                     OSCCON_SCS_MASK equ	3
  3187   000002                     OSCCON_IOFS_POSN equ	2
  3188   000002                     OSCCON_IOFS_POSITION equ	2
  3189   000001                     OSCCON_IOFS_SIZE equ	1
  3190   000001                     OSCCON_IOFS_LENGTH equ	1
  3191   000004                     OSCCON_IOFS_MASK equ	4
  3192   000003                     OSCCON_OSTS_POSN equ	3
  3193   000003                     OSCCON_OSTS_POSITION equ	3
  3194   000001                     OSCCON_OSTS_SIZE equ	1
  3195   000001                     OSCCON_OSTS_LENGTH equ	1
  3196   000008                     OSCCON_OSTS_MASK equ	8
  3197   000004                     OSCCON_IRCF_POSN equ	4
  3198   000004                     OSCCON_IRCF_POSITION equ	4
  3199   000003                     OSCCON_IRCF_SIZE equ	3
  3200   000003                     OSCCON_IRCF_LENGTH equ	3
  3201   000070                     OSCCON_IRCF_MASK equ	112
  3202   000007                     OSCCON_IDLEN_POSN equ	7
  3203   000007                     OSCCON_IDLEN_POSITION equ	7
  3204   000001                     OSCCON_IDLEN_SIZE equ	1
  3205   000001                     OSCCON_IDLEN_LENGTH equ	1
  3206   000080                     OSCCON_IDLEN_MASK equ	128
  3207   000000                     OSCCON_SCS0_POSN equ	0
  3208   000000                     OSCCON_SCS0_POSITION equ	0
  3209   000001                     OSCCON_SCS0_SIZE equ	1
  3210   000001                     OSCCON_SCS0_LENGTH equ	1
  3211   000001                     OSCCON_SCS0_MASK equ	1
  3212   000001                     OSCCON_SCS1_POSN equ	1
  3213   000001                     OSCCON_SCS1_POSITION equ	1
  3214   000001                     OSCCON_SCS1_SIZE equ	1
  3215   000001                     OSCCON_SCS1_LENGTH equ	1
  3216   000002                     OSCCON_SCS1_MASK equ	2
  3217   000002                     OSCCON_FLTS_POSN equ	2
  3218   000002                     OSCCON_FLTS_POSITION equ	2
  3219   000001                     OSCCON_FLTS_SIZE equ	1
  3220   000001                     OSCCON_FLTS_LENGTH equ	1
  3221   000004                     OSCCON_FLTS_MASK equ	4
  3222   000004                     OSCCON_IRCF0_POSN equ	4
  3223   000004                     OSCCON_IRCF0_POSITION equ	4
  3224   000001                     OSCCON_IRCF0_SIZE equ	1
  3225   000001                     OSCCON_IRCF0_LENGTH equ	1
  3226   000010                     OSCCON_IRCF0_MASK equ	16
  3227   000005                     OSCCON_IRCF1_POSN equ	5
  3228   000005                     OSCCON_IRCF1_POSITION equ	5
  3229   000001                     OSCCON_IRCF1_SIZE equ	1
  3230   000001                     OSCCON_IRCF1_LENGTH equ	1
  3231   000020                     OSCCON_IRCF1_MASK equ	32
  3232   000006                     OSCCON_IRCF2_POSN equ	6
  3233   000006                     OSCCON_IRCF2_POSITION equ	6
  3234   000001                     OSCCON_IRCF2_SIZE equ	1
  3235   000001                     OSCCON_IRCF2_LENGTH equ	1
  3236   000040                     OSCCON_IRCF2_MASK equ	64
  3237   000FD5                     T0CON           equ	4053
  3238   000000                     T0CON_T0PS_POSN equ	0
  3239   000000                     T0CON_T0PS_POSITION equ	0
  3240   000003                     T0CON_T0PS_SIZE equ	3
  3241   000003                     T0CON_T0PS_LENGTH equ	3
  3242   000007                     T0CON_T0PS_MASK equ	7
  3243   000003                     T0CON_PSA_POSN  equ	3
  3244   000003                     T0CON_PSA_POSITION equ	3
  3245   000001                     T0CON_PSA_SIZE  equ	1
  3246   000001                     T0CON_PSA_LENGTH equ	1
  3247   000008                     T0CON_PSA_MASK  equ	8
  3248   000004                     T0CON_T0SE_POSN equ	4
  3249   000004                     T0CON_T0SE_POSITION equ	4
  3250   000001                     T0CON_T0SE_SIZE equ	1
  3251   000001                     T0CON_T0SE_LENGTH equ	1
  3252   000010                     T0CON_T0SE_MASK equ	16
  3253   000005                     T0CON_T0CS_POSN equ	5
  3254   000005                     T0CON_T0CS_POSITION equ	5
  3255   000001                     T0CON_T0CS_SIZE equ	1
  3256   000001                     T0CON_T0CS_LENGTH equ	1
  3257   000020                     T0CON_T0CS_MASK equ	32
  3258   000006                     T0CON_T08BIT_POSN equ	6
  3259   000006                     T0CON_T08BIT_POSITION equ	6
  3260   000001                     T0CON_T08BIT_SIZE equ	1
  3261   000001                     T0CON_T08BIT_LENGTH equ	1
  3262   000040                     T0CON_T08BIT_MASK equ	64
  3263   000007                     T0CON_TMR0ON_POSN equ	7
  3264   000007                     T0CON_TMR0ON_POSITION equ	7
  3265   000001                     T0CON_TMR0ON_SIZE equ	1
  3266   000001                     T0CON_TMR0ON_LENGTH equ	1
  3267   000080                     T0CON_TMR0ON_MASK equ	128
  3268   000000                     T0CON_T0PS0_POSN equ	0
  3269   000000                     T0CON_T0PS0_POSITION equ	0
  3270   000001                     T0CON_T0PS0_SIZE equ	1
  3271   000001                     T0CON_T0PS0_LENGTH equ	1
  3272   000001                     T0CON_T0PS0_MASK equ	1
  3273   000001                     T0CON_T0PS1_POSN equ	1
  3274   000001                     T0CON_T0PS1_POSITION equ	1
  3275   000001                     T0CON_T0PS1_SIZE equ	1
  3276   000001                     T0CON_T0PS1_LENGTH equ	1
  3277   000002                     T0CON_T0PS1_MASK equ	2
  3278   000002                     T0CON_T0PS2_POSN equ	2
  3279   000002                     T0CON_T0PS2_POSITION equ	2
  3280   000001                     T0CON_T0PS2_SIZE equ	1
  3281   000001                     T0CON_T0PS2_LENGTH equ	1
  3282   000004                     T0CON_T0PS2_MASK equ	4
  3283   000003                     T0CON_T0PS3_POSN equ	3
  3284   000003                     T0CON_T0PS3_POSITION equ	3
  3285   000001                     T0CON_T0PS3_SIZE equ	1
  3286   000001                     T0CON_T0PS3_LENGTH equ	1
  3287   000008                     T0CON_T0PS3_MASK equ	8
  3288   000006                     T0CON_T016BIT_POSN equ	6
  3289   000006                     T0CON_T016BIT_POSITION equ	6
  3290   000001                     T0CON_T016BIT_SIZE equ	1
  3291   000001                     T0CON_T016BIT_LENGTH equ	1
  3292   000040                     T0CON_T016BIT_MASK equ	64
  3293   000FD6                     TMR0            equ	4054
  3294   000FD6                     TMR0L           equ	4054
  3295   000FD7                     TMR0H           equ	4055
  3296   000FD8                     STATUS          equ	4056
  3297   000000                     STATUS_C_POSN   equ	0
  3298   000000                     STATUS_C_POSITION equ	0
  3299   000001                     STATUS_C_SIZE   equ	1
  3300   000001                     STATUS_C_LENGTH equ	1
  3301   000001                     STATUS_C_MASK   equ	1
  3302   000001                     STATUS_DC_POSN  equ	1
  3303   000001                     STATUS_DC_POSITION equ	1
  3304   000001                     STATUS_DC_SIZE  equ	1
  3305   000001                     STATUS_DC_LENGTH equ	1
  3306   000002                     STATUS_DC_MASK  equ	2
  3307   000002                     STATUS_Z_POSN   equ	2
  3308   000002                     STATUS_Z_POSITION equ	2
  3309   000001                     STATUS_Z_SIZE   equ	1
  3310   000001                     STATUS_Z_LENGTH equ	1
  3311   000004                     STATUS_Z_MASK   equ	4
  3312   000003                     STATUS_OV_POSN  equ	3
  3313   000003                     STATUS_OV_POSITION equ	3
  3314   000001                     STATUS_OV_SIZE  equ	1
  3315   000001                     STATUS_OV_LENGTH equ	1
  3316   000008                     STATUS_OV_MASK  equ	8
  3317   000004                     STATUS_N_POSN   equ	4
  3318   000004                     STATUS_N_POSITION equ	4
  3319   000001                     STATUS_N_SIZE   equ	1
  3320   000001                     STATUS_N_LENGTH equ	1
  3321   000010                     STATUS_N_MASK   equ	16
  3322   000000                     STATUS_CARRY_POSN equ	0
  3323   000000                     STATUS_CARRY_POSITION equ	0
  3324   000001                     STATUS_CARRY_SIZE equ	1
  3325   000001                     STATUS_CARRY_LENGTH equ	1
  3326   000001                     STATUS_CARRY_MASK equ	1
  3327   000002                     STATUS_ZERO_POSN equ	2
  3328   000002                     STATUS_ZERO_POSITION equ	2
  3329   000001                     STATUS_ZERO_SIZE equ	1
  3330   000001                     STATUS_ZERO_LENGTH equ	1
  3331   000004                     STATUS_ZERO_MASK equ	4
  3332   000003                     STATUS_OVERFLOW_POSN equ	3
  3333   000003                     STATUS_OVERFLOW_POSITION equ	3
  3334   000001                     STATUS_OVERFLOW_SIZE equ	1
  3335   000001                     STATUS_OVERFLOW_LENGTH equ	1
  3336   000008                     STATUS_OVERFLOW_MASK equ	8
  3337   000004                     STATUS_NEGATIVE_POSN equ	4
  3338   000004                     STATUS_NEGATIVE_POSITION equ	4
  3339   000001                     STATUS_NEGATIVE_SIZE equ	1
  3340   000001                     STATUS_NEGATIVE_LENGTH equ	1
  3341   000010                     STATUS_NEGATIVE_MASK equ	16
  3342   000FD9                     FSR2            equ	4057
  3343   000FD9                     FSR2L           equ	4057
  3344   000FDA                     FSR2H           equ	4058
  3345   000FDB                     PLUSW2          equ	4059
  3346   000FDC                     PREINC2         equ	4060
  3347   000FDD                     POSTDEC2        equ	4061
  3348   000FDE                     POSTINC2        equ	4062
  3349   000FDF                     INDF2           equ	4063
  3350   000FE0                     BSR             equ	4064
  3351   000FE1                     FSR1            equ	4065
  3352   000FE1                     FSR1L           equ	4065
  3353   000FE2                     FSR1H           equ	4066
  3354   000FE3                     PLUSW1          equ	4067
  3355   000FE4                     PREINC1         equ	4068
  3356   000FE5                     POSTDEC1        equ	4069
  3357   000FE6                     POSTINC1        equ	4070
  3358   000FE7                     INDF1           equ	4071
  3359   000FE8                     WREG            equ	4072
  3360   000FE9                     FSR0            equ	4073
  3361   000FE9                     FSR0L           equ	4073
  3362   000FEA                     FSR0H           equ	4074
  3363   000FEB                     PLUSW0          equ	4075
  3364   000FEC                     PREINC0         equ	4076
  3365   000FED                     POSTDEC0        equ	4077
  3366   000FEE                     POSTINC0        equ	4078
  3367   000FEF                     INDF0           equ	4079
  3368   000FF0                     INTCON3         equ	4080
  3369   000000                     INTCON3_INT1IF_POSN equ	0
  3370   000000                     INTCON3_INT1IF_POSITION equ	0
  3371   000001                     INTCON3_INT1IF_SIZE equ	1
  3372   000001                     INTCON3_INT1IF_LENGTH equ	1
  3373   000001                     INTCON3_INT1IF_MASK equ	1
  3374   000001                     INTCON3_INT2IF_POSN equ	1
  3375   000001                     INTCON3_INT2IF_POSITION equ	1
  3376   000001                     INTCON3_INT2IF_SIZE equ	1
  3377   000001                     INTCON3_INT2IF_LENGTH equ	1
  3378   000002                     INTCON3_INT2IF_MASK equ	2
  3379   000003                     INTCON3_INT1IE_POSN equ	3
  3380   000003                     INTCON3_INT1IE_POSITION equ	3
  3381   000001                     INTCON3_INT1IE_SIZE equ	1
  3382   000001                     INTCON3_INT1IE_LENGTH equ	1
  3383   000008                     INTCON3_INT1IE_MASK equ	8
  3384   000004                     INTCON3_INT2IE_POSN equ	4
  3385   000004                     INTCON3_INT2IE_POSITION equ	4
  3386   000001                     INTCON3_INT2IE_SIZE equ	1
  3387   000001                     INTCON3_INT2IE_LENGTH equ	1
  3388   000010                     INTCON3_INT2IE_MASK equ	16
  3389   000006                     INTCON3_INT1IP_POSN equ	6
  3390   000006                     INTCON3_INT1IP_POSITION equ	6
  3391   000001                     INTCON3_INT1IP_SIZE equ	1
  3392   000001                     INTCON3_INT1IP_LENGTH equ	1
  3393   000040                     INTCON3_INT1IP_MASK equ	64
  3394   000007                     INTCON3_INT2IP_POSN equ	7
  3395   000007                     INTCON3_INT2IP_POSITION equ	7
  3396   000001                     INTCON3_INT2IP_SIZE equ	1
  3397   000001                     INTCON3_INT2IP_LENGTH equ	1
  3398   000080                     INTCON3_INT2IP_MASK equ	128
  3399   000000                     INTCON3_INT1F_POSN equ	0
  3400   000000                     INTCON3_INT1F_POSITION equ	0
  3401   000001                     INTCON3_INT1F_SIZE equ	1
  3402   000001                     INTCON3_INT1F_LENGTH equ	1
  3403   000001                     INTCON3_INT1F_MASK equ	1
  3404   000001                     INTCON3_INT2F_POSN equ	1
  3405   000001                     INTCON3_INT2F_POSITION equ	1
  3406   000001                     INTCON3_INT2F_SIZE equ	1
  3407   000001                     INTCON3_INT2F_LENGTH equ	1
  3408   000002                     INTCON3_INT2F_MASK equ	2
  3409   000003                     INTCON3_INT1E_POSN equ	3
  3410   000003                     INTCON3_INT1E_POSITION equ	3
  3411   000001                     INTCON3_INT1E_SIZE equ	1
  3412   000001                     INTCON3_INT1E_LENGTH equ	1
  3413   000008                     INTCON3_INT1E_MASK equ	8
  3414   000004                     INTCON3_INT2E_POSN equ	4
  3415   000004                     INTCON3_INT2E_POSITION equ	4
  3416   000001                     INTCON3_INT2E_SIZE equ	1
  3417   000001                     INTCON3_INT2E_LENGTH equ	1
  3418   000010                     INTCON3_INT2E_MASK equ	16
  3419   000006                     INTCON3_INT1P_POSN equ	6
  3420   000006                     INTCON3_INT1P_POSITION equ	6
  3421   000001                     INTCON3_INT1P_SIZE equ	1
  3422   000001                     INTCON3_INT1P_LENGTH equ	1
  3423   000040                     INTCON3_INT1P_MASK equ	64
  3424   000007                     INTCON3_INT2P_POSN equ	7
  3425   000007                     INTCON3_INT2P_POSITION equ	7
  3426   000001                     INTCON3_INT2P_SIZE equ	1
  3427   000001                     INTCON3_INT2P_LENGTH equ	1
  3428   000080                     INTCON3_INT2P_MASK equ	128
  3429   000FF1                     INTCON2         equ	4081
  3430   000007                     INTCON2_NOT_RBPU_POSN equ	7
  3431   000007                     INTCON2_NOT_RBPU_POSITION equ	7
  3432   000001                     INTCON2_NOT_RBPU_SIZE equ	1
  3433   000001                     INTCON2_NOT_RBPU_LENGTH equ	1
  3434   000080                     INTCON2_NOT_RBPU_MASK equ	128
  3435   000000                     INTCON2_RBIP_POSN equ	0
  3436   000000                     INTCON2_RBIP_POSITION equ	0
  3437   000001                     INTCON2_RBIP_SIZE equ	1
  3438   000001                     INTCON2_RBIP_LENGTH equ	1
  3439   000001                     INTCON2_RBIP_MASK equ	1
  3440   000002                     INTCON2_TMR0IP_POSN equ	2
  3441   000002                     INTCON2_TMR0IP_POSITION equ	2
  3442   000001                     INTCON2_TMR0IP_SIZE equ	1
  3443   000001                     INTCON2_TMR0IP_LENGTH equ	1
  3444   000004                     INTCON2_TMR0IP_MASK equ	4
  3445   000004                     INTCON2_INTEDG2_POSN equ	4
  3446   000004                     INTCON2_INTEDG2_POSITION equ	4
  3447   000001                     INTCON2_INTEDG2_SIZE equ	1
  3448   000001                     INTCON2_INTEDG2_LENGTH equ	1
  3449   000010                     INTCON2_INTEDG2_MASK equ	16
  3450   000005                     INTCON2_INTEDG1_POSN equ	5
  3451   000005                     INTCON2_INTEDG1_POSITION equ	5
  3452   000001                     INTCON2_INTEDG1_SIZE equ	1
  3453   000001                     INTCON2_INTEDG1_LENGTH equ	1
  3454   000020                     INTCON2_INTEDG1_MASK equ	32
  3455   000006                     INTCON2_INTEDG0_POSN equ	6
  3456   000006                     INTCON2_INTEDG0_POSITION equ	6
  3457   000001                     INTCON2_INTEDG0_SIZE equ	1
  3458   000001                     INTCON2_INTEDG0_LENGTH equ	1
  3459   000040                     INTCON2_INTEDG0_MASK equ	64
  3460   000007                     INTCON2_nRBPU_POSN equ	7
  3461   000007                     INTCON2_nRBPU_POSITION equ	7
  3462   000001                     INTCON2_nRBPU_SIZE equ	1
  3463   000001                     INTCON2_nRBPU_LENGTH equ	1
  3464   000080                     INTCON2_nRBPU_MASK equ	128
  3465   000007                     INTCON2_RBPU_POSN equ	7
  3466   000007                     INTCON2_RBPU_POSITION equ	7
  3467   000001                     INTCON2_RBPU_SIZE equ	1
  3468   000001                     INTCON2_RBPU_LENGTH equ	1
  3469   000080                     INTCON2_RBPU_MASK equ	128
  3470   000FF2                     INTCON          equ	4082
  3471   000000                     INTCON_RBIF_POSN equ	0
  3472   000000                     INTCON_RBIF_POSITION equ	0
  3473   000001                     INTCON_RBIF_SIZE equ	1
  3474   000001                     INTCON_RBIF_LENGTH equ	1
  3475   000001                     INTCON_RBIF_MASK equ	1
  3476   000001                     INTCON_INT0IF_POSN equ	1
  3477   000001                     INTCON_INT0IF_POSITION equ	1
  3478   000001                     INTCON_INT0IF_SIZE equ	1
  3479   000001                     INTCON_INT0IF_LENGTH equ	1
  3480   000002                     INTCON_INT0IF_MASK equ	2
  3481   000002                     INTCON_TMR0IF_POSN equ	2
  3482   000002                     INTCON_TMR0IF_POSITION equ	2
  3483   000001                     INTCON_TMR0IF_SIZE equ	1
  3484   000001                     INTCON_TMR0IF_LENGTH equ	1
  3485   000004                     INTCON_TMR0IF_MASK equ	4
  3486   000003                     INTCON_RBIE_POSN equ	3
  3487   000003                     INTCON_RBIE_POSITION equ	3
  3488   000001                     INTCON_RBIE_SIZE equ	1
  3489   000001                     INTCON_RBIE_LENGTH equ	1
  3490   000008                     INTCON_RBIE_MASK equ	8
  3491   000004                     INTCON_INT0IE_POSN equ	4
  3492   000004                     INTCON_INT0IE_POSITION equ	4
  3493   000001                     INTCON_INT0IE_SIZE equ	1
  3494   000001                     INTCON_INT0IE_LENGTH equ	1
  3495   000010                     INTCON_INT0IE_MASK equ	16
  3496   000005                     INTCON_TMR0IE_POSN equ	5
  3497   000005                     INTCON_TMR0IE_POSITION equ	5
  3498   000001                     INTCON_TMR0IE_SIZE equ	1
  3499   000001                     INTCON_TMR0IE_LENGTH equ	1
  3500   000020                     INTCON_TMR0IE_MASK equ	32
  3501   000006                     INTCON_PEIE_GIEL_POSN equ	6
  3502   000006                     INTCON_PEIE_GIEL_POSITION equ	6
  3503   000001                     INTCON_PEIE_GIEL_SIZE equ	1
  3504   000001                     INTCON_PEIE_GIEL_LENGTH equ	1
  3505   000040                     INTCON_PEIE_GIEL_MASK equ	64
  3506   000007                     INTCON_GIE_GIEH_POSN equ	7
  3507   000007                     INTCON_GIE_GIEH_POSITION equ	7
  3508   000001                     INTCON_GIE_GIEH_SIZE equ	1
  3509   000001                     INTCON_GIE_GIEH_LENGTH equ	1
  3510   000080                     INTCON_GIE_GIEH_MASK equ	128
  3511   000001                     INTCON_INT0F_POSN equ	1
  3512   000001                     INTCON_INT0F_POSITION equ	1
  3513   000001                     INTCON_INT0F_SIZE equ	1
  3514   000001                     INTCON_INT0F_LENGTH equ	1
  3515   000002                     INTCON_INT0F_MASK equ	2
  3516   000002                     INTCON_T0IF_POSN equ	2
  3517   000002                     INTCON_T0IF_POSITION equ	2
  3518   000001                     INTCON_T0IF_SIZE equ	1
  3519   000001                     INTCON_T0IF_LENGTH equ	1
  3520   000004                     INTCON_T0IF_MASK equ	4
  3521   000004                     INTCON_INT0E_POSN equ	4
  3522   000004                     INTCON_INT0E_POSITION equ	4
  3523   000001                     INTCON_INT0E_SIZE equ	1
  3524   000001                     INTCON_INT0E_LENGTH equ	1
  3525   000010                     INTCON_INT0E_MASK equ	16
  3526   000005                     INTCON_T0IE_POSN equ	5
  3527   000005                     INTCON_T0IE_POSITION equ	5
  3528   000001                     INTCON_T0IE_SIZE equ	1
  3529   000001                     INTCON_T0IE_LENGTH equ	1
  3530   000020                     INTCON_T0IE_MASK equ	32
  3531   000006                     INTCON_PEIE_POSN equ	6
  3532   000006                     INTCON_PEIE_POSITION equ	6
  3533   000001                     INTCON_PEIE_SIZE equ	1
  3534   000001                     INTCON_PEIE_LENGTH equ	1
  3535   000040                     INTCON_PEIE_MASK equ	64
  3536   000007                     INTCON_GIE_POSN equ	7
  3537   000007                     INTCON_GIE_POSITION equ	7
  3538   000001                     INTCON_GIE_SIZE equ	1
  3539   000001                     INTCON_GIE_LENGTH equ	1
  3540   000080                     INTCON_GIE_MASK equ	128
  3541   000006                     INTCON_GIEL_POSN equ	6
  3542   000006                     INTCON_GIEL_POSITION equ	6
  3543   000001                     INTCON_GIEL_SIZE equ	1
  3544   000001                     INTCON_GIEL_LENGTH equ	1
  3545   000040                     INTCON_GIEL_MASK equ	64
  3546   000007                     INTCON_GIEH_POSN equ	7
  3547   000007                     INTCON_GIEH_POSITION equ	7
  3548   000001                     INTCON_GIEH_SIZE equ	1
  3549   000001                     INTCON_GIEH_LENGTH equ	1
  3550   000080                     INTCON_GIEH_MASK equ	128
  3551   000FF3                     PROD            equ	4083
  3552   000FF3                     PRODL           equ	4083
  3553   000FF4                     PRODH           equ	4084
  3554   000FF5                     TABLAT          equ	4085
  3555   000FF6                     TBLPTR          equ	4086
  3556   000FF6                     TBLPTRL         equ	4086
  3557   000FF7                     TBLPTRH         equ	4087
  3558   000FF8                     TBLPTRU         equ	4088
  3559   000FF9                     PCLAT           equ	4089
  3560   000FF9                     PCL             equ	4089
  3561   000FFA                     PCLATH          equ	4090
  3562   000FFB                     PCLATU          equ	4091
  3563   000FFC                     STKPTR          equ	4092
  3564   000000                     STKPTR_STKPTR_POSN equ	0
  3565   000000                     STKPTR_STKPTR_POSITION equ	0
  3566   000005                     STKPTR_STKPTR_SIZE equ	5
  3567   000005                     STKPTR_STKPTR_LENGTH equ	5
  3568   00001F                     STKPTR_STKPTR_MASK equ	31
  3569   000006                     STKPTR_STKUNF_POSN equ	6
  3570   000006                     STKPTR_STKUNF_POSITION equ	6
  3571   000001                     STKPTR_STKUNF_SIZE equ	1
  3572   000001                     STKPTR_STKUNF_LENGTH equ	1
  3573   000040                     STKPTR_STKUNF_MASK equ	64
  3574   000007                     STKPTR_STKFUL_POSN equ	7
  3575   000007                     STKPTR_STKFUL_POSITION equ	7
  3576   000001                     STKPTR_STKFUL_SIZE equ	1
  3577   000001                     STKPTR_STKFUL_LENGTH equ	1
  3578   000080                     STKPTR_STKFUL_MASK equ	128
  3579   000000                     STKPTR_SP0_POSN equ	0
  3580   000000                     STKPTR_SP0_POSITION equ	0
  3581   000001                     STKPTR_SP0_SIZE equ	1
  3582   000001                     STKPTR_SP0_LENGTH equ	1
  3583   000001                     STKPTR_SP0_MASK equ	1
  3584   000001                     STKPTR_SP1_POSN equ	1
  3585   000001                     STKPTR_SP1_POSITION equ	1
  3586   000001                     STKPTR_SP1_SIZE equ	1
  3587   000001                     STKPTR_SP1_LENGTH equ	1
  3588   000002                     STKPTR_SP1_MASK equ	2
  3589   000002                     STKPTR_SP2_POSN equ	2
  3590   000002                     STKPTR_SP2_POSITION equ	2
  3591   000001                     STKPTR_SP2_SIZE equ	1
  3592   000001                     STKPTR_SP2_LENGTH equ	1
  3593   000004                     STKPTR_SP2_MASK equ	4
  3594   000003                     STKPTR_SP3_POSN equ	3
  3595   000003                     STKPTR_SP3_POSITION equ	3
  3596   000001                     STKPTR_SP3_SIZE equ	1
  3597   000001                     STKPTR_SP3_LENGTH equ	1
  3598   000008                     STKPTR_SP3_MASK equ	8
  3599   000004                     STKPTR_SP4_POSN equ	4
  3600   000004                     STKPTR_SP4_POSITION equ	4
  3601   000001                     STKPTR_SP4_SIZE equ	1
  3602   000001                     STKPTR_SP4_LENGTH equ	1
  3603   000010                     STKPTR_SP4_MASK equ	16
  3604   000007                     STKPTR_STKOVF_POSN equ	7
  3605   000007                     STKPTR_STKOVF_POSITION equ	7
  3606   000001                     STKPTR_STKOVF_SIZE equ	1
  3607   000001                     STKPTR_STKOVF_LENGTH equ	1
  3608   000080                     STKPTR_STKOVF_MASK equ	128
  3609   000FFD                     TOS             equ	4093
  3610   000FFD                     TOSL            equ	4093
  3611   000FFE                     TOSH            equ	4094
  3612   000FFF                     TOSU            equ	4095
  3613                           
  3614                           	psect	edata
  3615   000000                     stk_offset      set	0
  3616   000000                     auto_size       set	0
  3617                           
  3618                           ; stack_auto defines a symbol /name/_offset which equates to the
  3619                           ; stack offset of the auto object in question
  3620   000000                     
  3621                           ; stack_param defines a symbol /name/_offset which equates to the
  3622                           ; stack offset of the parameter object in question
  3623   000000                     
  3624                           ; alloc_stack adjusts the SP to allocate space for auto objects
  3625                           ; it also links in to the btemp symbol so that can be used
  3626   000000                     
  3627                           ; restore_stack adjusts the SP to remove all auto and parameter
  3628                           ; objects from the stack prior to returning from a function
  3629   000000                     
  3630                           	psect	mytext
  3631   000718                     _mul_extended:
  3632                           	callstack 0
  3633   000718  C001 F012          	movff	1,18
  3634   00071C  C002 F001          	movff	2,1
  3635   000720  C012 F002          	movff	18,2
  3636   000724  6A12               	clrf	18,c
  3637   000726  C003 F014          	movff	3,20
  3638   00072A  C004 F003          	movff	4,3
  3639   00072E  C014 F004          	movff	20,4
  3640   000732  6A14               	clrf	20,c
  3641   000734  AE03               	btfss	3,7,c
  3642   000736  D00B               	goto	SKIP_B_POS
  3643   000738  0E80               	movlw	128
  3644   00073A  6203               	cpfseq	3,c
  3645   00073C  D004               	goto	NOT_B_32768
  3646   00073E  0E00               	movlw	0
  3647   000740  6204               	cpfseq	4,c
  3648   000742  D001               	goto	NOT_B_32768
  3649   000744  D003               	goto	L1
  3650   000746                     NOT_B_32768:
  3651   000746  6C03               	negf	3,c
  3652   000748  0603               	decf	3,f,c
  3653   00074A  6C04               	negf	4,c
  3654   00074C                     L1:
  3655   00074C  2A20               	incf	32,f,c
  3656   00074E                     SKIP_B_POS:
  3657   00074E  AE01               	btfss	1,7,c
  3658   000750  D00B               	goto	SKIP_A_POS
  3659   000752  0E80               	movlw	128
  3660   000754  6201               	cpfseq	1,c
  3661   000756  D004               	goto	NOT_A_32768
  3662   000758  0E00               	movlw	0
  3663   00075A  6202               	cpfseq	2,c
  3664   00075C  D001               	goto	NOT_A_32768
  3665   00075E  D003               	goto	L2
  3666   000760                     NOT_A_32768:
  3667   000760  6C01               	negf	1,c
  3668   000762  0601               	decf	1,f,c
  3669   000764  6C02               	negf	2,c
  3670   000766                     L2:
  3671   000766  2A20               	incf	32,f,c
  3672   000768                     SKIP_A_POS:
  3673   000768  5002               	movf	2,w,c
  3674   00076A  0204               	mulwf	4,c
  3675   00076C  CFF3 F013          	movff	prodl,19
  3676   000770  CFF4 F012          	movff	prodh,18
  3677   000774  5002               	movf	2,w,c
  3678   000776  0203               	mulwf	3,c
  3679   000778  50F3               	movf	prodl,w,c
  3680   00077A  2612               	addwf	18,f,c
  3681   00077C  0E00               	movlw	0
  3682   00077E  2211               	addwfc	17,f,c
  3683   000780  50F4               	movf	prodh,w,c
  3684   000782  2611               	addwf	17,f,c
  3685   000784  0E00               	movlw	0
  3686   000786  2210               	addwfc	16,f,c
  3687   000788  5001               	movf	1,w,c
  3688   00078A  0204               	mulwf	4,c
  3689   00078C  50F3               	movf	prodl,w,c
  3690   00078E  2612               	addwf	18,f,c
  3691   000790  0E00               	movlw	0
  3692   000792  2211               	addwfc	17,f,c
  3693   000794  50F4               	movf	prodh,w,c
  3694   000796  2611               	addwf	17,f,c
  3695   000798  0E00               	movlw	0
  3696   00079A  2210               	addwfc	16,f,c
  3697   00079C  5001               	movf	1,w,c
  3698   00079E  0203               	mulwf	3,c
  3699   0007A0  50F3               	movf	prodl,w,c
  3700   0007A2  2611               	addwf	17,f,c
  3701   0007A4  50F4               	movf	prodh,w,c
  3702   0007A6  2610               	addwf	16,f,c
  3703   0007A8  A020               	btfss	32,0,c
  3704   0007AA  D00D               	goto	FINISH
  3705   0007AC  6C13               	negf	19,c
  3706   0007AE  0613               	decf	19,f,c
  3707   0007B0  6C12               	negf	18,c
  3708   0007B2  0612               	decf	18,f,c
  3709   0007B4  6C11               	negf	17,c
  3710   0007B6  0611               	decf	17,f,c
  3711   0007B8  6C10               	negf	16,c
  3712   0007BA  0610               	decf	16,f,c
  3713   0007BC  2A13               	incf	19,f,c
  3714   0007BE  0E00               	movlw	0
  3715   0007C0  2212               	addwfc	18,f,c
  3716   0007C2  2211               	addwfc	17,f,c
  3717   0007C4  2210               	addwfc	16,f,c
  3718   0007C6                     FINISH:
  3719   0007C6  C010 F004          	movff	16,4
  3720   0007CA  C011 F003          	movff	17,3
  3721   0007CE  C012 F002          	movff	18,2
  3722   0007D2  C013 F001          	movff	19,1
  3723   0007D6  0012               	return	
  3724                           tosu	equ	0xFFF
  3725                           tosh	equ	0xFFE
  3726                           tosl	equ	0xFFD
  3727                           stkptr	equ	0xFFC
  3728                           pclatu	equ	0xFFB
  3729                           pclath	equ	0xFFA
  3730                           pcl	equ	0xFF9
  3731                           tblptru	equ	0xFF8
  3732                           tblptrh	equ	0xFF7
  3733                           tblptrl	equ	0xFF6
  3734                           tablat	equ	0xFF5
  3735                           prodh	equ	0xFF4
  3736                           prodl	equ	0xFF3
  3737                           indf0	equ	0xFEF
  3738                           postinc0	equ	0xFEE
  3739                           postdec0	equ	0xFED
  3740                           preinc0	equ	0xFEC
  3741                           plusw0	equ	0xFEB
  3742                           fsr0h	equ	0xFEA
  3743                           fsr0l	equ	0xFE9
  3744                           wreg	equ	0xFE8
  3745                           indf1	equ	0xFE7
  3746                           postinc1	equ	0xFE6
  3747                           postdec1	equ	0xFE5
  3748                           preinc1	equ	0xFE4
  3749                           plusw1	equ	0xFE3
  3750                           fsr1h	equ	0xFE2
  3751                           fsr1l	equ	0xFE1
  3752                           bsr	equ	0xFE0
  3753                           indf2	equ	0xFDF
  3754                           postinc2	equ	0xFDE
  3755                           postdec2	equ	0xFDD
  3756                           preinc2	equ	0xFDC
  3757                           plusw2	equ	0xFDB
  3758                           fsr2h	equ	0xFDA
  3759                           fsr2l	equ	0xFD9
  3760                           status	equ	0xFD8


Microchip Technology PIC18 Macro Assembler V3.00 build 20241204225717 
Symbol Table                                                                                               Sun Oct 12 21:50:39 2025

                       PRODH 0FF4                         PRODL 0FF3                        FINISH 07C6  
                     isa$std 0001                    SKIP_A_POS 0768                    SKIP_B_POS 074E  
                 NOT_A_32768 0760                   NOT_B_32768 0746                     isa$xinst 0000  
               _mul_extended 0718  
