

Microchip MPLAB XC8 Assembler V3.00 build 20241204225717 
                                                                                               Mon Nov 24 12:00:27 2025

Microchip MPLAB XC8 C Compiler v3.00 (Free license) build 20241204225717 Og1 
     1                           	processor	18F4520
     2                           	fnconf	rparam,??,?,0
     3                           	pagewidth 120
     4                           	opt	flic
     5                           	psect	idataCOMRAM,global,class=CODE,space=0,delta=1,noexec
     6                           	psect	smallconst,global,reloc=2,class=SMALLCONST,space=0,delta=1,noexec
     7                           	psect	cinit,global,reloc=2,class=CODE,space=0,delta=1
     8                           	psect	bssCOMRAM,global,class=COMRAM,space=1,delta=1,lowdata,noexec
     9                           	psect	dataCOMRAM,global,class=COMRAM,space=1,delta=1,lowdata,noexec
    10                           	psect	bssBANK0,global,class=BANK0,space=1,delta=1,lowdata,noexec
    11                           	psect	cstackCOMRAM,global,class=COMRAM,space=1,delta=1,lowdata,noexec
    12                           	psect	text0,global,reloc=2,class=CODE,space=0,delta=1
    13                           	psect	text1,global,reloc=2,class=CODE,space=0,delta=1
    14                           	psect	text2,global,reloc=2,class=CODE,space=0,delta=1
    15                           	psect	text3,global,reloc=2,class=CODE,space=0,delta=1
    16                           	psect	text4,global,reloc=2,class=CODE,space=0,delta=1
    17                           	psect	text5,global,reloc=2,class=CODE,space=0,delta=1
    18                           	psect	text6,global,reloc=2,class=CODE,space=0,delta=1
    19                           	psect	text7,global,reloc=2,class=CODE,space=0,delta=1
    20                           	psect	text8,global,reloc=2,class=CODE,space=0,delta=1,group=3
    21                           	psect	text9,global,reloc=2,class=CODE,space=0,delta=1,group=3
    22                           	psect	text10,global,reloc=2,class=CODE,space=0,delta=1,group=1
    23                           	psect	text11,global,reloc=2,class=CODE,space=0,delta=1,group=1
    24                           	psect	text12,global,reloc=2,class=CODE,space=0,delta=1,group=3
    25                           	psect	text13,global,reloc=2,class=CODE,space=0,delta=1,group=3
    26                           	psect	text14,global,reloc=2,class=CODE,space=0,delta=1,group=3
    27                           	psect	text15,global,reloc=2,class=CODE,space=0,delta=1,group=2
    28                           	psect	text16,global,reloc=2,class=CODE,space=0,delta=1,group=2
    29                           	psect	text17,global,reloc=2,class=CODE,space=0,delta=1
    30                           	psect	text18,global,reloc=2,class=CODE,space=0,delta=1
    31                           	psect	text19,global,reloc=2,class=CODE,space=0,delta=1
    32                           	psect	text20,global,reloc=2,class=CODE,space=0,delta=1
    33                           	psect	text21,global,reloc=2,class=CODE,space=0,delta=1
    34                           	psect	text22,global,reloc=2,class=CODE,space=0,delta=1,group=2
    35                           	psect	text23,global,reloc=2,class=CODE,space=0,delta=1
    36                           	psect	intcodelo,global,reloc=2,class=CODE,space=0,delta=1
    37                           	psect	text25,global,reloc=2,class=CODE,space=0,delta=1
    38                           	psect	intcode,global,reloc=2,class=CODE,space=0,delta=1
    39                           	psect	intcode_body,global,reloc=2,class=CODE,space=0,delta=1
    40                           	psect	text27,global,reloc=2,class=CODE,space=0,delta=1
    41                           	psect	text28,global,reloc=2,class=CODE,space=0,delta=1
    42                           	psect	text29,global,reloc=2,class=CODE,space=0,delta=1
    43                           	psect	intsave_regs,global,class=BIGRAM,space=1,delta=1,noexec
    44                           	psect	rparam,global,class=COMRAM,space=1,delta=1,noexec
    45                           	psect	temp,global,ovrld,common,class=COMRAM,space=1,delta=1,lowdata
    46                           	psect	idloc,global,abs,ovrld,class=IDLOC,space=5,delta=1,noexec
    47                           	psect	config,global,abs,ovrld,class=CONFIG,space=4,delta=1,noexec
    48   000000                     
    49                           ; Generated 05/12/2024 GMT
    50                           ; 
    51                           ; Copyright © 2024, Microchip Technology Inc. and its subsidiaries ("Microchip")
    52                           ; All rights reserved.
    53                           ; 
    54                           ; This software is developed by Microchip Technology Inc. and its subsidiaries ("Microch
      +                          ip").
    55                           ; 
    56                           ; Redistribution and use in source and binary forms, with or without modification, are
    57                           ; permitted provided that the following conditions are met:
    58                           ; 
    59                           ;     1. Redistributions of source code must retain the above copyright notice, this lis
      +                          t of
    60                           ;        conditions and the following disclaimer.
    61                           ; 
    62                           ;     2. Redistributions in binary form must reproduce the above copyright notice, this 
      +                          list
    63                           ;        of conditions and the following disclaimer in the documentation and/or other
    64                           ;        materials provided with the distribution. Publication is not required when
    65                           ;        this file is used in an embedded application.
    66                           ; 
    67                           ;     3. Microchip's name may not be used to endorse or promote products derived from th
      +                          is
    68                           ;        software without specific prior written permission.
    69                           ; 
    70                           ; THIS SOFTWARE IS PROVIDED BY MICROCHIP "AS IS" AND ANY EXPRESS OR IMPLIED WARRANTIES,
    71                           ; INCLUDING, BUT NOT LIMITED TO, THE IMPLIED WARRANTIES OF MERCHANTABILITY AND FITNESS F
      +                          OR
    72                           ; PURPOSE ARE DISCLAIMED.  IN NO EVENT SHALL MICROCHIP BE LIABLE FOR ANY DIRECT, INDIREC
      +                          T,
    73                           ; INCIDENTAL, SPECIAL, EXEMPLARY, OR CONSEQUENTIAL DAMAGES (INCLUDING BUT NOT LIMITED TO
    74                           ; PROCUREMENT OF SUBSTITUTE GOODS OR SERVICES; LOSS OF USE, DATA OR PROFITS; OR BUSINESS
    75                           ; INTERRUPTION) HOWSOEVER CAUSED AND ON ANY THEORY OF LIABILITY, WHETHER IN CONTRACT, ST
      +                          RICT
    76                           ; LIABILITY, OR TORT (INCLUDING NEGLIGENCE OR OTHERWISE) ARISING IN ANY WAY OUT OF THE U
      +                          SE OF
    77                           ; THIS SOFTWARE, EVEN IF ADVISED OF THE POSSIBILITY OF SUCH DAMAGE.
    78                           ; 
    79                           ; 
    80                           ; Code-generator required, PIC18F4520 Definitions
    81                           ; 
    82                           ; SFR Addresses
    83   000FE0                     bsr             equ	4064
    84   000FE9                     fsr0            equ	4073
    85   000FEA                     fsr0h           equ	4074
    86   000FE9                     fsr0l           equ	4073
    87   000FE1                     fsr1            equ	4065
    88   000FE2                     fsr1h           equ	4066
    89   000FE1                     fsr1l           equ	4065
    90   000FD9                     fsr2            equ	4057
    91   000FDA                     fsr2h           equ	4058
    92   000FD9                     fsr2l           equ	4057
    93   000FEF                     indf0           equ	4079
    94   000FE7                     indf1           equ	4071
    95   000FDF                     indf2           equ	4063
    96   000FF2                     intcon          equ	4082
    97   000000                     nvmcon          equ	0
    98   000FF9                     pcl             equ	4089
    99   000FFA                     pclath          equ	4090
   100   000FFB                     pclatu          equ	4091
   101   000FEB                     plusw0          equ	4075
   102   000FE3                     plusw1          equ	4067
   103   000FDB                     plusw2          equ	4059
   104   000FED                     postdec0        equ	4077
   105   000FE5                     postdec1        equ	4069
   106   000FDD                     postdec2        equ	4061
   107   000FEE                     postinc0        equ	4078
   108   000FE6                     postinc1        equ	4070
   109   000FDE                     postinc2        equ	4062
   110   000FEC                     preinc0         equ	4076
   111   000FE4                     preinc1         equ	4068
   112   000FDC                     preinc2         equ	4060
   113   000FF3                     prod            equ	4083
   114   000FF4                     prodh           equ	4084
   115   000FF3                     prodl           equ	4083
   116   000FD8                     status          equ	4056
   117   000FF5                     tablat          equ	4085
   118   000FF6                     tblptr          equ	4086
   119   000FF7                     tblptrh         equ	4087
   120   000FF6                     tblptrl         equ	4086
   121   000FF8                     tblptru         equ	4088
   122   000FFD                     tosl            equ	4093
   123   000FE8                     wreg            equ	4072
   124   000F80                     PORTA           equ	3968	;# 
   125   000F81                     PORTB           equ	3969	;# 
   126   000F82                     PORTC           equ	3970	;# 
   127   000F83                     PORTD           equ	3971	;# 
   128   000F84                     PORTE           equ	3972	;# 
   129   000F89                     LATA            equ	3977	;# 
   130   000F8A                     LATB            equ	3978	;# 
   131   000F8B                     LATC            equ	3979	;# 
   132   000F8C                     LATD            equ	3980	;# 
   133   000F8D                     LATE            equ	3981	;# 
   134   000F92                     TRISA           equ	3986	;# 
   135   000F92                     DDRA            equ	3986	;# 
   136   000F93                     TRISB           equ	3987	;# 
   137   000F93                     DDRB            equ	3987	;# 
   138   000F94                     TRISC           equ	3988	;# 
   139   000F94                     DDRC            equ	3988	;# 
   140   000F95                     TRISD           equ	3989	;# 
   141   000F95                     DDRD            equ	3989	;# 
   142   000F96                     TRISE           equ	3990	;# 
   143   000F96                     DDRE            equ	3990	;# 
   144   000F9B                     OSCTUNE         equ	3995	;# 
   145   000F9D                     PIE1            equ	3997	;# 
   146   000F9E                     PIR1            equ	3998	;# 
   147   000F9F                     IPR1            equ	3999	;# 
   148   000FA0                     PIE2            equ	4000	;# 
   149   000FA1                     PIR2            equ	4001	;# 
   150   000FA2                     IPR2            equ	4002	;# 
   151   000FA6                     EECON1          equ	4006	;# 
   152   000FA7                     EECON2          equ	4007	;# 
   153   000FA8                     EEDATA          equ	4008	;# 
   154   000FA9                     EEADR           equ	4009	;# 
   155   000FAB                     RCSTA           equ	4011	;# 
   156   000FAB                     RCSTA1          equ	4011	;# 
   157   000FAC                     TXSTA           equ	4012	;# 
   158   000FAC                     TXSTA1          equ	4012	;# 
   159   000FAD                     TXREG           equ	4013	;# 
   160   000FAD                     TXREG1          equ	4013	;# 
   161   000FAE                     RCREG           equ	4014	;# 
   162   000FAE                     RCREG1          equ	4014	;# 
   163   000FAF                     SPBRG           equ	4015	;# 
   164   000FAF                     SPBRG1          equ	4015	;# 
   165   000FB0                     SPBRGH          equ	4016	;# 
   166   000FB1                     T3CON           equ	4017	;# 
   167   000FB2                     TMR3            equ	4018	;# 
   168   000FB2                     TMR3L           equ	4018	;# 
   169   000FB3                     TMR3H           equ	4019	;# 
   170   000FB4                     CMCON           equ	4020	;# 
   171   000FB5                     CVRCON          equ	4021	;# 
   172   000FB6                     ECCP1AS         equ	4022	;# 
   173   000FB6                     ECCPAS          equ	4022	;# 
   174   000FB7                     PWM1CON         equ	4023	;# 
   175   000FB7                     ECCP1DEL        equ	4023	;# 
   176   000FB8                     BAUDCON         equ	4024	;# 
   177   000FB8                     BAUDCTL         equ	4024	;# 
   178   000FBA                     CCP2CON         equ	4026	;# 
   179   000FBB                     CCPR2           equ	4027	;# 
   180   000FBB                     CCPR2L          equ	4027	;# 
   181   000FBC                     CCPR2H          equ	4028	;# 
   182   000FBD                     CCP1CON         equ	4029	;# 
   183   000FBE                     CCPR1           equ	4030	;# 
   184   000FBE                     CCPR1L          equ	4030	;# 
   185   000FBF                     CCPR1H          equ	4031	;# 
   186   000FC0                     ADCON2          equ	4032	;# 
   187   000FC1                     ADCON1          equ	4033	;# 
   188   000FC2                     ADCON0          equ	4034	;# 
   189   000FC3                     ADRES           equ	4035	;# 
   190   000FC3                     ADRESL          equ	4035	;# 
   191   000FC4                     ADRESH          equ	4036	;# 
   192   000FC5                     SSPCON2         equ	4037	;# 
   193   000FC6                     SSPCON1         equ	4038	;# 
   194   000FC7                     SSPSTAT         equ	4039	;# 
   195   000FC8                     SSPADD          equ	4040	;# 
   196   000FC9                     SSPBUF          equ	4041	;# 
   197   000FCA                     T2CON           equ	4042	;# 
   198   000FCB                     PR2             equ	4043	;# 
   199   000FCB                     MEMCON          equ	4043	;# 
   200   000FCC                     TMR2            equ	4044	;# 
   201   000FCD                     T1CON           equ	4045	;# 
   202   000FCE                     TMR1            equ	4046	;# 
   203   000FCE                     TMR1L           equ	4046	;# 
   204   000FCF                     TMR1H           equ	4047	;# 
   205   000FD0                     RCON            equ	4048	;# 
   206   000FD1                     WDTCON          equ	4049	;# 
   207   000FD2                     HLVDCON         equ	4050	;# 
   208   000FD2                     LVDCON          equ	4050	;# 
   209   000FD3                     OSCCON          equ	4051	;# 
   210   000FD5                     T0CON           equ	4053	;# 
   211   000FD6                     TMR0            equ	4054	;# 
   212   000FD6                     TMR0L           equ	4054	;# 
   213   000FD7                     TMR0H           equ	4055	;# 
   214   000FD8                     STATUS          equ	4056	;# 
   215   000FD9                     FSR2            equ	4057	;# 
   216   000FD9                     FSR2L           equ	4057	;# 
   217   000FDA                     FSR2H           equ	4058	;# 
   218   000FDB                     PLUSW2          equ	4059	;# 
   219   000FDC                     PREINC2         equ	4060	;# 
   220   000FDD                     POSTDEC2        equ	4061	;# 
   221   000FDE                     POSTINC2        equ	4062	;# 
   222   000FDF                     INDF2           equ	4063	;# 
   223   000FE0                     BSR             equ	4064	;# 
   224   000FE1                     FSR1            equ	4065	;# 
   225   000FE1                     FSR1L           equ	4065	;# 
   226   000FE2                     FSR1H           equ	4066	;# 
   227   000FE3                     PLUSW1          equ	4067	;# 
   228   000FE4                     PREINC1         equ	4068	;# 
   229   000FE5                     POSTDEC1        equ	4069	;# 
   230   000FE6                     POSTINC1        equ	4070	;# 
   231   000FE7                     INDF1           equ	4071	;# 
   232   000FE8                     WREG            equ	4072	;# 
   233   000FE9                     FSR0            equ	4073	;# 
   234   000FE9                     FSR0L           equ	4073	;# 
   235   000FEA                     FSR0H           equ	4074	;# 
   236   000FEB                     PLUSW0          equ	4075	;# 
   237   000FEC                     PREINC0         equ	4076	;# 
   238   000FED                     POSTDEC0        equ	4077	;# 
   239   000FEE                     POSTINC0        equ	4078	;# 
   240   000FEF                     INDF0           equ	4079	;# 
   241   000FF0                     INTCON3         equ	4080	;# 
   242   000FF1                     INTCON2         equ	4081	;# 
   243   000FF2                     INTCON          equ	4082	;# 
   244   000FF3                     PROD            equ	4083	;# 
   245   000FF3                     PRODL           equ	4083	;# 
   246   000FF4                     PRODH           equ	4084	;# 
   247   000FF5                     TABLAT          equ	4085	;# 
   248   000FF6                     TBLPTR          equ	4086	;# 
   249   000FF6                     TBLPTRL         equ	4086	;# 
   250   000FF7                     TBLPTRH         equ	4087	;# 
   251   000FF8                     TBLPTRU         equ	4088	;# 
   252   000FF9                     PCLAT           equ	4089	;# 
   253   000FF9                     PC              equ	4089	;# 
   254   000FF9                     PCL             equ	4089	;# 
   255   000FFA                     PCLATH          equ	4090	;# 
   256   000FFB                     PCLATU          equ	4091	;# 
   257   000FFC                     STKPTR          equ	4092	;# 
   258   000FFD                     TOS             equ	4093	;# 
   259   000FFD                     TOSL            equ	4093	;# 
   260   000FFE                     TOSH            equ	4094	;# 
   261   000FFF                     TOSU            equ	4095	;# 
   262   000F80                     PORTA           equ	3968	;# 
   263   000F81                     PORTB           equ	3969	;# 
   264   000F82                     PORTC           equ	3970	;# 
   265   000F83                     PORTD           equ	3971	;# 
   266   000F84                     PORTE           equ	3972	;# 
   267   000F89                     LATA            equ	3977	;# 
   268   000F8A                     LATB            equ	3978	;# 
   269   000F8B                     LATC            equ	3979	;# 
   270   000F8C                     LATD            equ	3980	;# 
   271   000F8D                     LATE            equ	3981	;# 
   272   000F92                     TRISA           equ	3986	;# 
   273   000F92                     DDRA            equ	3986	;# 
   274   000F93                     TRISB           equ	3987	;# 
   275   000F93                     DDRB            equ	3987	;# 
   276   000F94                     TRISC           equ	3988	;# 
   277   000F94                     DDRC            equ	3988	;# 
   278   000F95                     TRISD           equ	3989	;# 
   279   000F95                     DDRD            equ	3989	;# 
   280   000F96                     TRISE           equ	3990	;# 
   281   000F96                     DDRE            equ	3990	;# 
   282   000F9B                     OSCTUNE         equ	3995	;# 
   283   000F9D                     PIE1            equ	3997	;# 
   284   000F9E                     PIR1            equ	3998	;# 
   285   000F9F                     IPR1            equ	3999	;# 
   286   000FA0                     PIE2            equ	4000	;# 
   287   000FA1                     PIR2            equ	4001	;# 
   288   000FA2                     IPR2            equ	4002	;# 
   289   000FA6                     EECON1          equ	4006	;# 
   290   000FA7                     EECON2          equ	4007	;# 
   291   000FA8                     EEDATA          equ	4008	;# 
   292   000FA9                     EEADR           equ	4009	;# 
   293   000FAB                     RCSTA           equ	4011	;# 
   294   000FAB                     RCSTA1          equ	4011	;# 
   295   000FAC                     TXSTA           equ	4012	;# 
   296   000FAC                     TXSTA1          equ	4012	;# 
   297   000FAD                     TXREG           equ	4013	;# 
   298   000FAD                     TXREG1          equ	4013	;# 
   299   000FAE                     RCREG           equ	4014	;# 
   300   000FAE                     RCREG1          equ	4014	;# 
   301   000FAF                     SPBRG           equ	4015	;# 
   302   000FAF                     SPBRG1          equ	4015	;# 
   303   000FB0                     SPBRGH          equ	4016	;# 
   304   000FB1                     T3CON           equ	4017	;# 
   305   000FB2                     TMR3            equ	4018	;# 
   306   000FB2                     TMR3L           equ	4018	;# 
   307   000FB3                     TMR3H           equ	4019	;# 
   308   000FB4                     CMCON           equ	4020	;# 
   309   000FB5                     CVRCON          equ	4021	;# 
   310   000FB6                     ECCP1AS         equ	4022	;# 
   311   000FB6                     ECCPAS          equ	4022	;# 
   312   000FB7                     PWM1CON         equ	4023	;# 
   313   000FB7                     ECCP1DEL        equ	4023	;# 
   314   000FB8                     BAUDCON         equ	4024	;# 
   315   000FB8                     BAUDCTL         equ	4024	;# 
   316   000FBA                     CCP2CON         equ	4026	;# 
   317   000FBB                     CCPR2           equ	4027	;# 
   318   000FBB                     CCPR2L          equ	4027	;# 
   319   000FBC                     CCPR2H          equ	4028	;# 
   320   000FBD                     CCP1CON         equ	4029	;# 
   321   000FBE                     CCPR1           equ	4030	;# 
   322   000FBE                     CCPR1L          equ	4030	;# 
   323   000FBF                     CCPR1H          equ	4031	;# 
   324   000FC0                     ADCON2          equ	4032	;# 
   325   000FC1                     ADCON1          equ	4033	;# 
   326   000FC2                     ADCON0          equ	4034	;# 
   327   000FC3                     ADRES           equ	4035	;# 
   328   000FC3                     ADRESL          equ	4035	;# 
   329   000FC4                     ADRESH          equ	4036	;# 
   330   000FC5                     SSPCON2         equ	4037	;# 
   331   000FC6                     SSPCON1         equ	4038	;# 
   332   000FC7                     SSPSTAT         equ	4039	;# 
   333   000FC8                     SSPADD          equ	4040	;# 
   334   000FC9                     SSPBUF          equ	4041	;# 
   335   000FCA                     T2CON           equ	4042	;# 
   336   000FCB                     PR2             equ	4043	;# 
   337   000FCB                     MEMCON          equ	4043	;# 
   338   000FCC                     TMR2            equ	4044	;# 
   339   000FCD                     T1CON           equ	4045	;# 
   340   000FCE                     TMR1            equ	4046	;# 
   341   000FCE                     TMR1L           equ	4046	;# 
   342   000FCF                     TMR1H           equ	4047	;# 
   343   000FD0                     RCON            equ	4048	;# 
   344   000FD1                     WDTCON          equ	4049	;# 
   345   000FD2                     HLVDCON         equ	4050	;# 
   346   000FD2                     LVDCON          equ	4050	;# 
   347   000FD3                     OSCCON          equ	4051	;# 
   348   000FD5                     T0CON           equ	4053	;# 
   349   000FD6                     TMR0            equ	4054	;# 
   350   000FD6                     TMR0L           equ	4054	;# 
   351   000FD7                     TMR0H           equ	4055	;# 
   352   000FD8                     STATUS          equ	4056	;# 
   353   000FD9                     FSR2            equ	4057	;# 
   354   000FD9                     FSR2L           equ	4057	;# 
   355   000FDA                     FSR2H           equ	4058	;# 
   356   000FDB                     PLUSW2          equ	4059	;# 
   357   000FDC                     PREINC2         equ	4060	;# 
   358   000FDD                     POSTDEC2        equ	4061	;# 
   359   000FDE                     POSTINC2        equ	4062	;# 
   360   000FDF                     INDF2           equ	4063	;# 
   361   000FE0                     BSR             equ	4064	;# 
   362   000FE1                     FSR1            equ	4065	;# 
   363   000FE1                     FSR1L           equ	4065	;# 
   364   000FE2                     FSR1H           equ	4066	;# 
   365   000FE3                     PLUSW1          equ	4067	;# 
   366   000FE4                     PREINC1         equ	4068	;# 
   367   000FE5                     POSTDEC1        equ	4069	;# 
   368   000FE6                     POSTINC1        equ	4070	;# 
   369   000FE7                     INDF1           equ	4071	;# 
   370   000FE8                     WREG            equ	4072	;# 
   371   000FE9                     FSR0            equ	4073	;# 
   372   000FE9                     FSR0L           equ	4073	;# 
   373   000FEA                     FSR0H           equ	4074	;# 
   374   000FEB                     PLUSW0          equ	4075	;# 
   375   000FEC                     PREINC0         equ	4076	;# 
   376   000FED                     POSTDEC0        equ	4077	;# 
   377   000FEE                     POSTINC0        equ	4078	;# 
   378   000FEF                     INDF0           equ	4079	;# 
   379   000FF0                     INTCON3         equ	4080	;# 
   380   000FF1                     INTCON2         equ	4081	;# 
   381   000FF2                     INTCON          equ	4082	;# 
   382   000FF3                     PROD            equ	4083	;# 
   383   000FF3                     PRODL           equ	4083	;# 
   384   000FF4                     PRODH           equ	4084	;# 
   385   000FF5                     TABLAT          equ	4085	;# 
   386   000FF6                     TBLPTR          equ	4086	;# 
   387   000FF6                     TBLPTRL         equ	4086	;# 
   388   000FF7                     TBLPTRH         equ	4087	;# 
   389   000FF8                     TBLPTRU         equ	4088	;# 
   390   000FF9                     PCLAT           equ	4089	;# 
   391   000FF9                     PC              equ	4089	;# 
   392   000FF9                     PCL             equ	4089	;# 
   393   000FFA                     PCLATH          equ	4090	;# 
   394   000FFB                     PCLATU          equ	4091	;# 
   395   000FFC                     STKPTR          equ	4092	;# 
   396   000FFD                     TOS             equ	4093	;# 
   397   000FFD                     TOSL            equ	4093	;# 
   398   000FFE                     TOSH            equ	4094	;# 
   399   000FFF                     TOSU            equ	4095	;# 
   400   000F80                     PORTA           equ	3968	;# 
   401   000F81                     PORTB           equ	3969	;# 
   402   000F82                     PORTC           equ	3970	;# 
   403   000F83                     PORTD           equ	3971	;# 
   404   000F84                     PORTE           equ	3972	;# 
   405   000F89                     LATA            equ	3977	;# 
   406   000F8A                     LATB            equ	3978	;# 
   407   000F8B                     LATC            equ	3979	;# 
   408   000F8C                     LATD            equ	3980	;# 
   409   000F8D                     LATE            equ	3981	;# 
   410   000F92                     TRISA           equ	3986	;# 
   411   000F92                     DDRA            equ	3986	;# 
   412   000F93                     TRISB           equ	3987	;# 
   413   000F93                     DDRB            equ	3987	;# 
   414   000F94                     TRISC           equ	3988	;# 
   415   000F94                     DDRC            equ	3988	;# 
   416   000F95                     TRISD           equ	3989	;# 
   417   000F95                     DDRD            equ	3989	;# 
   418   000F96                     TRISE           equ	3990	;# 
   419   000F96                     DDRE            equ	3990	;# 
   420   000F9B                     OSCTUNE         equ	3995	;# 
   421   000F9D                     PIE1            equ	3997	;# 
   422   000F9E                     PIR1            equ	3998	;# 
   423   000F9F                     IPR1            equ	3999	;# 
   424   000FA0                     PIE2            equ	4000	;# 
   425   000FA1                     PIR2            equ	4001	;# 
   426   000FA2                     IPR2            equ	4002	;# 
   427   000FA6                     EECON1          equ	4006	;# 
   428   000FA7                     EECON2          equ	4007	;# 
   429   000FA8                     EEDATA          equ	4008	;# 
   430   000FA9                     EEADR           equ	4009	;# 
   431   000FAB                     RCSTA           equ	4011	;# 
   432   000FAB                     RCSTA1          equ	4011	;# 
   433   000FAC                     TXSTA           equ	4012	;# 
   434   000FAC                     TXSTA1          equ	4012	;# 
   435   000FAD                     TXREG           equ	4013	;# 
   436   000FAD                     TXREG1          equ	4013	;# 
   437   000FAE                     RCREG           equ	4014	;# 
   438   000FAE                     RCREG1          equ	4014	;# 
   439   000FAF                     SPBRG           equ	4015	;# 
   440   000FAF                     SPBRG1          equ	4015	;# 
   441   000FB0                     SPBRGH          equ	4016	;# 
   442   000FB1                     T3CON           equ	4017	;# 
   443   000FB2                     TMR3            equ	4018	;# 
   444   000FB2                     TMR3L           equ	4018	;# 
   445   000FB3                     TMR3H           equ	4019	;# 
   446   000FB4                     CMCON           equ	4020	;# 
   447   000FB5                     CVRCON          equ	4021	;# 
   448   000FB6                     ECCP1AS         equ	4022	;# 
   449   000FB6                     ECCPAS          equ	4022	;# 
   450   000FB7                     PWM1CON         equ	4023	;# 
   451   000FB7                     ECCP1DEL        equ	4023	;# 
   452   000FB8                     BAUDCON         equ	4024	;# 
   453   000FB8                     BAUDCTL         equ	4024	;# 
   454   000FBA                     CCP2CON         equ	4026	;# 
   455   000FBB                     CCPR2           equ	4027	;# 
   456   000FBB                     CCPR2L          equ	4027	;# 
   457   000FBC                     CCPR2H          equ	4028	;# 
   458   000FBD                     CCP1CON         equ	4029	;# 
   459   000FBE                     CCPR1           equ	4030	;# 
   460   000FBE                     CCPR1L          equ	4030	;# 
   461   000FBF                     CCPR1H          equ	4031	;# 
   462   000FC0                     ADCON2          equ	4032	;# 
   463   000FC1                     ADCON1          equ	4033	;# 
   464   000FC2                     ADCON0          equ	4034	;# 
   465   000FC3                     ADRES           equ	4035	;# 
   466   000FC3                     ADRESL          equ	4035	;# 
   467   000FC4                     ADRESH          equ	4036	;# 
   468   000FC5                     SSPCON2         equ	4037	;# 
   469   000FC6                     SSPCON1         equ	4038	;# 
   470   000FC7                     SSPSTAT         equ	4039	;# 
   471   000FC8                     SSPADD          equ	4040	;# 
   472   000FC9                     SSPBUF          equ	4041	;# 
   473   000FCA                     T2CON           equ	4042	;# 
   474   000FCB                     PR2             equ	4043	;# 
   475   000FCB                     MEMCON          equ	4043	;# 
   476   000FCC                     TMR2            equ	4044	;# 
   477   000FCD                     T1CON           equ	4045	;# 
   478   000FCE                     TMR1            equ	4046	;# 
   479   000FCE                     TMR1L           equ	4046	;# 
   480   000FCF                     TMR1H           equ	4047	;# 
   481   000FD0                     RCON            equ	4048	;# 
   482   000FD1                     WDTCON          equ	4049	;# 
   483   000FD2                     HLVDCON         equ	4050	;# 
   484   000FD2                     LVDCON          equ	4050	;# 
   485   000FD3                     OSCCON          equ	4051	;# 
   486   000FD5                     T0CON           equ	4053	;# 
   487   000FD6                     TMR0            equ	4054	;# 
   488   000FD6                     TMR0L           equ	4054	;# 
   489   000FD7                     TMR0H           equ	4055	;# 
   490   000FD8                     STATUS          equ	4056	;# 
   491   000FD9                     FSR2            equ	4057	;# 
   492   000FD9                     FSR2L           equ	4057	;# 
   493   000FDA                     FSR2H           equ	4058	;# 
   494   000FDB                     PLUSW2          equ	4059	;# 
   495   000FDC                     PREINC2         equ	4060	;# 
   496   000FDD                     POSTDEC2        equ	4061	;# 
   497   000FDE                     POSTINC2        equ	4062	;# 
   498   000FDF                     INDF2           equ	4063	;# 
   499   000FE0                     BSR             equ	4064	;# 
   500   000FE1                     FSR1            equ	4065	;# 
   501   000FE1                     FSR1L           equ	4065	;# 
   502   000FE2                     FSR1H           equ	4066	;# 
   503   000FE3                     PLUSW1          equ	4067	;# 
   504   000FE4                     PREINC1         equ	4068	;# 
   505   000FE5                     POSTDEC1        equ	4069	;# 
   506   000FE6                     POSTINC1        equ	4070	;# 
   507   000FE7                     INDF1           equ	4071	;# 
   508   000FE8                     WREG            equ	4072	;# 
   509   000FE9                     FSR0            equ	4073	;# 
   510   000FE9                     FSR0L           equ	4073	;# 
   511   000FEA                     FSR0H           equ	4074	;# 
   512   000FEB                     PLUSW0          equ	4075	;# 
   513   000FEC                     PREINC0         equ	4076	;# 
   514   000FED                     POSTDEC0        equ	4077	;# 
   515   000FEE                     POSTINC0        equ	4078	;# 
   516   000FEF                     INDF0           equ	4079	;# 
   517   000FF0                     INTCON3         equ	4080	;# 
   518   000FF1                     INTCON2         equ	4081	;# 
   519   000FF2                     INTCON          equ	4082	;# 
   520   000FF3                     PROD            equ	4083	;# 
   521   000FF3                     PRODL           equ	4083	;# 
   522   000FF4                     PRODH           equ	4084	;# 
   523   000FF5                     TABLAT          equ	4085	;# 
   524   000FF6                     TBLPTR          equ	4086	;# 
   525   000FF6                     TBLPTRL         equ	4086	;# 
   526   000FF7                     TBLPTRH         equ	4087	;# 
   527   000FF8                     TBLPTRU         equ	4088	;# 
   528   000FF9                     PCLAT           equ	4089	;# 
   529   000FF9                     PC              equ	4089	;# 
   530   000FF9                     PCL             equ	4089	;# 
   531   000FFA                     PCLATH          equ	4090	;# 
   532   000FFB                     PCLATU          equ	4091	;# 
   533   000FFC                     STKPTR          equ	4092	;# 
   534   000FFD                     TOS             equ	4093	;# 
   535   000FFD                     TOSL            equ	4093	;# 
   536   000FFE                     TOSH            equ	4094	;# 
   537   000FFF                     TOSU            equ	4095	;# 
   538   000F80                     PORTA           equ	3968	;# 
   539   000F81                     PORTB           equ	3969	;# 
   540   000F82                     PORTC           equ	3970	;# 
   541   000F83                     PORTD           equ	3971	;# 
   542   000F84                     PORTE           equ	3972	;# 
   543   000F89                     LATA            equ	3977	;# 
   544   000F8A                     LATB            equ	3978	;# 
   545   000F8B                     LATC            equ	3979	;# 
   546   000F8C                     LATD            equ	3980	;# 
   547   000F8D                     LATE            equ	3981	;# 
   548   000F92                     TRISA           equ	3986	;# 
   549   000F92                     DDRA            equ	3986	;# 
   550   000F93                     TRISB           equ	3987	;# 
   551   000F93                     DDRB            equ	3987	;# 
   552   000F94                     TRISC           equ	3988	;# 
   553   000F94                     DDRC            equ	3988	;# 
   554   000F95                     TRISD           equ	3989	;# 
   555   000F95                     DDRD            equ	3989	;# 
   556   000F96                     TRISE           equ	3990	;# 
   557   000F96                     DDRE            equ	3990	;# 
   558   000F9B                     OSCTUNE         equ	3995	;# 
   559   000F9D                     PIE1            equ	3997	;# 
   560   000F9E                     PIR1            equ	3998	;# 
   561   000F9F                     IPR1            equ	3999	;# 
   562   000FA0                     PIE2            equ	4000	;# 
   563   000FA1                     PIR2            equ	4001	;# 
   564   000FA2                     IPR2            equ	4002	;# 
   565   000FA6                     EECON1          equ	4006	;# 
   566   000FA7                     EECON2          equ	4007	;# 
   567   000FA8                     EEDATA          equ	4008	;# 
   568   000FA9                     EEADR           equ	4009	;# 
   569   000FAB                     RCSTA           equ	4011	;# 
   570   000FAB                     RCSTA1          equ	4011	;# 
   571   000FAC                     TXSTA           equ	4012	;# 
   572   000FAC                     TXSTA1          equ	4012	;# 
   573   000FAD                     TXREG           equ	4013	;# 
   574   000FAD                     TXREG1          equ	4013	;# 
   575   000FAE                     RCREG           equ	4014	;# 
   576   000FAE                     RCREG1          equ	4014	;# 
   577   000FAF                     SPBRG           equ	4015	;# 
   578   000FAF                     SPBRG1          equ	4015	;# 
   579   000FB0                     SPBRGH          equ	4016	;# 
   580   000FB1                     T3CON           equ	4017	;# 
   581   000FB2                     TMR3            equ	4018	;# 
   582   000FB2                     TMR3L           equ	4018	;# 
   583   000FB3                     TMR3H           equ	4019	;# 
   584   000FB4                     CMCON           equ	4020	;# 
   585   000FB5                     CVRCON          equ	4021	;# 
   586   000FB6                     ECCP1AS         equ	4022	;# 
   587   000FB6                     ECCPAS          equ	4022	;# 
   588   000FB7                     PWM1CON         equ	4023	;# 
   589   000FB7                     ECCP1DEL        equ	4023	;# 
   590   000FB8                     BAUDCON         equ	4024	;# 
   591   000FB8                     BAUDCTL         equ	4024	;# 
   592   000FBA                     CCP2CON         equ	4026	;# 
   593   000FBB                     CCPR2           equ	4027	;# 
   594   000FBB                     CCPR2L          equ	4027	;# 
   595   000FBC                     CCPR2H          equ	4028	;# 
   596   000FBD                     CCP1CON         equ	4029	;# 
   597   000FBE                     CCPR1           equ	4030	;# 
   598   000FBE                     CCPR1L          equ	4030	;# 
   599   000FBF                     CCPR1H          equ	4031	;# 
   600   000FC0                     ADCON2          equ	4032	;# 
   601   000FC1                     ADCON1          equ	4033	;# 
   602   000FC2                     ADCON0          equ	4034	;# 
   603   000FC3                     ADRES           equ	4035	;# 
   604   000FC3                     ADRESL          equ	4035	;# 
   605   000FC4                     ADRESH          equ	4036	;# 
   606   000FC5                     SSPCON2         equ	4037	;# 
   607   000FC6                     SSPCON1         equ	4038	;# 
   608   000FC7                     SSPSTAT         equ	4039	;# 
   609   000FC8                     SSPADD          equ	4040	;# 
   610   000FC9                     SSPBUF          equ	4041	;# 
   611   000FCA                     T2CON           equ	4042	;# 
   612   000FCB                     PR2             equ	4043	;# 
   613   000FCB                     MEMCON          equ	4043	;# 
   614   000FCC                     TMR2            equ	4044	;# 
   615   000FCD                     T1CON           equ	4045	;# 
   616   000FCE                     TMR1            equ	4046	;# 
   617   000FCE                     TMR1L           equ	4046	;# 
   618   000FCF                     TMR1H           equ	4047	;# 
   619   000FD0                     RCON            equ	4048	;# 
   620   000FD1                     WDTCON          equ	4049	;# 
   621   000FD2                     HLVDCON         equ	4050	;# 
   622   000FD2                     LVDCON          equ	4050	;# 
   623   000FD3                     OSCCON          equ	4051	;# 
   624   000FD5                     T0CON           equ	4053	;# 
   625   000FD6                     TMR0            equ	4054	;# 
   626   000FD6                     TMR0L           equ	4054	;# 
   627   000FD7                     TMR0H           equ	4055	;# 
   628   000FD8                     STATUS          equ	4056	;# 
   629   000FD9                     FSR2            equ	4057	;# 
   630   000FD9                     FSR2L           equ	4057	;# 
   631   000FDA                     FSR2H           equ	4058	;# 
   632   000FDB                     PLUSW2          equ	4059	;# 
   633   000FDC                     PREINC2         equ	4060	;# 
   634   000FDD                     POSTDEC2        equ	4061	;# 
   635   000FDE                     POSTINC2        equ	4062	;# 
   636   000FDF                     INDF2           equ	4063	;# 
   637   000FE0                     BSR             equ	4064	;# 
   638   000FE1                     FSR1            equ	4065	;# 
   639   000FE1                     FSR1L           equ	4065	;# 
   640   000FE2                     FSR1H           equ	4066	;# 
   641   000FE3                     PLUSW1          equ	4067	;# 
   642   000FE4                     PREINC1         equ	4068	;# 
   643   000FE5                     POSTDEC1        equ	4069	;# 
   644   000FE6                     POSTINC1        equ	4070	;# 
   645   000FE7                     INDF1           equ	4071	;# 
   646   000FE8                     WREG            equ	4072	;# 
   647   000FE9                     FSR0            equ	4073	;# 
   648   000FE9                     FSR0L           equ	4073	;# 
   649   000FEA                     FSR0H           equ	4074	;# 
   650   000FEB                     PLUSW0          equ	4075	;# 
   651   000FEC                     PREINC0         equ	4076	;# 
   652   000FED                     POSTDEC0        equ	4077	;# 
   653   000FEE                     POSTINC0        equ	4078	;# 
   654   000FEF                     INDF0           equ	4079	;# 
   655   000FF0                     INTCON3         equ	4080	;# 
   656   000FF1                     INTCON2         equ	4081	;# 
   657   000FF2                     INTCON          equ	4082	;# 
   658   000FF3                     PROD            equ	4083	;# 
   659   000FF3                     PRODL           equ	4083	;# 
   660   000FF4                     PRODH           equ	4084	;# 
   661   000FF5                     TABLAT          equ	4085	;# 
   662   000FF6                     TBLPTR          equ	4086	;# 
   663   000FF6                     TBLPTRL         equ	4086	;# 
   664   000FF7                     TBLPTRH         equ	4087	;# 
   665   000FF8                     TBLPTRU         equ	4088	;# 
   666   000FF9                     PCLAT           equ	4089	;# 
   667   000FF9                     PC              equ	4089	;# 
   668   000FF9                     PCL             equ	4089	;# 
   669   000FFA                     PCLATH          equ	4090	;# 
   670   000FFB                     PCLATU          equ	4091	;# 
   671   000FFC                     STKPTR          equ	4092	;# 
   672   000FFD                     TOS             equ	4093	;# 
   673   000FFD                     TOSL            equ	4093	;# 
   674   000FFE                     TOSH            equ	4094	;# 
   675   000FFF                     TOSU            equ	4095	;# 
   676   000F80                     PORTA           equ	3968	;# 
   677   000F81                     PORTB           equ	3969	;# 
   678   000F82                     PORTC           equ	3970	;# 
   679   000F83                     PORTD           equ	3971	;# 
   680   000F84                     PORTE           equ	3972	;# 
   681   000F89                     LATA            equ	3977	;# 
   682   000F8A                     LATB            equ	3978	;# 
   683   000F8B                     LATC            equ	3979	;# 
   684   000F8C                     LATD            equ	3980	;# 
   685   000F8D                     LATE            equ	3981	;# 
   686   000F92                     TRISA           equ	3986	;# 
   687   000F92                     DDRA            equ	3986	;# 
   688   000F93                     TRISB           equ	3987	;# 
   689   000F93                     DDRB            equ	3987	;# 
   690   000F94                     TRISC           equ	3988	;# 
   691   000F94                     DDRC            equ	3988	;# 
   692   000F95                     TRISD           equ	3989	;# 
   693   000F95                     DDRD            equ	3989	;# 
   694   000F96                     TRISE           equ	3990	;# 
   695   000F96                     DDRE            equ	3990	;# 
   696   000F9B                     OSCTUNE         equ	3995	;# 
   697   000F9D                     PIE1            equ	3997	;# 
   698   000F9E                     PIR1            equ	3998	;# 
   699   000F9F                     IPR1            equ	3999	;# 
   700   000FA0                     PIE2            equ	4000	;# 
   701   000FA1                     PIR2            equ	4001	;# 
   702   000FA2                     IPR2            equ	4002	;# 
   703   000FA6                     EECON1          equ	4006	;# 
   704   000FA7                     EECON2          equ	4007	;# 
   705   000FA8                     EEDATA          equ	4008	;# 
   706   000FA9                     EEADR           equ	4009	;# 
   707   000FAB                     RCSTA           equ	4011	;# 
   708   000FAB                     RCSTA1          equ	4011	;# 
   709   000FAC                     TXSTA           equ	4012	;# 
   710   000FAC                     TXSTA1          equ	4012	;# 
   711   000FAD                     TXREG           equ	4013	;# 
   712   000FAD                     TXREG1          equ	4013	;# 
   713   000FAE                     RCREG           equ	4014	;# 
   714   000FAE                     RCREG1          equ	4014	;# 
   715   000FAF                     SPBRG           equ	4015	;# 
   716   000FAF                     SPBRG1          equ	4015	;# 
   717   000FB0                     SPBRGH          equ	4016	;# 
   718   000FB1                     T3CON           equ	4017	;# 
   719   000FB2                     TMR3            equ	4018	;# 
   720   000FB2                     TMR3L           equ	4018	;# 
   721   000FB3                     TMR3H           equ	4019	;# 
   722   000FB4                     CMCON           equ	4020	;# 
   723   000FB5                     CVRCON          equ	4021	;# 
   724   000FB6                     ECCP1AS         equ	4022	;# 
   725   000FB6                     ECCPAS          equ	4022	;# 
   726   000FB7                     PWM1CON         equ	4023	;# 
   727   000FB7                     ECCP1DEL        equ	4023	;# 
   728   000FB8                     BAUDCON         equ	4024	;# 
   729   000FB8                     BAUDCTL         equ	4024	;# 
   730   000FBA                     CCP2CON         equ	4026	;# 
   731   000FBB                     CCPR2           equ	4027	;# 
   732   000FBB                     CCPR2L          equ	4027	;# 
   733   000FBC                     CCPR2H          equ	4028	;# 
   734   000FBD                     CCP1CON         equ	4029	;# 
   735   000FBE                     CCPR1           equ	4030	;# 
   736   000FBE                     CCPR1L          equ	4030	;# 
   737   000FBF                     CCPR1H          equ	4031	;# 
   738   000FC0                     ADCON2          equ	4032	;# 
   739   000FC1                     ADCON1          equ	4033	;# 
   740   000FC2                     ADCON0          equ	4034	;# 
   741   000FC3                     ADRES           equ	4035	;# 
   742   000FC3                     ADRESL          equ	4035	;# 
   743   000FC4                     ADRESH          equ	4036	;# 
   744   000FC5                     SSPCON2         equ	4037	;# 
   745   000FC6                     SSPCON1         equ	4038	;# 
   746   000FC7                     SSPSTAT         equ	4039	;# 
   747   000FC8                     SSPADD          equ	4040	;# 
   748   000FC9                     SSPBUF          equ	4041	;# 
   749   000FCA                     T2CON           equ	4042	;# 
   750   000FCB                     PR2             equ	4043	;# 
   751   000FCB                     MEMCON          equ	4043	;# 
   752   000FCC                     TMR2            equ	4044	;# 
   753   000FCD                     T1CON           equ	4045	;# 
   754   000FCE                     TMR1            equ	4046	;# 
   755   000FCE                     TMR1L           equ	4046	;# 
   756   000FCF                     TMR1H           equ	4047	;# 
   757   000FD0                     RCON            equ	4048	;# 
   758   000FD1                     WDTCON          equ	4049	;# 
   759   000FD2                     HLVDCON         equ	4050	;# 
   760   000FD2                     LVDCON          equ	4050	;# 
   761   000FD3                     OSCCON          equ	4051	;# 
   762   000FD5                     T0CON           equ	4053	;# 
   763   000FD6                     TMR0            equ	4054	;# 
   764   000FD6                     TMR0L           equ	4054	;# 
   765   000FD7                     TMR0H           equ	4055	;# 
   766   000FD8                     STATUS          equ	4056	;# 
   767   000FD9                     FSR2            equ	4057	;# 
   768   000FD9                     FSR2L           equ	4057	;# 
   769   000FDA                     FSR2H           equ	4058	;# 
   770   000FDB                     PLUSW2          equ	4059	;# 
   771   000FDC                     PREINC2         equ	4060	;# 
   772   000FDD                     POSTDEC2        equ	4061	;# 
   773   000FDE                     POSTINC2        equ	4062	;# 
   774   000FDF                     INDF2           equ	4063	;# 
   775   000FE0                     BSR             equ	4064	;# 
   776   000FE1                     FSR1            equ	4065	;# 
   777   000FE1                     FSR1L           equ	4065	;# 
   778   000FE2                     FSR1H           equ	4066	;# 
   779   000FE3                     PLUSW1          equ	4067	;# 
   780   000FE4                     PREINC1         equ	4068	;# 
   781   000FE5                     POSTDEC1        equ	4069	;# 
   782   000FE6                     POSTINC1        equ	4070	;# 
   783   000FE7                     INDF1           equ	4071	;# 
   784   000FE8                     WREG            equ	4072	;# 
   785   000FE9                     FSR0            equ	4073	;# 
   786   000FE9                     FSR0L           equ	4073	;# 
   787   000FEA                     FSR0H           equ	4074	;# 
   788   000FEB                     PLUSW0          equ	4075	;# 
   789   000FEC                     PREINC0         equ	4076	;# 
   790   000FED                     POSTDEC0        equ	4077	;# 
   791   000FEE                     POSTINC0        equ	4078	;# 
   792   000FEF                     INDF0           equ	4079	;# 
   793   000FF0                     INTCON3         equ	4080	;# 
   794   000FF1                     INTCON2         equ	4081	;# 
   795   000FF2                     INTCON          equ	4082	;# 
   796   000FF3                     PROD            equ	4083	;# 
   797   000FF3                     PRODL           equ	4083	;# 
   798   000FF4                     PRODH           equ	4084	;# 
   799   000FF5                     TABLAT          equ	4085	;# 
   800   000FF6                     TBLPTR          equ	4086	;# 
   801   000FF6                     TBLPTRL         equ	4086	;# 
   802   000FF7                     TBLPTRH         equ	4087	;# 
   803   000FF8                     TBLPTRU         equ	4088	;# 
   804   000FF9                     PCLAT           equ	4089	;# 
   805   000FF9                     PC              equ	4089	;# 
   806   000FF9                     PCL             equ	4089	;# 
   807   000FFA                     PCLATH          equ	4090	;# 
   808   000FFB                     PCLATU          equ	4091	;# 
   809   000FFC                     STKPTR          equ	4092	;# 
   810   000FFD                     TOS             equ	4093	;# 
   811   000FFD                     TOSL            equ	4093	;# 
   812   000FFE                     TOSH            equ	4094	;# 
   813   000FFF                     TOSU            equ	4095	;# 
   814   000F80                     PORTA           equ	3968	;# 
   815   000F81                     PORTB           equ	3969	;# 
   816   000F82                     PORTC           equ	3970	;# 
   817   000F83                     PORTD           equ	3971	;# 
   818   000F84                     PORTE           equ	3972	;# 
   819   000F89                     LATA            equ	3977	;# 
   820   000F8A                     LATB            equ	3978	;# 
   821   000F8B                     LATC            equ	3979	;# 
   822   000F8C                     LATD            equ	3980	;# 
   823   000F8D                     LATE            equ	3981	;# 
   824   000F92                     TRISA           equ	3986	;# 
   825   000F92                     DDRA            equ	3986	;# 
   826   000F93                     TRISB           equ	3987	;# 
   827   000F93                     DDRB            equ	3987	;# 
   828   000F94                     TRISC           equ	3988	;# 
   829   000F94                     DDRC            equ	3988	;# 
   830   000F95                     TRISD           equ	3989	;# 
   831   000F95                     DDRD            equ	3989	;# 
   832   000F96                     TRISE           equ	3990	;# 
   833   000F96                     DDRE            equ	3990	;# 
   834   000F9B                     OSCTUNE         equ	3995	;# 
   835   000F9D                     PIE1            equ	3997	;# 
   836   000F9E                     PIR1            equ	3998	;# 
   837   000F9F                     IPR1            equ	3999	;# 
   838   000FA0                     PIE2            equ	4000	;# 
   839   000FA1                     PIR2            equ	4001	;# 
   840   000FA2                     IPR2            equ	4002	;# 
   841   000FA6                     EECON1          equ	4006	;# 
   842   000FA7                     EECON2          equ	4007	;# 
   843   000FA8                     EEDATA          equ	4008	;# 
   844   000FA9                     EEADR           equ	4009	;# 
   845   000FAB                     RCSTA           equ	4011	;# 
   846   000FAB                     RCSTA1          equ	4011	;# 
   847   000FAC                     TXSTA           equ	4012	;# 
   848   000FAC                     TXSTA1          equ	4012	;# 
   849   000FAD                     TXREG           equ	4013	;# 
   850   000FAD                     TXREG1          equ	4013	;# 
   851   000FAE                     RCREG           equ	4014	;# 
   852   000FAE                     RCREG1          equ	4014	;# 
   853   000FAF                     SPBRG           equ	4015	;# 
   854   000FAF                     SPBRG1          equ	4015	;# 
   855   000FB0                     SPBRGH          equ	4016	;# 
   856   000FB1                     T3CON           equ	4017	;# 
   857   000FB2                     TMR3            equ	4018	;# 
   858   000FB2                     TMR3L           equ	4018	;# 
   859   000FB3                     TMR3H           equ	4019	;# 
   860   000FB4                     CMCON           equ	4020	;# 
   861   000FB5                     CVRCON          equ	4021	;# 
   862   000FB6                     ECCP1AS         equ	4022	;# 
   863   000FB6                     ECCPAS          equ	4022	;# 
   864   000FB7                     PWM1CON         equ	4023	;# 
   865   000FB7                     ECCP1DEL        equ	4023	;# 
   866   000FB8                     BAUDCON         equ	4024	;# 
   867   000FB8                     BAUDCTL         equ	4024	;# 
   868   000FBA                     CCP2CON         equ	4026	;# 
   869   000FBB                     CCPR2           equ	4027	;# 
   870   000FBB                     CCPR2L          equ	4027	;# 
   871   000FBC                     CCPR2H          equ	4028	;# 
   872   000FBD                     CCP1CON         equ	4029	;# 
   873   000FBE                     CCPR1           equ	4030	;# 
   874   000FBE                     CCPR1L          equ	4030	;# 
   875   000FBF                     CCPR1H          equ	4031	;# 
   876   000FC0                     ADCON2          equ	4032	;# 
   877   000FC1                     ADCON1          equ	4033	;# 
   878   000FC2                     ADCON0          equ	4034	;# 
   879   000FC3                     ADRES           equ	4035	;# 
   880   000FC3                     ADRESL          equ	4035	;# 
   881   000FC4                     ADRESH          equ	4036	;# 
   882   000FC5                     SSPCON2         equ	4037	;# 
   883   000FC6                     SSPCON1         equ	4038	;# 
   884   000FC7                     SSPSTAT         equ	4039	;# 
   885   000FC8                     SSPADD          equ	4040	;# 
   886   000FC9                     SSPBUF          equ	4041	;# 
   887   000FCA                     T2CON           equ	4042	;# 
   888   000FCB                     PR2             equ	4043	;# 
   889   000FCB                     MEMCON          equ	4043	;# 
   890   000FCC                     TMR2            equ	4044	;# 
   891   000FCD                     T1CON           equ	4045	;# 
   892   000FCE                     TMR1            equ	4046	;# 
   893   000FCE                     TMR1L           equ	4046	;# 
   894   000FCF                     TMR1H           equ	4047	;# 
   895   000FD0                     RCON            equ	4048	;# 
   896   000FD1                     WDTCON          equ	4049	;# 
   897   000FD2                     HLVDCON         equ	4050	;# 
   898   000FD2                     LVDCON          equ	4050	;# 
   899   000FD3                     OSCCON          equ	4051	;# 
   900   000FD5                     T0CON           equ	4053	;# 
   901   000FD6                     TMR0            equ	4054	;# 
   902   000FD6                     TMR0L           equ	4054	;# 
   903   000FD7                     TMR0H           equ	4055	;# 
   904   000FD8                     STATUS          equ	4056	;# 
   905   000FD9                     FSR2            equ	4057	;# 
   906   000FD9                     FSR2L           equ	4057	;# 
   907   000FDA                     FSR2H           equ	4058	;# 
   908   000FDB                     PLUSW2          equ	4059	;# 
   909   000FDC                     PREINC2         equ	4060	;# 
   910   000FDD                     POSTDEC2        equ	4061	;# 
   911   000FDE                     POSTINC2        equ	4062	;# 
   912   000FDF                     INDF2           equ	4063	;# 
   913   000FE0                     BSR             equ	4064	;# 
   914   000FE1                     FSR1            equ	4065	;# 
   915   000FE1                     FSR1L           equ	4065	;# 
   916   000FE2                     FSR1H           equ	4066	;# 
   917   000FE3                     PLUSW1          equ	4067	;# 
   918   000FE4                     PREINC1         equ	4068	;# 
   919   000FE5                     POSTDEC1        equ	4069	;# 
   920   000FE6                     POSTINC1        equ	4070	;# 
   921   000FE7                     INDF1           equ	4071	;# 
   922   000FE8                     WREG            equ	4072	;# 
   923   000FE9                     FSR0            equ	4073	;# 
   924   000FE9                     FSR0L           equ	4073	;# 
   925   000FEA                     FSR0H           equ	4074	;# 
   926   000FEB                     PLUSW0          equ	4075	;# 
   927   000FEC                     PREINC0         equ	4076	;# 
   928   000FED                     POSTDEC0        equ	4077	;# 
   929   000FEE                     POSTINC0        equ	4078	;# 
   930   000FEF                     INDF0           equ	4079	;# 
   931   000FF0                     INTCON3         equ	4080	;# 
   932   000FF1                     INTCON2         equ	4081	;# 
   933   000FF2                     INTCON          equ	4082	;# 
   934   000FF3                     PROD            equ	4083	;# 
   935   000FF3                     PRODL           equ	4083	;# 
   936   000FF4                     PRODH           equ	4084	;# 
   937   000FF5                     TABLAT          equ	4085	;# 
   938   000FF6                     TBLPTR          equ	4086	;# 
   939   000FF6                     TBLPTRL         equ	4086	;# 
   940   000FF7                     TBLPTRH         equ	4087	;# 
   941   000FF8                     TBLPTRU         equ	4088	;# 
   942   000FF9                     PCLAT           equ	4089	;# 
   943   000FF9                     PC              equ	4089	;# 
   944   000FF9                     PCL             equ	4089	;# 
   945   000FFA                     PCLATH          equ	4090	;# 
   946   000FFB                     PCLATU          equ	4091	;# 
   947   000FFC                     STKPTR          equ	4092	;# 
   948   000FFD                     TOS             equ	4093	;# 
   949   000FFD                     TOSL            equ	4093	;# 
   950   000FFE                     TOSH            equ	4094	;# 
   951   000FFF                     TOSU            equ	4095	;# 
   952                           
   953                           	psect	idataCOMRAM
   954   0011A6                     __pidataCOMRAM:
   955                           	callstack 0
   956                           
   957                           ;initializer for _value
   958   0011A6  000A               	dw	10
   959   007E9C                     _IRCF0          set	32412
   960   007E9D                     _IRCF1          set	32413
   961   007E9E                     _IRCF2          set	32414
   962   007E07                     _ADFM           set	32263
   963   007D5C                     _CREN           set	32092
   964   007CF5                     _RCIF           set	31989
   965   000F94                     _TRISCbits      set	3988
   966   000F92                     _TRISA          set	3986
   967   000F81                     _PORTBbits      set	3969
   968   000F95                     _TRISD          set	3989
   969   000F93                     _TRISBbits      set	3987
   970   000F8C                     _LATD           set	3980
   971   000FAD                     _TXREG          set	4013
   972   000FAF                     _SPBRG          set	4015
   973   000FB8                     _BAUDCONbits    set	4024
   974   000FAC                     _TXSTAbits      set	4012
   975   000FBD                     _CCP1CON        set	4029
   976   000FC2                     _ADCON0bits     set	4034
   977   000FC3                     _ADRESL         set	4035
   978   000FC4                     _ADRESH         set	4036
   979   000FC0                     _ADCON2bits     set	4032
   980   000FC0                     _ADCON2         set	4032
   981   000FAB                     _RCSTAbits      set	4011
   982   000FAE                     _RCREG          set	4014
   983   000FD0                     _RCONbits       set	4048
   984   000FCB                     _PR2            set	4043
   985   000F9F                     _IPR1bits       set	3999
   986   000F9D                     _PIE1bits       set	3997
   987   000F9E                     _PIR1bits       set	3998
   988   000FCA                     _T2CONbits      set	4042
   989   000FC1                     _ADCON1         set	4033
   990   000FF2                     _INTCONbits     set	4082
   991                           
   992                           	psect	smallconst
   993   000600                     __psmallconst:
   994                           	callstack 0
   995   000600  00                 	db	0
   996   000601                     STR_1:
   997   000601  25                 	db	37
   998   000602  64                 	db	100	;'d'
   999   000603  00                 	db	0
  1000   000601                     STR_2           equ	STR_1
  1001   000601                     STR_3           equ	STR_1
  1002   000604  00                 	db	0	; dummy byte at the end
  1003   000600                     __smallconst    set	__psmallconst
  1004   000600                     __mediumconst   set	__psmallconst
  1005   000001                     __activetblptr  equ	1
  1006                           
  1007                           ; #config settings
  1008                           
  1009                           	psect	cinit
  1010   000EEC                     __pcinit:
  1011                           	callstack 0
  1012   000EEC                     start_initialization:
  1013                           	callstack 0
  1014   000EEC                     __initialization:
  1015                           	callstack 0
  1016                           
  1017                           ; Initialize objects allocated to COMRAM (2 bytes)
  1018                           ; load TBLPTR registers with __pidataCOMRAM
  1019   000EEC  0EA6               	movlw	low __pidataCOMRAM
  1020   000EEE  6EF6               	movwf	tblptrl,c
  1021   000EF0  0E11               	movlw	high __pidataCOMRAM
  1022   000EF2  6EF7               	movwf	tblptrh,c
  1023   000EF4  0E00               	movlw	low (__pidataCOMRAM shr (0+16))
  1024   000EF6  6EF8               	movwf	tblptru,c
  1025   000EF8  0009               	tblrd		*+	;fetch initializer
  1026   000EFA  CFF5 F068          	movff	tablat,__pdataCOMRAM
  1027   000EFE  0009               	tblrd		*+	;fetch initializer
  1028   000F00  CFF5 F069          	movff	tablat,__pdataCOMRAM+1
  1029                           
  1030                           ; Clear objects allocated to BANK0 (32 bytes)
  1031   000F04  EE00  F080         	lfsr	0,__pbssBANK0
  1032   000F08  0E20               	movlw	32
  1033   000F0A                     clear_0:
  1034   000F0A  6AEE               	clrf	postinc0,c
  1035   000F0C  06E8               	decf	wreg,f,c
  1036   000F0E  E1FD               	bnz	clear_0
  1037                           
  1038                           ; Clear objects allocated to COMRAM (31 bytes)
  1039   000F10  EE00  F049         	lfsr	0,__pbssCOMRAM
  1040   000F14  0E1F               	movlw	31
  1041   000F16                     clear_1:
  1042   000F16  6AEE               	clrf	postinc0,c
  1043   000F18  06E8               	decf	wreg,f,c
  1044   000F1A  E1FD               	bnz	clear_1
  1045   000F1C                     end_of_initialization:
  1046                           	callstack 0
  1047   000F1C                     __end_of__initialization:
  1048                           	callstack 0
  1049   000F1C  906A               	bcf	int$flags,0,c	;clear compiler interrupt flag (level 1)
  1050   000F1E  926A               	bcf	int$flags,1,c	;clear compiler interrupt flag (level 2)
  1051   000F20  0E00               	movlw	low (__Lsmallconst shr (0+16))
  1052   000F22  6EF8               	movwf	tblptru,c
  1053   000F24  0E06               	movlw	high __Lsmallconst
  1054   000F26  6EF7               	movwf	tblptrh,c
  1055   000F28  0100               	movlb	0
  1056   000F2A  EFBF  F008         	goto	_main	;jump to C main() function
  1057                           
  1058                           	psect	bssCOMRAM
  1059   000049                     __pbssCOMRAM:
  1060                           	callstack 0
  1061   000049                     _width:
  1062                           	callstack 0
  1063   000049                     	ds	2
  1064   00004B                     _prec:
  1065                           	callstack 0
  1066   00004B                     	ds	2
  1067   00004D                     _lenStr:
  1068                           	callstack 0
  1069   00004D                     	ds	2
  1070   00004F                     _counter:
  1071                           	callstack 0
  1072   00004F                     	ds	2
  1073   000051                     _subcounter:
  1074                           	callstack 0
  1075   000051                     	ds	2
  1076   000053                     _flags:
  1077                           	callstack 0
  1078   000053                     	ds	1
  1079   000054                     _mystring:
  1080                           	callstack 0
  1081   000054                     	ds	20
  1082                           
  1083                           	psect	dataCOMRAM
  1084   000068                     __pdataCOMRAM:
  1085                           	callstack 0
  1086   000068                     _value:
  1087                           	callstack 0
  1088   000068                     	ds	2
  1089                           
  1090                           	psect	bssBANK0
  1091   000080                     __pbssBANK0:
  1092                           	callstack 0
  1093   000080                     _dbuf:
  1094                           	callstack 0
  1095   000080                     	ds	32
  1096                           
  1097                           	psect	cstackCOMRAM
  1098   000001                     __pcstackCOMRAM:
  1099                           	callstack 0
  1100   000001                     i2UART_Write@data:
  1101                           	callstack 0
  1102   000001                     ClearBuffer@i:
  1103                           	callstack 0
  1104   000001                     
  1105                           ; 1 bytes @ 0x0
  1106   000001                     	ds	2
  1107   000003                     MyusartRead@c:
  1108                           	callstack 0
  1109   000003                     
  1110                           ; 1 bytes @ 0x2
  1111   000003                     	ds	1
  1112   000004                     ??_UART_ISR:
  1113                           
  1114                           ; 1 bytes @ 0x3
  1115   000004                     	ds	2
  1116   000006                     i1led@num:
  1117                           	callstack 0
  1118                           
  1119                           ; 2 bytes @ 0x5
  1120   000006                     	ds	2
  1121   000008                     ??i1_led:
  1122                           
  1123                           ; 1 bytes @ 0x7
  1124   000008                     	ds	1
  1125   000009                     ??_Timer2_ISR:
  1126                           
  1127                           ; 1 bytes @ 0x8
  1128   000009                     	ds	4
  1129   00000D                     ?_ADC_Read:
  1130                           	callstack 0
  1131   00000D                     ?_strlen:
  1132                           	callstack 0
  1133   00000D                     ?_ADC_To_Output:
  1134                           	callstack 0
  1135   00000D                     ?___awdiv:
  1136                           	callstack 0
  1137   00000D                     ?___awmod:
  1138                           	callstack 0
  1139   00000D                     ?___aldiv:
  1140                           	callstack 0
  1141   00000D                     UART_Write@data:
  1142                           	callstack 0
  1143   00000D                     strlen@s:
  1144                           	callstack 0
  1145   00000D                     ADC_To_Output@value:
  1146                           	callstack 0
  1147   00000D                     ADC_Read@channel:
  1148                           	callstack 0
  1149   00000D                     ___awdiv@dividend:
  1150                           	callstack 0
  1151   00000D                     ___awmod@dividend:
  1152                           	callstack 0
  1153   00000D                     fputc@c:
  1154                           	callstack 0
  1155   00000D                     ___aldiv@dividend:
  1156                           	callstack 0
  1157   00000D                     
  1158                           ; 1 bytes @ 0xC
  1159   00000D                     	ds	1
  1160   00000E                     UART_Write_Text@text:
  1161                           	callstack 0
  1162                           
  1163                           ; 1 bytes @ 0xD
  1164   00000E                     	ds	1
  1165   00000F                     fputc@fp:
  1166                           	callstack 0
  1167   00000F                     strlen@a:
  1168                           	callstack 0
  1169   00000F                     led@num:
  1170                           	callstack 0
  1171   00000F                     UART_Write_Text@i:
  1172                           	callstack 0
  1173   00000F                     ___awdiv@divisor:
  1174                           	callstack 0
  1175   00000F                     ___awmod@divisor:
  1176                           	callstack 0
  1177   00000F                     ??_ADC_Read:
  1178   00000F                     
  1179                           ; 1 bytes @ 0xE
  1180   00000F                     	ds	1
  1181   000010                     ??_fputc:
  1182                           
  1183                           ; 1 bytes @ 0xF
  1184   000010                     	ds	1
  1185   000011                     ___awdiv@counter:
  1186                           	callstack 0
  1187   000011                     ___awmod@counter:
  1188                           	callstack 0
  1189   000011                     ADC_Read@digital:
  1190                           	callstack 0
  1191   000011                     ___aldiv@divisor:
  1192                           	callstack 0
  1193   000011                     ??_led:
  1194   000011                     
  1195                           ; 1 bytes @ 0x10
  1196   000011                     	ds	1
  1197   000012                     ___awdiv@sign:
  1198                           	callstack 0
  1199   000012                     ___awmod@sign:
  1200                           	callstack 0
  1201                           
  1202                           ; 1 bytes @ 0x11
  1203   000012                     	ds	1
  1204   000013                     ?_abs:
  1205                           	callstack 0
  1206   000013                     ___awdiv@quotient:
  1207                           	callstack 0
  1208   000013                     abs@a:
  1209                           	callstack 0
  1210                           
  1211                           ; 2 bytes @ 0x12
  1212   000013                     	ds	2
  1213   000015                     ___aldiv@counter:
  1214                           	callstack 0
  1215   000015                     ??_abs:
  1216   000015                     
  1217                           ; 1 bytes @ 0x14
  1218   000015                     	ds	1
  1219   000016                     ___aldiv@sign:
  1220                           	callstack 0
  1221                           
  1222                           ; 1 bytes @ 0x15
  1223   000016                     	ds	1
  1224   000017                     vfpfcnvrt@fp:
  1225                           	callstack 0
  1226   000017                     ___aldiv@quotient:
  1227                           	callstack 0
  1228                           
  1229                           ; 4 bytes @ 0x16
  1230   000017                     	ds	1
  1231   000018                     vfpfcnvrt@fmt:
  1232                           	callstack 0
  1233                           
  1234                           ; 1 bytes @ 0x17
  1235   000018                     	ds	1
  1236   000019                     vfpfcnvrt@ap:
  1237                           	callstack 0
  1238                           
  1239                           ; 1 bytes @ 0x18
  1240   000019                     	ds	1
  1241   00001A                     ??_vfpfcnvrt:
  1242                           
  1243                           ; 1 bytes @ 0x19
  1244   00001A                     	ds	1
  1245   00001B                     ?_ADC_Read_Avg:
  1246                           	callstack 0
  1247   00001B                     vfpfcnvrt@done:
  1248                           	callstack 0
  1249   00001B                     ADC_Read_Avg@ch:
  1250                           	callstack 0
  1251                           
  1252                           ; 2 bytes @ 0x1A
  1253   00001B                     	ds	1
  1254   00001C                     vfpfcnvrt@cp:
  1255                           	callstack 0
  1256                           
  1257                           ; 1 bytes @ 0x1B
  1258   00001C                     	ds	1
  1259   00001D                     vfpfcnvrt@convarg:
  1260                           	callstack 0
  1261   00001D                     ??_ADC_Read_Avg:
  1262                           
  1263                           ; 1 bytes @ 0x1C
  1264   00001D                     	ds	4
  1265   000021                     vfpfcnvrt@c:
  1266                           	callstack 0
  1267   000021                     ADC_Read_Avg@sum:
  1268                           	callstack 0
  1269                           
  1270                           ; 4 bytes @ 0x20
  1271   000021                     	ds	1
  1272   000022                     ?_vfprintf:
  1273                           	callstack 0
  1274   000022                     vfprintf@fp:
  1275                           	callstack 0
  1276                           
  1277                           ; 1 bytes @ 0x21
  1278   000022                     	ds	1
  1279   000023                     vfprintf@fmt:
  1280                           	callstack 0
  1281                           
  1282                           ; 1 bytes @ 0x22
  1283   000023                     	ds	1
  1284   000024                     vfprintf@ap:
  1285                           	callstack 0
  1286                           
  1287                           ; 1 bytes @ 0x23
  1288   000024                     	ds	1
  1289   000025                     vfprintf@cfmt:
  1290                           	callstack 0
  1291   000025                     ADC_Read_Avg@i:
  1292                           	callstack 0
  1293   000025                     
  1294                           ; 1 bytes @ 0x24
  1295   000025                     	ds	1
  1296   000026                     ?_sprintf:
  1297                           	callstack 0
  1298   000026                     sprintf@s:
  1299                           	callstack 0
  1300                           
  1301                           ; 1 bytes @ 0x25
  1302   000026                     	ds	1
  1303   000027                     sprintf@fmt:
  1304                           	callstack 0
  1305                           
  1306                           ; 1 bytes @ 0x26
  1307   000027                     	ds	3
  1308   00002A                     sprintf@ap:
  1309                           	callstack 0
  1310   00002A                     
  1311                           ; 1 bytes @ 0x29
  1312   00002A                     	ds	1
  1313   00002B                     sprintf@f:
  1314                           	callstack 0
  1315                           
  1316                           ; 11 bytes @ 0x2A
  1317   00002B                     	ds	11
  1318   000036                     ??_Hard:
  1319                           
  1320                           ; 1 bytes @ 0x35
  1321   000036                     	ds	1
  1322   000037                     Hard@buffer:
  1323                           	callstack 0
  1324                           
  1325                           ; 10 bytes @ 0x36
  1326   000037                     	ds	10
  1327   000041                     Hard@last:
  1328                           	callstack 0
  1329                           
  1330                           ; 2 bytes @ 0x40
  1331   000041                     	ds	2
  1332   000043                     Hard@last_len:
  1333                           	callstack 0
  1334                           
  1335                           ; 2 bytes @ 0x42
  1336   000043                     	ds	2
  1337   000045                     Hard@i:
  1338                           	callstack 0
  1339                           
  1340                           ; 2 bytes @ 0x44
  1341   000045                     	ds	2
  1342   000047                     Hard@value:
  1343                           	callstack 0
  1344                           
  1345                           ; 2 bytes @ 0x46
  1346   000047                     	ds	2
  1347   000049                     
  1348                           ; 1 bytes @ 0x48
  1349 ;;
  1350 ;;Main: autosize = 0, tempsize = 0, incstack = 0, save=0
  1351 ;;
  1352 ;; *************** function _main *****************
  1353 ;; Defined at:
  1354 ;;		line 220 in file "main.c"
  1355 ;; Parameters:    Size  Location     Type
  1356 ;;		None
  1357 ;; Auto vars:     Size  Location     Type
  1358 ;;		None
  1359 ;; Return value:  Size  Location     Type
  1360 ;;                  1    wreg      void 
  1361 ;; Registers used:
  1362 ;;		wreg, fsr1l, fsr1h, fsr2l, fsr2h, status,2, status,0, tblptrl, tblptrh, tblptru, cstack
  1363 ;; Tracked objects:
  1364 ;;		On entry : 0/0
  1365 ;;		On exit  : 0/0
  1366 ;;		Unchanged: 0/0
  1367 ;; Data sizes:     COMRAM   BANK0   BANK1   BANK2   BANK3   BANK4   BANK5
  1368 ;;      Params:         0       0       0       0       0       0       0
  1369 ;;      Locals:         0       0       0       0       0       0       0
  1370 ;;      Temps:          0       0       0       0       0       0       0
  1371 ;;      Totals:         0       0       0       0       0       0       0
  1372 ;;Total ram usage:        0 bytes
  1373 ;; Hardware stack levels required when called: 11
  1374 ;; This function calls:
  1375 ;;		_Hard
  1376 ;;		_SYSTEM_Initialize
  1377 ;; This function is called by:
  1378 ;;		Startup code after reset
  1379 ;; This function uses a non-reentrant model
  1380 ;;
  1381                           
  1382                           	psect	text0
  1383   00117E                     __ptext0:
  1384                           	callstack 0
  1385   00117E                     _main:
  1386                           	callstack 20
  1387   00117E                     
  1388                           ;main.c: 223:     SYSTEM_Initialize() ;
  1389   00117E  EC83  F008         	call	_SYSTEM_Initialize	;wreg free
  1390   001182                     
  1391                           ;main.c: 229:     Hard();
  1392   001182  ECAC  F005         	call	_Hard	;wreg free
  1393   001186  EF40  F000         	goto	start
  1394   00118A                     __end_of_main:
  1395                           	callstack 0
  1396                           
  1397 ;; *************** function _SYSTEM_Initialize *****************
  1398 ;; Defined at:
  1399 ;;		line 60 in file "setting_hardaware/setting.c"
  1400 ;; Parameters:    Size  Location     Type
  1401 ;;		None
  1402 ;; Auto vars:     Size  Location     Type
  1403 ;;		None
  1404 ;; Return value:  Size  Location     Type
  1405 ;;                  1    wreg      void 
  1406 ;; Registers used:
  1407 ;;		wreg, status,2, cstack
  1408 ;; Tracked objects:
  1409 ;;		On entry : 0/0
  1410 ;;		On exit  : 0/0
  1411 ;;		Unchanged: 0/0
  1412 ;; Data sizes:     COMRAM   BANK0   BANK1   BANK2   BANK3   BANK4   BANK5
  1413 ;;      Params:         0       0       0       0       0       0       0
  1414 ;;      Locals:         0       0       0       0       0       0       0
  1415 ;;      Temps:          0       0       0       0       0       0       0
  1416 ;;      Totals:         0       0       0       0       0       0       0
  1417 ;;Total ram usage:        0 bytes
  1418 ;; Hardware stack levels used: 1
  1419 ;; Hardware stack levels required when called: 6
  1420 ;; This function calls:
  1421 ;;		_ADC_Initialize
  1422 ;;		_CCP1_Initialize
  1423 ;;		_INTERRUPT_Initialize
  1424 ;;		_OSCILLATOR_Initialize
  1425 ;;		_UART_Initialize
  1426 ;; This function is called by:
  1427 ;;		_main
  1428 ;; This function uses a non-reentrant model
  1429 ;;
  1430                           
  1431                           	psect	text1
  1432   001106                     __ptext1:
  1433                           	callstack 0
  1434   001106                     _SYSTEM_Initialize:
  1435                           	callstack 24
  1436   001106                     
  1437                           ;setting_hardaware/setting.c: 63:     OSCILLATOR_Initialize();
  1438   001106  ECCB  F008         	call	_OSCILLATOR_Initialize	;wreg free
  1439                           
  1440                           ;setting_hardaware/setting.c: 67:     INTERRUPT_Initialize();
  1441   00110A  ECCF  F008         	call	_INTERRUPT_Initialize	;wreg free
  1442   00110E                     
  1443                           ;setting_hardaware/setting.c: 68:     UART_Initialize();
  1444   00110E  EC72  F008         	call	_UART_Initialize	;wreg free
  1445   001112                     
  1446                           ;setting_hardaware/setting.c: 69:     CCP1_Initialize();
  1447   001112  ECC5  F008         	call	_CCP1_Initialize	;wreg free
  1448   001116                     
  1449                           ;setting_hardaware/setting.c: 70:     ADC_Initialize();
  1450   001116  EC8E  F008         	call	_ADC_Initialize	;wreg free
  1451   00111A  0012               	return		;funcret
  1452   00111C                     __end_of_SYSTEM_Initialize:
  1453                           	callstack 0
  1454                           
  1455 ;; *************** function _UART_Initialize *****************
  1456 ;; Defined at:
  1457 ;;		line 7 in file "setting_hardaware/uart.c"
  1458 ;; Parameters:    Size  Location     Type
  1459 ;;		None
  1460 ;; Auto vars:     Size  Location     Type
  1461 ;;		None
  1462 ;; Return value:  Size  Location     Type
  1463 ;;                  1    wreg      void 
  1464 ;; Registers used:
  1465 ;;		wreg, status,2
  1466 ;; Tracked objects:
  1467 ;;		On entry : 0/0
  1468 ;;		On exit  : 0/0
  1469 ;;		Unchanged: 0/0
  1470 ;; Data sizes:     COMRAM   BANK0   BANK1   BANK2   BANK3   BANK4   BANK5
  1471 ;;      Params:         0       0       0       0       0       0       0
  1472 ;;      Locals:         0       0       0       0       0       0       0
  1473 ;;      Temps:          0       0       0       0       0       0       0
  1474 ;;      Totals:         0       0       0       0       0       0       0
  1475 ;;Total ram usage:        0 bytes
  1476 ;; Hardware stack levels used: 1
  1477 ;; Hardware stack levels required when called: 5
  1478 ;; This function calls:
  1479 ;;		Nothing
  1480 ;; This function is called by:
  1481 ;;		_SYSTEM_Initialize
  1482 ;; This function uses a non-reentrant model
  1483 ;;
  1484                           
  1485                           	psect	text2
  1486   0010E4                     __ptext2:
  1487                           	callstack 0
  1488   0010E4                     _UART_Initialize:
  1489                           	callstack 24
  1490   0010E4                     
  1491                           ;setting_hardaware/uart.c: 17:     TRISCbits.TRISC6 = 1;
  1492   0010E4  8C94               	bsf	148,6,c	;volatile
  1493                           
  1494                           ;setting_hardaware/uart.c: 18:     TRISCbits.TRISC7 = 1;
  1495   0010E6  8E94               	bsf	148,7,c	;volatile
  1496                           
  1497                           ;setting_hardaware/uart.c: 22:     TXSTAbits.SYNC = 0;
  1498   0010E8  98AC               	bcf	172,4,c	;volatile
  1499                           
  1500                           ;setting_hardaware/uart.c: 23:     BAUDCONbits.BRG16 = 0;
  1501   0010EA  96B8               	bcf	184,3,c	;volatile
  1502                           
  1503                           ;setting_hardaware/uart.c: 24:     TXSTAbits.BRGH = 0;
  1504   0010EC  94AC               	bcf	172,2,c	;volatile
  1505   0010EE                     
  1506                           ;setting_hardaware/uart.c: 25:     SPBRG = 12;
  1507   0010EE  0E0C               	movlw	12
  1508   0010F0  6EAF               	movwf	175,c	;volatile
  1509   0010F2                     
  1510                           ;setting_hardaware/uart.c: 28:     RCSTAbits.SPEN = 1;
  1511   0010F2  8EAB               	bsf	171,7,c	;volatile
  1512   0010F4                     
  1513                           ;setting_hardaware/uart.c: 29:     PIR1bits.TXIF = 1;
  1514   0010F4  889E               	bsf	158,4,c	;volatile
  1515   0010F6                     
  1516                           ;setting_hardaware/uart.c: 30:     PIR1bits.RCIF = 0;
  1517   0010F6  9A9E               	bcf	158,5,c	;volatile
  1518   0010F8                     
  1519                           ;setting_hardaware/uart.c: 31:     TXSTAbits.TXEN = 1;
  1520   0010F8  8AAC               	bsf	172,5,c	;volatile
  1521   0010FA                     
  1522                           ;setting_hardaware/uart.c: 32:     RCSTAbits.CREN = 1;
  1523   0010FA  88AB               	bsf	171,4,c	;volatile
  1524   0010FC                     
  1525                           ;setting_hardaware/uart.c: 33:     PIE1bits.TXIE = 0;
  1526   0010FC  989D               	bcf	157,4,c	;volatile
  1527   0010FE                     
  1528                           ;setting_hardaware/uart.c: 34:     IPR1bits.TXIP = 0;
  1529   0010FE  989F               	bcf	159,4,c	;volatile
  1530   001100                     
  1531                           ;setting_hardaware/uart.c: 35:     PIE1bits.RCIE = 1;
  1532   001100  8A9D               	bsf	157,5,c	;volatile
  1533   001102                     
  1534                           ;setting_hardaware/uart.c: 36:     IPR1bits.RCIP = 1;
  1535   001102  8A9F               	bsf	159,5,c	;volatile
  1536   001104  0012               	return		;funcret
  1537   001106                     __end_of_UART_Initialize:
  1538                           	callstack 0
  1539                           
  1540 ;; *************** function _OSCILLATOR_Initialize *****************
  1541 ;; Defined at:
  1542 ;;		line 73 in file "setting_hardaware/setting.c"
  1543 ;; Parameters:    Size  Location     Type
  1544 ;;		None
  1545 ;; Auto vars:     Size  Location     Type
  1546 ;;		None
  1547 ;; Return value:  Size  Location     Type
  1548 ;;                  1    wreg      void 
  1549 ;; Registers used:
  1550 ;;		None
  1551 ;; Tracked objects:
  1552 ;;		On entry : 0/0
  1553 ;;		On exit  : 0/0
  1554 ;;		Unchanged: 0/0
  1555 ;; Data sizes:     COMRAM   BANK0   BANK1   BANK2   BANK3   BANK4   BANK5
  1556 ;;      Params:         0       0       0       0       0       0       0
  1557 ;;      Locals:         0       0       0       0       0       0       0
  1558 ;;      Temps:          0       0       0       0       0       0       0
  1559 ;;      Totals:         0       0       0       0       0       0       0
  1560 ;;Total ram usage:        0 bytes
  1561 ;; Hardware stack levels used: 1
  1562 ;; Hardware stack levels required when called: 5
  1563 ;; This function calls:
  1564 ;;		Nothing
  1565 ;; This function is called by:
  1566 ;;		_SYSTEM_Initialize
  1567 ;; This function uses a non-reentrant model
  1568 ;;
  1569                           
  1570                           	psect	text3
  1571   001196                     __ptext3:
  1572                           	callstack 0
  1573   001196                     _OSCILLATOR_Initialize:
  1574                           	callstack 24
  1575   001196                     
  1576                           ;setting_hardaware/setting.c: 75:     IRCF2 = 1;
  1577   001196  8CD3               	bsf	4051,6,c	;volatile
  1578                           
  1579                           ;setting_hardaware/setting.c: 76:     IRCF1 = 0;
  1580   001198  9AD3               	bcf	4051,5,c	;volatile
  1581                           
  1582                           ;setting_hardaware/setting.c: 77:     IRCF0 = 0;
  1583   00119A  98D3               	bcf	4051,4,c	;volatile
  1584   00119C  0012               	return		;funcret
  1585   00119E                     __end_of_OSCILLATOR_Initialize:
  1586                           	callstack 0
  1587                           
  1588 ;; *************** function _INTERRUPT_Initialize *****************
  1589 ;; Defined at:
  1590 ;;		line 3 in file "setting_hardaware/interrupt_manager.c"
  1591 ;; Parameters:    Size  Location     Type
  1592 ;;		None
  1593 ;; Auto vars:     Size  Location     Type
  1594 ;;		None
  1595 ;; Return value:  Size  Location     Type
  1596 ;;                  1    wreg      void 
  1597 ;; Registers used:
  1598 ;;		None
  1599 ;; Tracked objects:
  1600 ;;		On entry : 0/0
  1601 ;;		On exit  : 0/0
  1602 ;;		Unchanged: 0/0
  1603 ;; Data sizes:     COMRAM   BANK0   BANK1   BANK2   BANK3   BANK4   BANK5
  1604 ;;      Params:         0       0       0       0       0       0       0
  1605 ;;      Locals:         0       0       0       0       0       0       0
  1606 ;;      Temps:          0       0       0       0       0       0       0
  1607 ;;      Totals:         0       0       0       0       0       0       0
  1608 ;;Total ram usage:        0 bytes
  1609 ;; Hardware stack levels used: 1
  1610 ;; Hardware stack levels required when called: 5
  1611 ;; This function calls:
  1612 ;;		Nothing
  1613 ;; This function is called by:
  1614 ;;		_SYSTEM_Initialize
  1615 ;; This function uses a non-reentrant model
  1616 ;;
  1617                           
  1618                           	psect	text4
  1619   00119E                     __ptext4:
  1620                           	callstack 0
  1621   00119E                     _INTERRUPT_Initialize:
  1622                           	callstack 24
  1623   00119E                     
  1624                           ;setting_hardaware/interrupt_manager.c: 5:     RCONbits.IPEN = 1;
  1625   00119E  8ED0               	bsf	208,7,c	;volatile
  1626                           
  1627                           ;setting_hardaware/interrupt_manager.c: 6:     INTCONbits.GIEH = 1;
  1628   0011A0  8EF2               	bsf	242,7,c	;volatile
  1629                           
  1630                           ;setting_hardaware/interrupt_manager.c: 7:     INTCONbits.GIEL = 1;
  1631   0011A2  8CF2               	bsf	242,6,c	;volatile
  1632   0011A4  0012               	return		;funcret
  1633   0011A6                     __end_of_INTERRUPT_Initialize:
  1634                           	callstack 0
  1635                           
  1636 ;; *************** function _CCP1_Initialize *****************
  1637 ;; Defined at:
  1638 ;;		line 3 in file "setting_hardaware/ccp1.c"
  1639 ;; Parameters:    Size  Location     Type
  1640 ;;		None
  1641 ;; Auto vars:     Size  Location     Type
  1642 ;;		None
  1643 ;; Return value:  Size  Location     Type
  1644 ;;                  1    wreg      void 
  1645 ;; Registers used:
  1646 ;;		wreg, status,2
  1647 ;; Tracked objects:
  1648 ;;		On entry : 0/0
  1649 ;;		On exit  : 0/0
  1650 ;;		Unchanged: 0/0
  1651 ;; Data sizes:     COMRAM   BANK0   BANK1   BANK2   BANK3   BANK4   BANK5
  1652 ;;      Params:         0       0       0       0       0       0       0
  1653 ;;      Locals:         0       0       0       0       0       0       0
  1654 ;;      Temps:          0       0       0       0       0       0       0
  1655 ;;      Totals:         0       0       0       0       0       0       0
  1656 ;;Total ram usage:        0 bytes
  1657 ;; Hardware stack levels used: 1
  1658 ;; Hardware stack levels required when called: 5
  1659 ;; This function calls:
  1660 ;;		Nothing
  1661 ;; This function is called by:
  1662 ;;		_SYSTEM_Initialize
  1663 ;; This function uses a non-reentrant model
  1664 ;;
  1665                           
  1666                           	psect	text5
  1667   00118A                     __ptext5:
  1668                           	callstack 0
  1669   00118A                     _CCP1_Initialize:
  1670                           	callstack 24
  1671   00118A                     
  1672                           ;setting_hardaware/ccp1.c: 4:     TRISCbits.TRISC2=0;
  1673   00118A  9494               	bcf	148,2,c	;volatile
  1674   00118C                     
  1675                           ;setting_hardaware/ccp1.c: 5:     CCP1CON=9;
  1676   00118C  0E09               	movlw	9
  1677   00118E  6EBD               	movwf	189,c	;volatile
  1678   001190                     
  1679                           ;setting_hardaware/ccp1.c: 6:     PIR1bits.CCP1IF=0;
  1680   001190  949E               	bcf	158,2,c	;volatile
  1681   001192                     
  1682                           ;setting_hardaware/ccp1.c: 7:     IPR1bits.CCP1IP = 1;
  1683   001192  849F               	bsf	159,2,c	;volatile
  1684   001194  0012               	return		;funcret
  1685   001196                     __end_of_CCP1_Initialize:
  1686                           	callstack 0
  1687                           
  1688 ;; *************** function _ADC_Initialize *****************
  1689 ;; Defined at:
  1690 ;;		line 3 in file "setting_hardaware/adc.c"
  1691 ;; Parameters:    Size  Location     Type
  1692 ;;		None
  1693 ;; Auto vars:     Size  Location     Type
  1694 ;;		None
  1695 ;; Return value:  Size  Location     Type
  1696 ;;                  1    wreg      void 
  1697 ;; Registers used:
  1698 ;;		wreg, status,2
  1699 ;; Tracked objects:
  1700 ;;		On entry : 0/0
  1701 ;;		On exit  : 0/0
  1702 ;;		Unchanged: 0/0
  1703 ;; Data sizes:     COMRAM   BANK0   BANK1   BANK2   BANK3   BANK4   BANK5
  1704 ;;      Params:         0       0       0       0       0       0       0
  1705 ;;      Locals:         0       0       0       0       0       0       0
  1706 ;;      Temps:          0       0       0       0       0       0       0
  1707 ;;      Totals:         0       0       0       0       0       0       0
  1708 ;;Total ram usage:        0 bytes
  1709 ;; Hardware stack levels used: 1
  1710 ;; Hardware stack levels required when called: 5
  1711 ;; This function calls:
  1712 ;;		Nothing
  1713 ;; This function is called by:
  1714 ;;		_SYSTEM_Initialize
  1715 ;; This function uses a non-reentrant model
  1716 ;;
  1717                           
  1718                           	psect	text6
  1719   00111C                     __ptext6:
  1720                           	callstack 0
  1721   00111C                     _ADC_Initialize:
  1722                           	callstack 24
  1723   00111C                     
  1724                           ;setting_hardaware/adc.c: 4:     TRISA = 0xff;
  1725   00111C  6892               	setf	146,c	;volatile
  1726   00111E                     
  1727                           ;setting_hardaware/adc.c: 5:     ADCON1 = 0x0e;
  1728   00111E  0E0E               	movlw	14
  1729   001120  6EC1               	movwf	193,c	;volatile
  1730                           
  1731                           ;setting_hardaware/adc.c: 6:     ADCON2 = 0x92;
  1732   001122  0E92               	movlw	146
  1733   001124  6EC0               	movwf	192,c	;volatile
  1734   001126                     
  1735                           ;setting_hardaware/adc.c: 7:     ADFM = 1 ;
  1736   001126  8EC0               	bsf	4032,7,c	;volatile
  1737                           
  1738                           ;setting_hardaware/adc.c: 8:     ADCON2bits.ADCS = 7;
  1739   001128  0E07               	movlw	7
  1740   00112A  12C0               	iorwf	192,f,c	;volatile
  1741   00112C                     
  1742                           ;setting_hardaware/adc.c: 9:     ADRESH=0;
  1743   00112C  6AC4               	clrf	196,c	;volatile
  1744   00112E                     
  1745                           ;setting_hardaware/adc.c: 10:     ADRESL=0;
  1746   00112E  6AC3               	clrf	195,c	;volatile
  1747   001130  0012               	return		;funcret
  1748   001132                     __end_of_ADC_Initialize:
  1749                           	callstack 0
  1750                           
  1751 ;; *************** function _Hard *****************
  1752 ;; Defined at:
  1753 ;;		line 184 in file "main.c"
  1754 ;; Parameters:    Size  Location     Type
  1755 ;;		None
  1756 ;; Auto vars:     Size  Location     Type
  1757 ;;  i               2   68[COMRAM] int 
  1758 ;;  buffer         10   54[COMRAM] unsigned char [10]
  1759 ;;  value           2   70[COMRAM] int 
  1760 ;;  last_len        2   66[COMRAM] int 
  1761 ;;  last            2   64[COMRAM] int 
  1762 ;; Return value:  Size  Location     Type
  1763 ;;                  1    wreg      void 
  1764 ;; Registers used:
  1765 ;;		wreg, fsr1l, fsr1h, fsr2l, fsr2h, status,2, status,0, tblptrl, tblptrh, tblptru, cstack
  1766 ;; Tracked objects:
  1767 ;;		On entry : 0/0
  1768 ;;		On exit  : 0/0
  1769 ;;		Unchanged: 0/0
  1770 ;; Data sizes:     COMRAM   BANK0   BANK1   BANK2   BANK3   BANK4   BANK5
  1771 ;;      Params:         0       0       0       0       0       0       0
  1772 ;;      Locals:        18       0       0       0       0       0       0
  1773 ;;      Temps:          1       0       0       0       0       0       0
  1774 ;;      Totals:        19       0       0       0       0       0       0
  1775 ;;Total ram usage:       19 bytes
  1776 ;; Hardware stack levels used: 1
  1777 ;; Hardware stack levels required when called: 10
  1778 ;; This function calls:
  1779 ;;		_ADC_Read_Avg
  1780 ;;		_ADC_To_Output
  1781 ;;		_UART_Write
  1782 ;;		_UART_Write_Text
  1783 ;;		_led
  1784 ;;		_sprintf
  1785 ;;		_strlen
  1786 ;; This function is called by:
  1787 ;;		_main
  1788 ;; This function uses a non-reentrant model
  1789 ;;
  1790                           
  1791                           	psect	text7
  1792   000B58                     __ptext7:
  1793                           	callstack 0
  1794   000B58                     _Hard:
  1795                           	callstack 20
  1796   000B58                     
  1797                           ;main.c: 186:     TRISD = 0x00;
  1798   000B58  6A95               	clrf	149,c	;volatile
  1799                           
  1800                           ;main.c: 187:     LATD = 0x00;
  1801   000B5A  6A8C               	clrf	140,c	;volatile
  1802                           
  1803                           ;main.c: 189:     char buffer[10];;main.c: 190:     int value;;main.c: 191:     int last
      +                           = -1;
  1804   000B5C  6841               	setf	Hard@last^0,c
  1805   000B5E  6842               	setf	(Hard@last+1)^0,c
  1806   000B60                     
  1807                           ;main.c: 192:     int last_len = 0;
  1808   000B60  0E00               	movlw	0
  1809   000B62  6E44               	movwf	(Hard@last_len+1)^0,c
  1810   000B64  0E00               	movlw	0
  1811   000B66  6E43               	movwf	Hard@last_len^0,c
  1812   000B68                     l2043:
  1813                           
  1814                           ;main.c: 196:         value = ADC_Read_Avg(1);
  1815   000B68  0E00               	movlw	0
  1816   000B6A  6E1C               	movwf	(ADC_Read_Avg@ch+1)^0,c
  1817   000B6C  0E01               	movlw	1
  1818   000B6E  6E1B               	movwf	ADC_Read_Avg@ch^0,c
  1819   000B70  EC28  F007         	call	_ADC_Read_Avg	;wreg free
  1820   000B74  C01B  F047         	movff	?_ADC_Read_Avg,Hard@value
  1821   000B78  C01C  F048         	movff	?_ADC_Read_Avg+1,Hard@value+1
  1822   000B7C                     
  1823                           ;main.c: 199:         if(value != last) {
  1824   000B7C  5041               	movf	Hard@last^0,w,c
  1825   000B7E  1847               	xorwf	Hard@value^0,w,c
  1826   000B80  E109               	bnz	u1300
  1827   000B82  5042               	movf	(Hard@last+1)^0,w,c
  1828   000B84  1848               	xorwf	(Hard@value+1)^0,w,c
  1829   000B86  B4D8               	btfsc	status,2,c
  1830   000B88  EFC8  F005         	goto	u1301
  1831   000B8C  EFCA  F005         	goto	u1300
  1832   000B90                     u1301:
  1833   000B90  EF10  F006         	goto	l2065
  1834   000B94                     u1300:
  1835   000B94                     
  1836                           ;main.c: 201:             for(int i = 0; i < last_len; i++) {
  1837   000B94  0E00               	movlw	0
  1838   000B96  6E46               	movwf	(Hard@i+1)^0,c
  1839   000B98  0E00               	movlw	0
  1840   000B9A  6E45               	movwf	Hard@i^0,c
  1841   000B9C  EFDB  F005         	goto	l2053
  1842   000BA0                     l2049:
  1843                           
  1844                           ;main.c: 202:                 UART_Write('\b');
  1845   000BA0  0E08               	movlw	8
  1846   000BA2  EC99  F008         	call	_UART_Write
  1847                           
  1848                           ;main.c: 203:                 UART_Write(' ');
  1849   000BA6  0E20               	movlw	32
  1850   000BA8  EC99  F008         	call	_UART_Write
  1851                           
  1852                           ;main.c: 204:                 UART_Write('\b');
  1853   000BAC  0E08               	movlw	8
  1854   000BAE  EC99  F008         	call	_UART_Write
  1855   000BB2                     
  1856                           ;main.c: 205:             }
  1857   000BB2  4A45               	infsnz	Hard@i^0,f,c
  1858   000BB4  2A46               	incf	(Hard@i+1)^0,f,c
  1859   000BB6                     l2053:
  1860   000BB6  5043               	movf	Hard@last_len^0,w,c
  1861   000BB8  5C45               	subwf	Hard@i^0,w,c
  1862   000BBA  5046               	movf	(Hard@i+1)^0,w,c
  1863   000BBC  0A80               	xorlw	128
  1864   000BBE  6E36               	movwf	??_Hard^0,c
  1865   000BC0  5044               	movf	(Hard@last_len+1)^0,w,c
  1866   000BC2  0A80               	xorlw	128
  1867   000BC4  5836               	subwfb	??_Hard^0,w,c
  1868   000BC6  A0D8               	btfss	status,0,c
  1869   000BC8  EFE8  F005         	goto	u1311
  1870   000BCC  EFEA  F005         	goto	u1310
  1871   000BD0                     u1311:
  1872   000BD0  EFD0  F005         	goto	l2049
  1873   000BD4                     u1310:
  1874   000BD4                     
  1875                           ;main.c: 207:             sprintf(buffer, "%d", value);
  1876   000BD4  0E37               	movlw	low Hard@buffer
  1877   000BD6  6E26               	movwf	sprintf@s^0,c
  1878   000BD8  0E01               	movlw	low STR_1
  1879   000BDA  6E27               	movwf	sprintf@fmt^0,c
  1880   000BDC  C047  F028         	movff	Hard@value,?_sprintf+2
  1881   000BE0  C048  F029         	movff	Hard@value+1,?_sprintf+3
  1882   000BE4  EC27  F008         	call	_sprintf	;wreg free
  1883   000BE8                     
  1884                           ;main.c: 208:             UART_Write_Text(buffer);
  1885   000BE8  0E37               	movlw	low Hard@buffer
  1886   000BEA  6E0E               	movwf	UART_Write_Text@text^0,c
  1887   000BEC  ECF0  F007         	call	_UART_Write_Text	;wreg free
  1888   000BF0                     
  1889                           ;main.c: 209:             led(ADC_To_Output(value));
  1890   000BF0  C047  F00D         	movff	Hard@value,ADC_To_Output@value
  1891   000BF4  C048  F00E         	movff	Hard@value+1,ADC_To_Output@value+1
  1892   000BF8  EC03  F003         	call	_ADC_To_Output	;wreg free
  1893   000BFC  C00D  F00F         	movff	?_ADC_To_Output,led@num
  1894   000C00  C00E  F010         	movff	?_ADC_To_Output+1,led@num+1
  1895   000C04  ECAF  F008         	call	_led	;wreg free
  1896   000C08                     
  1897                           ;main.c: 210:             last_len = strlen(buffer);
  1898   000C08  0E37               	movlw	low Hard@buffer
  1899   000C0A  6E0D               	movwf	strlen@s^0,c
  1900   000C0C  EC5B  F008         	call	_strlen	;wreg free
  1901   000C10  C00D  F043         	movff	?_strlen,Hard@last_len
  1902   000C14  C00E  F044         	movff	?_strlen+1,Hard@last_len+1
  1903   000C18                     
  1904                           ;main.c: 212:             last = value;
  1905   000C18  C047  F041         	movff	Hard@value,Hard@last
  1906   000C1C  C048  F042         	movff	Hard@value+1,Hard@last+1
  1907   000C20                     l2065:
  1908                           
  1909                           ;main.c: 215:         _delay((unsigned long)((100)*(1000000/4000.0)));
  1910   000C20  0E21               	movlw	33
  1911   000C22  6E36               	movwf	??_Hard^0,c
  1912   000C24  0E76               	movlw	118
  1913   000C26                     u1437:
  1914   000C26  2EE8               	decfsz	wreg,f,c
  1915   000C28  D7FE               	bra	u1437
  1916   000C2A  2E36               	decfsz	??_Hard^0,f,c
  1917   000C2C  D7FC               	bra	u1437
  1918   000C2E  D000               	nop2	
  1919   000C30  EFB4  F005         	goto	l2043
  1920   000C34  0012               	return		;funcret
  1921   000C36                     __end_of_Hard:
  1922                           	callstack 0
  1923                           
  1924 ;; *************** function _strlen *****************
  1925 ;; Defined at:
  1926 ;;		line 5 in file "C:\Program Files\Microchip\xc8\v3.00\pic\sources\c99\common\strlen.c"
  1927 ;; Parameters:    Size  Location     Type
  1928 ;;  s               1   12[COMRAM] PTR const unsigned char 
  1929 ;;		 -> Hard@buffer(10), 
  1930 ;; Auto vars:     Size  Location     Type
  1931 ;;  a               1   14[COMRAM] PTR const unsigned char 
  1932 ;;		 -> Hard@buffer(10), 
  1933 ;; Return value:  Size  Location     Type
  1934 ;;                  2   12[COMRAM] unsigned int 
  1935 ;; Registers used:
  1936 ;;		wreg, fsr2l, fsr2h, status,2, status,0
  1937 ;; Tracked objects:
  1938 ;;		On entry : 0/0
  1939 ;;		On exit  : 0/0
  1940 ;;		Unchanged: 0/0
  1941 ;; Data sizes:     COMRAM   BANK0   BANK1   BANK2   BANK3   BANK4   BANK5
  1942 ;;      Params:         2       0       0       0       0       0       0
  1943 ;;      Locals:         1       0       0       0       0       0       0
  1944 ;;      Temps:          0       0       0       0       0       0       0
  1945 ;;      Totals:         3       0       0       0       0       0       0
  1946 ;;Total ram usage:        3 bytes
  1947 ;; Hardware stack levels used: 1
  1948 ;; Hardware stack levels required when called: 5
  1949 ;; This function calls:
  1950 ;;		Nothing
  1951 ;; This function is called by:
  1952 ;;		_Hard
  1953 ;; This function uses a non-reentrant model
  1954 ;;
  1955                           
  1956                           	psect	text8
  1957   0010B6                     __ptext8:
  1958                           	callstack 0
  1959   0010B6                     _strlen:
  1960                           	callstack 24
  1961   0010B6  C00D  F00F         	movff	strlen@s,strlen@a
  1962   0010BA  EF60  F008         	goto	l1989
  1963   0010BE                     l1987:
  1964   0010BE  2A0D               	incf	strlen@s^0,f,c
  1965   0010C0                     l1989:
  1966   0010C0  500D               	movf	strlen@s^0,w,c
  1967   0010C2  6ED9               	movwf	fsr2l,c
  1968   0010C4  6ADA               	clrf	fsr2h,c
  1969   0010C6  50DF               	movf	indf2,w,c
  1970   0010C8  A4D8               	btfss	status,2,c
  1971   0010CA  EF69  F008         	goto	u1211
  1972   0010CE  EF6B  F008         	goto	u1210
  1973   0010D2                     u1211:
  1974   0010D2  EF5F  F008         	goto	l1987
  1975   0010D6                     u1210:
  1976   0010D6  500F               	movf	strlen@a^0,w,c
  1977   0010D8  5C0D               	subwf	strlen@s^0,w,c
  1978   0010DA  6E0D               	movwf	?_strlen^0,c
  1979   0010DC  6A0E               	clrf	(?_strlen+1)^0,c
  1980   0010DE  BE0D               	btfsc	?_strlen^0,7,c
  1981   0010E0  060E               	decf	(?_strlen+1)^0,f,c
  1982   0010E2  0012               	return		;funcret
  1983   0010E4                     __end_of_strlen:
  1984                           	callstack 0
  1985                           
  1986 ;; *************** function _sprintf *****************
  1987 ;; Defined at:
  1988 ;;		line 9 in file "C:\Program Files\Microchip\xc8\v3.00\pic\sources\c99\common\nf_sprintf.c"
  1989 ;; Parameters:    Size  Location     Type
  1990 ;;  s               1   37[COMRAM] PTR unsigned char 
  1991 ;;		 -> Hard@buffer(10), Basic@buf(5), 
  1992 ;;  fmt             1   38[COMRAM] PTR const unsigned char 
  1993 ;;		 -> STR_3(3), STR_2(3), STR_1(3), 
  1994 ;; Auto vars:     Size  Location     Type
  1995 ;;  f              11   42[COMRAM] struct _IO_FILE
  1996 ;;  ret             2    0        int 
  1997 ;;  ap              1   41[COMRAM] PTR void [1]
  1998 ;;		 -> ?_sprintf(2), 
  1999 ;; Return value:  Size  Location     Type
  2000 ;;                  2   37[COMRAM] int 
  2001 ;; Registers used:
  2002 ;;		wreg, fsr1l, fsr1h, fsr2l, fsr2h, status,2, status,0, tblptrl, tblptrh, tblptru, cstack
  2003 ;; Tracked objects:
  2004 ;;		On entry : 0/0
  2005 ;;		On exit  : 0/0
  2006 ;;		Unchanged: 0/0
  2007 ;; Data sizes:     COMRAM   BANK0   BANK1   BANK2   BANK3   BANK4   BANK5
  2008 ;;      Params:         4       0       0       0       0       0       0
  2009 ;;      Locals:        12       0       0       0       0       0       0
  2010 ;;      Temps:          0       0       0       0       0       0       0
  2011 ;;      Totals:        16       0       0       0       0       0       0
  2012 ;;Total ram usage:       16 bytes
  2013 ;; Hardware stack levels used: 1
  2014 ;; Hardware stack levels required when called: 9
  2015 ;; This function calls:
  2016 ;;		_vfprintf
  2017 ;; This function is called by:
  2018 ;;		_Hard
  2019 ;;		_Basic
  2020 ;; This function uses a non-reentrant model
  2021 ;;
  2022                           
  2023                           	psect	text9
  2024   00104E                     __ptext9:
  2025                           	callstack 0
  2026   00104E                     _sprintf:
  2027                           	callstack 20
  2028   00104E  0E28               	movlw	low (?_sprintf+2)
  2029   001050  6E2A               	movwf	sprintf@ap^0,c
  2030   001052  C026  F02B         	movff	sprintf@s,sprintf@f
  2031   001056  0E00               	movlw	0
  2032   001058  6E2E               	movwf	(sprintf@f+3)^0,c
  2033   00105A  0E00               	movlw	0
  2034   00105C  6E2D               	movwf	(sprintf@f+2)^0,c
  2035   00105E  0E00               	movlw	0
  2036   001060  6E35               	movwf	(sprintf@f+10)^0,c
  2037   001062  0E00               	movlw	0
  2038   001064  6E34               	movwf	(sprintf@f+9)^0,c
  2039   001066  0E2B               	movlw	low sprintf@f
  2040   001068  6E22               	movwf	vfprintf@fp^0,c
  2041   00106A  C027  F023         	movff	sprintf@fmt,vfprintf@fmt
  2042   00106E  0E2A               	movlw	low sprintf@ap
  2043   001070  6E24               	movwf	vfprintf@ap^0,c
  2044   001072  ECD3  F007         	call	_vfprintf	;wreg free
  2045   001076  5026               	movf	sprintf@s^0,w,c
  2046   001078  242D               	addwf	(sprintf@f+2)^0,w,c
  2047   00107A  6ED9               	movwf	fsr2l,c
  2048   00107C  6ADA               	clrf	fsr2h,c
  2049   00107E  6ADF               	clrf	indf2,c
  2050   001080  0012               	return		;funcret
  2051   001082                     __end_of_sprintf:
  2052                           	callstack 0
  2053                           
  2054 ;; *************** function _vfprintf *****************
  2055 ;; Defined at:
  2056 ;;		line 1817 in file "C:\Program Files\Microchip\xc8\v3.00\pic\sources\c99\common\doprnt.c"
  2057 ;; Parameters:    Size  Location     Type
  2058 ;;  fp              1   33[COMRAM] PTR struct _IO_FILE
  2059 ;;		 -> sprintf@f(11), 
  2060 ;;  fmt             1   34[COMRAM] PTR const unsigned char 
  2061 ;;		 -> STR_3(3), STR_2(3), STR_1(3), 
  2062 ;;  ap              1   35[COMRAM] PTR PTR void 
  2063 ;;		 -> sprintf@ap(1), 
  2064 ;; Auto vars:     Size  Location     Type
  2065 ;;  cfmt            1   36[COMRAM] PTR unsigned char 
  2066 ;;		 -> STR_3(3), STR_2(3), STR_1(3), 
  2067 ;; Return value:  Size  Location     Type
  2068 ;;                  2   33[COMRAM] int 
  2069 ;; Registers used:
  2070 ;;		wreg, fsr1l, fsr1h, fsr2l, fsr2h, status,2, status,0, tblptrl, tblptrh, tblptru, cstack
  2071 ;; Tracked objects:
  2072 ;;		On entry : 0/0
  2073 ;;		On exit  : 0/0
  2074 ;;		Unchanged: 0/0
  2075 ;; Data sizes:     COMRAM   BANK0   BANK1   BANK2   BANK3   BANK4   BANK5
  2076 ;;      Params:         3       0       0       0       0       0       0
  2077 ;;      Locals:         1       0       0       0       0       0       0
  2078 ;;      Temps:          0       0       0       0       0       0       0
  2079 ;;      Totals:         4       0       0       0       0       0       0
  2080 ;;Total ram usage:        4 bytes
  2081 ;; Hardware stack levels used: 1
  2082 ;; Hardware stack levels required when called: 8
  2083 ;; This function calls:
  2084 ;;		_vfpfcnvrt
  2085 ;; This function is called by:
  2086 ;;		_sprintf
  2087 ;; This function uses a non-reentrant model
  2088 ;;
  2089                           
  2090                           	psect	text10
  2091   000FA6                     __ptext10:
  2092                           	callstack 0
  2093   000FA6                     _vfprintf:
  2094                           	callstack 20
  2095   000FA6                     
  2096                           ;C:\Program Files\Microchip\xc8\v3.00\pic\sources\c99\common\doprnt.c: 1817: int vfprint
      +                          f(FILE *fp, const char *fmt, va_list ap);C:\Program Files\Microchip\xc8\v3.00\pic\source
      +                          s\c99\common\doprnt.c: 1818: {;C:\Program Files\Microchip\xc8\v3.00\pic\sources\c99\comm
      +                          on\doprnt.c: 1820:     char *cfmt;;C:\Program Files\Microchip\xc8\v3.00\pic\sources\c99\
      +                          common\doprnt.c: 1822:     cfmt = (char *)fmt;
  2097   000FA6  C023  F025         	movff	vfprintf@fmt,vfprintf@cfmt
  2098                           
  2099                           ;C:\Program Files\Microchip\xc8\v3.00\pic\sources\c99\common\doprnt.c: 1826:     while (
      +                          *cfmt) {
  2100   000FAA  EFDF  F007         	goto	l1847
  2101   000FAE                     l1845:
  2102                           
  2103                           ;C:\Program Files\Microchip\xc8\v3.00\pic\sources\c99\common\doprnt.c: 1830:    vfpfcnvr
      +                          t(fp, &cfmt, ap);
  2104   000FAE  C022  F017         	movff	vfprintf@fp,vfpfcnvrt@fp
  2105   000FB2  0E25               	movlw	low vfprintf@cfmt
  2106   000FB4  6E18               	movwf	vfpfcnvrt@fmt^0,c
  2107   000FB6  C024  F019         	movff	vfprintf@ap,vfpfcnvrt@ap
  2108   000FBA  ECDE  F003         	call	_vfpfcnvrt	;wreg free
  2109   000FBE                     l1847:
  2110                           
  2111                           ;C:\Program Files\Microchip\xc8\v3.00\pic\sources\c99\common\doprnt.c: 1826:     while (
      +                          *cfmt) {
  2112   000FBE  C025  FFF6         	movff	vfprintf@cfmt,tblptrl
  2113   000FC2                     	if	0	;There is only one active tblptr byte
  2114   000FC2                     	endif
  2115   000FC2                     	if	0	;tblptru may be non-zero
  2116   000FC2                     	endif
  2117   000FC2                     	if	0	;tblptru may be non-zero
  2118   000FC2                     	endif
  2119   000FC2  0008               	tblrd		*
  2120   000FC4  50F5               	movf	tablat,w,c
  2121   000FC6  0900               	iorlw	0
  2122   000FC8  A4D8               	btfss	status,2,c
  2123   000FCA  EFE9  F007         	goto	u1071
  2124   000FCE  EFEB  F007         	goto	u1070
  2125   000FD2                     u1071:
  2126   000FD2  EFD7  F007         	goto	l1845
  2127   000FD6                     u1070:
  2128   000FD6                     
  2129                           ;C:\Program Files\Microchip\xc8\v3.00\pic\sources\c99\common\doprnt.c: 1835:  return 0;
  2130   000FD6  0E00               	movlw	0
  2131   000FD8  6E23               	movwf	(?_vfprintf+1)^0,c
  2132   000FDA  0E00               	movlw	0
  2133   000FDC  6E22               	movwf	?_vfprintf^0,c
  2134   000FDE  0012               	return		;funcret
  2135   000FE0                     __end_of_vfprintf:
  2136                           	callstack 0
  2137                           
  2138 ;; *************** function _vfpfcnvrt *****************
  2139 ;; Defined at:
  2140 ;;		line 1177 in file "C:\Program Files\Microchip\xc8\v3.00\pic\sources\c99\common\doprnt.c"
  2141 ;; Parameters:    Size  Location     Type
  2142 ;;  fp              1   22[COMRAM] PTR struct _IO_FILE
  2143 ;;		 -> sprintf@f(11), 
  2144 ;;  fmt             1   23[COMRAM] PTR PTR unsigned char 
  2145 ;;		 -> vfprintf@cfmt(1), 
  2146 ;;  ap              1   24[COMRAM] PTR PTR void 
  2147 ;;		 -> sprintf@ap(1), 
  2148 ;; Auto vars:     Size  Location     Type
  2149 ;;  convarg         4   28[COMRAM] struct .
  2150 ;;  c               1   32[COMRAM] unsigned char 
  2151 ;;  cp              1   27[COMRAM] PTR unsigned char 
  2152 ;;		 -> STR_3(3), STR_2(3), STR_1(3), 
  2153 ;;  done            1   26[COMRAM] _Bool 
  2154 ;; Return value:  Size  Location     Type
  2155 ;;                  1    wreg      void 
  2156 ;; Registers used:
  2157 ;;		wreg, fsr1l, fsr1h, fsr2l, fsr2h, status,2, status,0, tblptrl, tblptrh, tblptru, cstack
  2158 ;; Tracked objects:
  2159 ;;		On entry : 0/0
  2160 ;;		On exit  : 0/0
  2161 ;;		Unchanged: 0/0
  2162 ;; Data sizes:     COMRAM   BANK0   BANK1   BANK2   BANK3   BANK4   BANK5
  2163 ;;      Params:         3       0       0       0       0       0       0
  2164 ;;      Locals:         7       0       0       0       0       0       0
  2165 ;;      Temps:          1       0       0       0       0       0       0
  2166 ;;      Totals:        11       0       0       0       0       0       0
  2167 ;;Total ram usage:       11 bytes
  2168 ;; Hardware stack levels used: 1
  2169 ;; Hardware stack levels required when called: 7
  2170 ;; This function calls:
  2171 ;;		___awdiv
  2172 ;;		___awmod
  2173 ;;		_abs
  2174 ;;		_fputc
  2175 ;; This function is called by:
  2176 ;;		_vfprintf
  2177 ;; This function uses a non-reentrant model
  2178 ;;
  2179                           
  2180                           	psect	text11
  2181   0007BC                     __ptext11:
  2182                           	callstack 0
  2183   0007BC                     _vfpfcnvrt:
  2184                           	callstack 20
  2185   0007BC                     
  2186                           ;C:\Program Files\Microchip\xc8\v3.00\pic\sources\c99\common\doprnt.c: 1177: vfpfcnvrt(F
      +                          ILE *fp, char *fmt[], va_list ap);C:\Program Files\Microchip\xc8\v3.00\pic\sources\c99\c
      +                          ommon\doprnt.c: 1178: {;C:\Program Files\Microchip\xc8\v3.00\pic\sources\c99\common\dopr
      +                          nt.c: 1179:     char c, *cp;;C:\Program Files\Microchip\xc8\v3.00\pic\sources\c99\common
      +                          \doprnt.c: 1180:     _Bool done;;C:\Program Files\Microchip\xc8\v3.00\pic\sources\c99\co
      +                          mmon\doprnt.c: 1188:  } convarg;;C:\Program Files\Microchip\xc8\v3.00\pic\sources\c99\co
      +                          mmon\doprnt.c: 1201:     if ((*fmt)[0] == '%') {
  2187   0007BC  5018               	movf	vfpfcnvrt@fmt^0,w,c
  2188   0007BE  6ED9               	movwf	fsr2l,c
  2189   0007C0  6ADA               	clrf	fsr2h,c
  2190   0007C2  CFDF FFF6          	movff	indf2,tblptrl
  2191   0007C6                     	if	0	;There is only one active tblptr byte
  2192   0007C6                     	endif
  2193   0007C6                     	if	0	;tblptru may be non-zero
  2194   0007C6                     	endif
  2195   0007C6                     	if	0	;tblptru may be non-zero
  2196   0007C6                     	endif
  2197   0007C6  0008               	tblrd		*
  2198   0007C8  50F5               	movf	tablat,w,c
  2199   0007CA  0A25               	xorlw	37
  2200   0007CC  A4D8               	btfss	status,2,c
  2201   0007CE  EFEB  F003         	goto	u901
  2202   0007D2  EFED  F003         	goto	u900
  2203   0007D6                     u901:
  2204   0007D6  EFA2  F004         	goto	l1781
  2205   0007DA                     u900:
  2206   0007DA                     
  2207                           ;C:\Program Files\Microchip\xc8\v3.00\pic\sources\c99\common\doprnt.c: 1202:         ++*
      +                          fmt;
  2208   0007DA  5018               	movf	vfpfcnvrt@fmt^0,w,c
  2209   0007DC  6ED9               	movwf	fsr2l,c
  2210   0007DE  6ADA               	clrf	fsr2h,c
  2211   0007E0  2ADF               	incf	indf2,f,c
  2212   0007E2                     
  2213                           ;C:\Program Files\Microchip\xc8\v3.00\pic\sources\c99\common\doprnt.c: 1204:         fla
      +                          gs = width = 0;
  2214   0007E2  0E00               	movlw	0
  2215   0007E4  6E4A               	movwf	(_width+1)^0,c
  2216   0007E6  0E00               	movlw	0
  2217   0007E8  6E49               	movwf	_width^0,c
  2218   0007EA  C049  F053         	movff	_width,_flags
  2219   0007EE                     
  2220                           ;C:\Program Files\Microchip\xc8\v3.00\pic\sources\c99\common\doprnt.c: 1205:         pre
      +                          c = -1;
  2221   0007EE  684B               	setf	_prec^0,c
  2222   0007F0  684C               	setf	(_prec+1)^0,c
  2223   0007F2                     
  2224                           ;C:\Program Files\Microchip\xc8\v3.00\pic\sources\c99\common\doprnt.c: 1291:   cp = *fmt
      +                          ;
  2225   0007F2  5018               	movf	vfpfcnvrt@fmt^0,w,c
  2226   0007F4  6ED9               	movwf	fsr2l,c
  2227   0007F6  6ADA               	clrf	fsr2h,c
  2228   0007F8  50DF               	movf	indf2,w,c
  2229   0007FA  6E1C               	movwf	vfpfcnvrt@cp^0,c
  2230   0007FC                     
  2231                           ;C:\Program Files\Microchip\xc8\v3.00\pic\sources\c99\common\doprnt.c: 1361:   if (*cp =
      +                          = 'd' || *cp == 'i') {
  2232   0007FC  C01C  FFF6         	movff	vfpfcnvrt@cp,tblptrl
  2233   000800                     	if	0	;There is only one active tblptr byte
  2234   000800                     	endif
  2235   000800                     	if	0	;tblptru may be non-zero
  2236   000800                     	endif
  2237   000800                     	if	0	;tblptru may be non-zero
  2238   000800                     	endif
  2239   000800  0008               	tblrd		*
  2240   000802  50F5               	movf	tablat,w,c
  2241   000804  0A64               	xorlw	100
  2242   000806  B4D8               	btfsc	status,2,c
  2243   000808  EF08  F004         	goto	u911
  2244   00080C  EF0A  F004         	goto	u910
  2245   000810                     u911:
  2246   000810  EF16  F004         	goto	l1751
  2247   000814                     u910:
  2248   000814  C01C  FFF6         	movff	vfpfcnvrt@cp,tblptrl
  2249   000818                     	if	0	;There is only one active tblptr byte
  2250   000818                     	endif
  2251   000818                     	if	0	;tblptru may be non-zero
  2252   000818                     	endif
  2253   000818                     	if	0	;tblptru may be non-zero
  2254   000818                     	endif
  2255   000818  0008               	tblrd		*
  2256   00081A  50F5               	movf	tablat,w,c
  2257   00081C  0A69               	xorlw	105
  2258   00081E  A4D8               	btfss	status,2,c
  2259   000820  EF14  F004         	goto	u921
  2260   000824  EF16  F004         	goto	u920
  2261   000828                     u921:
  2262   000828  EF9C  F004         	goto	l1777
  2263   00082C                     u920:
  2264   00082C                     l1751:
  2265                           
  2266                           ;C:\Program Files\Microchip\xc8\v3.00\pic\sources\c99\common\doprnt.c: 1404:    convarg.
      +                          sint = (vfpf_sint_t)(int)(*(int *)__va_arg(*(int **)ap, (int)0));
  2267   00082C  5019               	movf	vfpfcnvrt@ap^0,w,c
  2268   00082E  6ED9               	movwf	fsr2l,c
  2269   000830  6ADA               	clrf	fsr2h,c
  2270   000832  0E02               	movlw	2
  2271   000834  26DF               	addwf	indf2,f,c
  2272   000836  5CDF               	subwf	indf2,w,c
  2273   000838  6ED9               	movwf	fsr2l,c
  2274   00083A  6ADA               	clrf	fsr2h,c
  2275   00083C  CFDE F01D          	movff	postinc2,vfpfcnvrt@convarg
  2276   000840  CFDE F01E          	movff	postinc2,vfpfcnvrt@convarg+1
  2277   000844                     
  2278                           ;C:\Program Files\Microchip\xc8\v3.00\pic\sources\c99\common\doprnt.c: 1406:    *fmt = c
      +                          p+1;
  2279   000844  5018               	movf	vfpfcnvrt@fmt^0,w,c
  2280   000846  6ED9               	movwf	fsr2l,c
  2281   000848  6ADA               	clrf	fsr2h,c
  2282   00084A  281C               	incf	vfpfcnvrt@cp^0,w,c
  2283   00084C  6EDF               	movwf	indf2,c
  2284   00084E                     
  2285                           ;C:\Program Files\Microchip\xc8\v3.00\pic\sources\c99\common\doprnt.c: 1408:    c = size
      +                          of(dbuf);
  2286   00084E  0E20               	movlw	32
  2287   000850  6E21               	movwf	vfpfcnvrt@c^0,c
  2288                           
  2289                           ;C:\Program Files\Microchip\xc8\v3.00\pic\sources\c99\common\doprnt.c: 1409:    done = c
      +                          onvarg.sint < 0;
  2290   000852  BE1E               	btfsc	(vfpfcnvrt@convarg+1)^0,7,c
  2291   000854  EF2E  F004         	goto	u931
  2292   000858  EF31  F004         	goto	u930
  2293   00085C                     u931:
  2294   00085C  0E01               	movlw	1
  2295   00085E  EF32  F004         	goto	u940
  2296   000862                     u930:
  2297   000862  0E00               	movlw	0
  2298   000864                     u940:
  2299   000864  6E1B               	movwf	vfpfcnvrt@done^0,c
  2300   000866                     l1757:
  2301                           
  2302                           ;C:\Program Files\Microchip\xc8\v3.00\pic\sources\c99\common\doprnt.c: 1411:     dbuf[--
      +                          c] = abs(convarg.sint % 10) + '0';
  2303   000866  0621               	decf	vfpfcnvrt@c^0,f,c
  2304   000868  5021               	movf	vfpfcnvrt@c^0,w,c
  2305   00086A  0F80               	addlw	low _dbuf
  2306   00086C  6ED9               	movwf	fsr2l,c
  2307   00086E  6ADA               	clrf	fsr2h,c
  2308   000870  C01D  F00D         	movff	vfpfcnvrt@convarg,___awmod@dividend
  2309   000874  C01E  F00E         	movff	vfpfcnvrt@convarg+1,___awmod@dividend+1
  2310   000878  0E00               	movlw	0
  2311   00087A  6E10               	movwf	(___awmod@divisor+1)^0,c
  2312   00087C  0E0A               	movlw	10
  2313   00087E  6E0F               	movwf	___awmod@divisor^0,c
  2314   000880  EC7C  F006         	call	___awmod	;wreg free
  2315   000884  C00D  F013         	movff	?___awmod,abs@a
  2316   000888  C00E  F014         	movff	?___awmod+1,abs@a+1
  2317   00088C  EC41  F008         	call	_abs	;wreg free
  2318   000890  5013               	movf	?_abs^0,w,c
  2319   000892  0F30               	addlw	48
  2320   000894  6EDF               	movwf	indf2,c
  2321   000896                     
  2322                           ;C:\Program Files\Microchip\xc8\v3.00\pic\sources\c99\common\doprnt.c: 1412:     convarg
      +                          .sint /= 10;
  2323   000896  C01D  F00D         	movff	vfpfcnvrt@convarg,___awdiv@dividend
  2324   00089A  C01E  F00E         	movff	vfpfcnvrt@convarg+1,___awdiv@dividend+1
  2325   00089E  0E00               	movlw	0
  2326   0008A0  6E10               	movwf	(___awdiv@divisor+1)^0,c
  2327   0008A2  0E0A               	movlw	10
  2328   0008A4  6E0F               	movwf	___awdiv@divisor^0,c
  2329   0008A6  EC1B  F006         	call	___awdiv	;wreg free
  2330   0008AA  C00D  F01D         	movff	?___awdiv,vfpfcnvrt@convarg
  2331   0008AE  C00E  F01E         	movff	?___awdiv+1,vfpfcnvrt@convarg+1
  2332   0008B2                     
  2333                           ;C:\Program Files\Microchip\xc8\v3.00\pic\sources\c99\common\doprnt.c: 1416:    } while 
      +                          (convarg.sint != 0 && c != 0);
  2334   0008B2  501D               	movf	vfpfcnvrt@convarg^0,w,c
  2335   0008B4  101E               	iorwf	(vfpfcnvrt@convarg+1)^0,w,c
  2336   0008B6  B4D8               	btfsc	status,2,c
  2337   0008B8  EF60  F004         	goto	u951
  2338   0008BC  EF62  F004         	goto	u950
  2339   0008C0                     u951:
  2340   0008C0  EF6A  F004         	goto	l1765
  2341   0008C4                     u950:
  2342   0008C4  5021               	movf	vfpfcnvrt@c^0,w,c
  2343   0008C6  A4D8               	btfss	status,2,c
  2344   0008C8  EF68  F004         	goto	u961
  2345   0008CC  EF6A  F004         	goto	u960
  2346   0008D0                     u961:
  2347   0008D0  EF33  F004         	goto	l1757
  2348   0008D4                     u960:
  2349   0008D4                     l1765:
  2350                           
  2351                           ;C:\Program Files\Microchip\xc8\v3.00\pic\sources\c99\common\doprnt.c: 1417:    if (c !=
      +                           0 && done) {
  2352   0008D4  5021               	movf	vfpfcnvrt@c^0,w,c
  2353   0008D6  B4D8               	btfsc	status,2,c
  2354   0008D8  EF70  F004         	goto	u971
  2355   0008DC  EF72  F004         	goto	u970
  2356   0008E0                     u971:
  2357   0008E0  EF91  F004         	goto	l1775
  2358   0008E4                     u970:
  2359   0008E4  501B               	movf	vfpfcnvrt@done^0,w,c
  2360   0008E6  B4D8               	btfsc	status,2,c
  2361   0008E8  EF78  F004         	goto	u981
  2362   0008EC  EF7A  F004         	goto	u980
  2363   0008F0                     u981:
  2364   0008F0  EF91  F004         	goto	l1775
  2365   0008F4                     u980:
  2366   0008F4                     
  2367                           ;C:\Program Files\Microchip\xc8\v3.00\pic\sources\c99\common\doprnt.c: 1418:     dbuf[--
      +                          c] = '-';
  2368   0008F4  0621               	decf	vfpfcnvrt@c^0,f,c
  2369   0008F6  5021               	movf	vfpfcnvrt@c^0,w,c
  2370   0008F8  0F80               	addlw	low _dbuf
  2371   0008FA  6ED9               	movwf	fsr2l,c
  2372   0008FC  6ADA               	clrf	fsr2h,c
  2373   0008FE  0E2D               	movlw	45
  2374   000900  6EDF               	movwf	indf2,c
  2375   000902  EF91  F004         	goto	l1775
  2376   000906                     l1771:
  2377                           
  2378                           ;C:\Program Files\Microchip\xc8\v3.00\pic\sources\c99\common\doprnt.c: 1424:     fputc(d
      +                          buf[c++], fp);
  2379   000906  5021               	movf	vfpfcnvrt@c^0,w,c
  2380   000908  0F80               	addlw	low _dbuf
  2381   00090A  6ED9               	movwf	fsr2l,c
  2382   00090C  6ADA               	clrf	fsr2h,c
  2383   00090E  50DF               	movf	indf2,w,c
  2384   000910  6E1A               	movwf	??_vfpfcnvrt^0,c
  2385   000912  501A               	movf	??_vfpfcnvrt^0,w,c
  2386   000914  6E0D               	movwf	fputc@c^0,c
  2387   000916  6A0E               	clrf	(fputc@c+1)^0,c
  2388   000918  C017  F00F         	movff	vfpfcnvrt@fp,fputc@fp
  2389   00091C  ECD3  F006         	call	_fputc	;wreg free
  2390   000920  2A21               	incf	vfpfcnvrt@c^0,f,c
  2391   000922                     l1775:
  2392                           
  2393                           ;C:\Program Files\Microchip\xc8\v3.00\pic\sources\c99\common\doprnt.c: 1423:    while (c
      +                           != sizeof(dbuf)) {
  2394   000922  0E20               	movlw	32
  2395   000924  1821               	xorwf	vfpfcnvrt@c^0,w,c
  2396   000926  A4D8               	btfss	status,2,c
  2397   000928  EF98  F004         	goto	u991
  2398   00092C  EF9A  F004         	goto	u990
  2399   000930                     u991:
  2400   000930  EF83  F004         	goto	l1771
  2401   000934                     u990:
  2402   000934  EFB1  F004         	goto	l979
  2403   000938                     l1777:
  2404                           
  2405                           ;C:\Program Files\Microchip\xc8\v3.00\pic\sources\c99\common\doprnt.c: 1806:         ++*
      +                          fmt;
  2406   000938  5018               	movf	vfpfcnvrt@fmt^0,w,c
  2407   00093A  6ED9               	movwf	fsr2l,c
  2408   00093C  6ADA               	clrf	fsr2h,c
  2409   00093E  2ADF               	incf	indf2,f,c
  2410   000940  EFB1  F004         	goto	l979
  2411   000944                     l1781:
  2412                           
  2413                           ;C:\Program Files\Microchip\xc8\v3.00\pic\sources\c99\common\doprnt.c: 1811:     fputc((
      +                          int)(*fmt)[0], fp);
  2414   000944  5018               	movf	vfpfcnvrt@fmt^0,w,c
  2415   000946  6ED9               	movwf	fsr2l,c
  2416   000948  6ADA               	clrf	fsr2h,c
  2417   00094A  CFDF FFF6          	movff	indf2,tblptrl
  2418   00094E                     	if	0	;There is only one active tblptr byte
  2419   00094E                     	endif
  2420   00094E                     	if	0	;tblptru may be non-zero
  2421   00094E                     	endif
  2422   00094E                     	if	0	;tblptru may be non-zero
  2423   00094E                     	endif
  2424   00094E  0008               	tblrd		*
  2425   000950  50F5               	movf	tablat,w,c
  2426   000952  6E0D               	movwf	fputc@c^0,c
  2427   000954  6A0E               	clrf	(fputc@c+1)^0,c
  2428   000956  C017  F00F         	movff	vfpfcnvrt@fp,fputc@fp
  2429   00095A  ECD3  F006         	call	_fputc	;wreg free
  2430   00095E  EF9C  F004         	goto	l1777
  2431   000962                     l979:
  2432   000962  0012               	return		;funcret
  2433   000964                     __end_of_vfpfcnvrt:
  2434                           	callstack 0
  2435                           
  2436 ;; *************** function _fputc *****************
  2437 ;; Defined at:
  2438 ;;		line 8 in file "C:\Program Files\Microchip\xc8\v3.00\pic\sources\c99\common\nf_fputc.c"
  2439 ;; Parameters:    Size  Location     Type
  2440 ;;  c               2   12[COMRAM] int 
  2441 ;;  fp              1   14[COMRAM] PTR struct _IO_FILE
  2442 ;;		 -> sprintf@f(11), 
  2443 ;; Auto vars:     Size  Location     Type
  2444 ;;		None
  2445 ;; Return value:  Size  Location     Type
  2446 ;;                  2   12[COMRAM] int 
  2447 ;; Registers used:
  2448 ;;		wreg, fsr1l, fsr1h, fsr2l, fsr2h, status,2, status,0, cstack
  2449 ;; Tracked objects:
  2450 ;;		On entry : 0/0
  2451 ;;		On exit  : 0/0
  2452 ;;		Unchanged: 0/0
  2453 ;; Data sizes:     COMRAM   BANK0   BANK1   BANK2   BANK3   BANK4   BANK5
  2454 ;;      Params:         3       0       0       0       0       0       0
  2455 ;;      Locals:         0       0       0       0       0       0       0
  2456 ;;      Temps:          5       0       0       0       0       0       0
  2457 ;;      Totals:         8       0       0       0       0       0       0
  2458 ;;Total ram usage:        8 bytes
  2459 ;; Hardware stack levels used: 1
  2460 ;; Hardware stack levels required when called: 6
  2461 ;; This function calls:
  2462 ;;		_putch
  2463 ;; This function is called by:
  2464 ;;		_vfpfcnvrt
  2465 ;; This function uses a non-reentrant model
  2466 ;;
  2467                           
  2468                           	psect	text12
  2469   000DA6                     __ptext12:
  2470                           	callstack 0
  2471   000DA6                     _fputc:
  2472                           	callstack 20
  2473   000DA6  500F               	movf	fputc@fp^0,w,c
  2474   000DA8  B4D8               	btfsc	status,2,c
  2475   000DAA  EFD9  F006         	goto	u851
  2476   000DAE  EFDB  F006         	goto	u850
  2477   000DB2                     u851:
  2478   000DB2  EFE3  F006         	goto	l1723
  2479   000DB6                     u850:
  2480   000DB6  500F               	movf	fputc@fp^0,w,c
  2481   000DB8  A4D8               	btfss	status,2,c
  2482   000DBA  EFE1  F006         	goto	u861
  2483   000DBE  EFE3  F006         	goto	u860
  2484   000DC2                     u861:
  2485   000DC2  EFE8  F006         	goto	l1725
  2486   000DC6                     u860:
  2487   000DC6                     l1723:
  2488   000DC6  500D               	movf	fputc@c^0,w,c
  2489   000DC8  ECD4  F008         	call	_putch
  2490   000DCC  EF27  F007         	goto	l1004
  2491   000DD0                     l1725:
  2492   000DD0  500F               	movf	fputc@fp^0,w,c
  2493   000DD2  6ED9               	movwf	fsr2l,c
  2494   000DD4  6ADA               	clrf	fsr2h,c
  2495   000DD6  0E09               	movlw	9
  2496   000DD8  26D9               	addwf	fsr2l,f,c
  2497   000DDA  50DE               	movf	postinc2,w,c
  2498   000DDC  10DE               	iorwf	postinc2,w,c
  2499   000DDE  B4D8               	btfsc	status,2,c
  2500   000DE0  EFF4  F006         	goto	u871
  2501   000DE4  EFF6  F006         	goto	u870
  2502   000DE8                     u871:
  2503   000DE8  EF0F  F007         	goto	l1729
  2504   000DEC                     u870:
  2505   000DEC  500F               	movf	fputc@fp^0,w,c
  2506   000DEE  6ED9               	movwf	fsr2l,c
  2507   000DF0  6ADA               	clrf	fsr2h,c
  2508   000DF2  0E09               	movlw	9
  2509   000DF4  26D9               	addwf	fsr2l,f,c
  2510   000DF6  500F               	movf	fputc@fp^0,w,c
  2511   000DF8  6EE1               	movwf	fsr1l,c
  2512   000DFA  6AE2               	clrf	fsr1h,c
  2513   000DFC  0E02               	movlw	2
  2514   000DFE  26E1               	addwf	fsr1l,f,c
  2515   000E00  50DE               	movf	postinc2,w,c
  2516   000E02  5CE6               	subwf	postinc1,w,c
  2517   000E04  50E6               	movf	postinc1,w,c
  2518   000E06  0A80               	xorlw	128
  2519   000E08  6E14               	movwf	(??_fputc+4)^0,c
  2520   000E0A  50DE               	movf	postinc2,w,c
  2521   000E0C  0A80               	xorlw	128
  2522   000E0E  5814               	subwfb	(??_fputc+4)^0,w,c
  2523   000E10  B0D8               	btfsc	status,0,c
  2524   000E12  EF0D  F007         	goto	u881
  2525   000E16  EF0F  F007         	goto	u880
  2526   000E1A                     u881:
  2527   000E1A  EF27  F007         	goto	l1004
  2528   000E1E                     u880:
  2529   000E1E                     l1729:
  2530   000E1E  500F               	movf	fputc@fp^0,w,c
  2531   000E20  6ED9               	movwf	fsr2l,c
  2532   000E22  6ADA               	clrf	fsr2h,c
  2533   000E24  0E02               	movlw	2
  2534   000E26  26D9               	addwf	fsr2l,f,c
  2535   000E28  50DF               	movf	indf2,w,c
  2536   000E2A  6E10               	movwf	??_fputc^0,c
  2537   000E2C  500F               	movf	fputc@fp^0,w,c
  2538   000E2E  6ED9               	movwf	fsr2l,c
  2539   000E30  6ADA               	clrf	fsr2h,c
  2540   000E32  50DF               	movf	indf2,w,c
  2541   000E34  2410               	addwf	??_fputc^0,w,c
  2542   000E36  6ED9               	movwf	fsr2l,c
  2543   000E38  6ADA               	clrf	fsr2h,c
  2544   000E3A  C00D  FFDF         	movff	fputc@c,indf2
  2545   000E3E  500F               	movf	fputc@fp^0,w,c
  2546   000E40  6ED9               	movwf	fsr2l,c
  2547   000E42  6ADA               	clrf	fsr2h,c
  2548   000E44  0E02               	movlw	2
  2549   000E46  26D9               	addwf	fsr2l,f,c
  2550   000E48  2ADE               	incf	postinc2,f,c
  2551   000E4A  0E00               	movlw	0
  2552   000E4C  22DD               	addwfc	postdec2,f,c
  2553   000E4E                     l1004:
  2554   000E4E  0012               	return		;funcret
  2555   000E50                     __end_of_fputc:
  2556                           	callstack 0
  2557                           
  2558 ;; *************** function _putch *****************
  2559 ;; Defined at:
  2560 ;;		line 7 in file "C:\Program Files\Microchip\xc8\v3.00\pic\sources\c99\common\putch.c"
  2561 ;; Parameters:    Size  Location     Type
  2562 ;;  c               1    wreg     unsigned char 
  2563 ;; Auto vars:     Size  Location     Type
  2564 ;;  c               1    0[COMRAM] unsigned char 
  2565 ;; Return value:  Size  Location     Type
  2566 ;;                  1    wreg      void 
  2567 ;; Registers used:
  2568 ;;		wreg
  2569 ;; Tracked objects:
  2570 ;;		On entry : 0/0
  2571 ;;		On exit  : 0/0
  2572 ;;		Unchanged: 0/0
  2573 ;; Data sizes:     COMRAM   BANK0   BANK1   BANK2   BANK3   BANK4   BANK5
  2574 ;;      Params:         0       0       0       0       0       0       0
  2575 ;;      Locals:         0       0       0       0       0       0       0
  2576 ;;      Temps:          0       0       0       0       0       0       0
  2577 ;;      Totals:         0       0       0       0       0       0       0
  2578 ;;Total ram usage:        0 bytes
  2579 ;; Hardware stack levels used: 1
  2580 ;; Hardware stack levels required when called: 5
  2581 ;; This function calls:
  2582 ;;		Nothing
  2583 ;; This function is called by:
  2584 ;;		_fputc
  2585 ;; This function uses a non-reentrant model
  2586 ;;
  2587                           
  2588                           	psect	text13
  2589   0011A8                     __ptext13:
  2590                           	callstack 0
  2591   0011A8                     _putch:
  2592                           	callstack 20
  2593   0011A8  0012               	return		;funcret
  2594   0011AA                     __end_of_putch:
  2595                           	callstack 0
  2596                           
  2597 ;; *************** function _abs *****************
  2598 ;; Defined at:
  2599 ;;		line 1 in file "C:\Program Files\Microchip\xc8\v3.00\pic\sources\c99\common\abs.c"
  2600 ;; Parameters:    Size  Location     Type
  2601 ;;  a               2   18[COMRAM] int 
  2602 ;; Auto vars:     Size  Location     Type
  2603 ;;		None
  2604 ;; Return value:  Size  Location     Type
  2605 ;;                  2   18[COMRAM] int 
  2606 ;; Registers used:
  2607 ;;		wreg, status,2, status,0
  2608 ;; Tracked objects:
  2609 ;;		On entry : 0/0
  2610 ;;		On exit  : 0/0
  2611 ;;		Unchanged: 0/0
  2612 ;; Data sizes:     COMRAM   BANK0   BANK1   BANK2   BANK3   BANK4   BANK5
  2613 ;;      Params:         2       0       0       0       0       0       0
  2614 ;;      Locals:         0       0       0       0       0       0       0
  2615 ;;      Temps:          2       0       0       0       0       0       0
  2616 ;;      Totals:         4       0       0       0       0       0       0
  2617 ;;Total ram usage:        4 bytes
  2618 ;; Hardware stack levels used: 1
  2619 ;; Hardware stack levels required when called: 5
  2620 ;; This function calls:
  2621 ;;		Nothing
  2622 ;; This function is called by:
  2623 ;;		_vfpfcnvrt
  2624 ;; This function uses a non-reentrant model
  2625 ;;
  2626                           
  2627                           	psect	text14
  2628   001082                     __ptext14:
  2629                           	callstack 0
  2630   001082                     _abs:
  2631                           	callstack 21
  2632   001082  BE14               	btfsc	(abs@a+1)^0,7,c
  2633   001084  EF46  F008         	goto	u891
  2634   001088  EF48  F008         	goto	u890
  2635   00108C                     u891:
  2636   00108C  EF4E  F008         	goto	l989
  2637   001090                     u890:
  2638   001090  C013  F013         	movff	abs@a,?_abs
  2639   001094  C014  F014         	movff	abs@a+1,?_abs+1
  2640   001098  EF5A  F008         	goto	l992
  2641   00109C                     l989:
  2642   00109C  C013  F015         	movff	abs@a,??_abs
  2643   0010A0  C014  F016         	movff	abs@a+1,??_abs+1
  2644   0010A4  1E15               	comf	??_abs^0,f,c
  2645   0010A6  1E16               	comf	(??_abs+1)^0,f,c
  2646   0010A8  4A15               	infsnz	??_abs^0,f,c
  2647   0010AA  2A16               	incf	(??_abs+1)^0,f,c
  2648   0010AC  C015  F013         	movff	??_abs,?_abs
  2649   0010B0  C016  F014         	movff	??_abs+1,?_abs+1
  2650   0010B4                     l992:
  2651   0010B4  0012               	return		;funcret
  2652   0010B6                     __end_of_abs:
  2653                           	callstack 0
  2654                           
  2655 ;; *************** function ___awmod *****************
  2656 ;; Defined at:
  2657 ;;		line 7 in file "C:\Program Files\Microchip\xc8\v3.00\pic\sources\c99\common\awmod.c"
  2658 ;; Parameters:    Size  Location     Type
  2659 ;;  dividend        2   12[COMRAM] int 
  2660 ;;  divisor         2   14[COMRAM] int 
  2661 ;; Auto vars:     Size  Location     Type
  2662 ;;  sign            1   17[COMRAM] unsigned char 
  2663 ;;  counter         1   16[COMRAM] unsigned char 
  2664 ;; Return value:  Size  Location     Type
  2665 ;;                  2   12[COMRAM] int 
  2666 ;; Registers used:
  2667 ;;		wreg, status,2, status,0
  2668 ;; Tracked objects:
  2669 ;;		On entry : 0/0
  2670 ;;		On exit  : 0/0
  2671 ;;		Unchanged: 0/0
  2672 ;; Data sizes:     COMRAM   BANK0   BANK1   BANK2   BANK3   BANK4   BANK5
  2673 ;;      Params:         4       0       0       0       0       0       0
  2674 ;;      Locals:         2       0       0       0       0       0       0
  2675 ;;      Temps:          0       0       0       0       0       0       0
  2676 ;;      Totals:         6       0       0       0       0       0       0
  2677 ;;Total ram usage:        6 bytes
  2678 ;; Hardware stack levels used: 1
  2679 ;; Hardware stack levels required when called: 5
  2680 ;; This function calls:
  2681 ;;		Nothing
  2682 ;; This function is called by:
  2683 ;;		_vfpfcnvrt
  2684 ;; This function uses a non-reentrant model
  2685 ;;
  2686                           
  2687                           	psect	text15
  2688   000CF8                     __ptext15:
  2689                           	callstack 0
  2690   000CF8                     ___awmod:
  2691                           	callstack 21
  2692   000CF8  6A12               	clrf	___awmod@sign^0,c
  2693   000CFA  BE0E               	btfsc	(___awmod@dividend+1)^0,7,c
  2694   000CFC  EF84  F006         	goto	u790
  2695   000D00  EF82  F006         	goto	u791
  2696   000D04                     u791:
  2697   000D04  EF8A  F006         	goto	l1691
  2698   000D08                     u790:
  2699   000D08  6C0D               	negf	___awmod@dividend^0,c
  2700   000D0A  1E0E               	comf	(___awmod@dividend+1)^0,f,c
  2701   000D0C  B0D8               	btfsc	status,0,c
  2702   000D0E  2A0E               	incf	(___awmod@dividend+1)^0,f,c
  2703   000D10  0E01               	movlw	1
  2704   000D12  6E12               	movwf	___awmod@sign^0,c
  2705   000D14                     l1691:
  2706   000D14  BE10               	btfsc	(___awmod@divisor+1)^0,7,c
  2707   000D16  EF91  F006         	goto	u800
  2708   000D1A  EF8F  F006         	goto	u801
  2709   000D1E                     u801:
  2710   000D1E  EF95  F006         	goto	l1695
  2711   000D22                     u800:
  2712   000D22  6C0F               	negf	___awmod@divisor^0,c
  2713   000D24  1E10               	comf	(___awmod@divisor+1)^0,f,c
  2714   000D26  B0D8               	btfsc	status,0,c
  2715   000D28  2A10               	incf	(___awmod@divisor+1)^0,f,c
  2716   000D2A                     l1695:
  2717   000D2A  500F               	movf	___awmod@divisor^0,w,c
  2718   000D2C  1010               	iorwf	(___awmod@divisor+1)^0,w,c
  2719   000D2E  B4D8               	btfsc	status,2,c
  2720   000D30  EF9C  F006         	goto	u811
  2721   000D34  EF9E  F006         	goto	u810
  2722   000D38                     u811:
  2723   000D38  EFC2  F006         	goto	l1711
  2724   000D3C                     u810:
  2725   000D3C  0E01               	movlw	1
  2726   000D3E  6E11               	movwf	___awmod@counter^0,c
  2727   000D40  EFA6  F006         	goto	l1701
  2728   000D44                     l1699:
  2729   000D44  90D8               	bcf	status,0,c
  2730   000D46  360F               	rlcf	___awmod@divisor^0,f,c
  2731   000D48  3610               	rlcf	(___awmod@divisor+1)^0,f,c
  2732   000D4A  2A11               	incf	___awmod@counter^0,f,c
  2733   000D4C                     l1701:
  2734   000D4C  AE10               	btfss	(___awmod@divisor+1)^0,7,c
  2735   000D4E  EFAB  F006         	goto	u821
  2736   000D52  EFAD  F006         	goto	u820
  2737   000D56                     u821:
  2738   000D56  EFA2  F006         	goto	l1699
  2739   000D5A                     u820:
  2740   000D5A                     l1703:
  2741   000D5A  500F               	movf	___awmod@divisor^0,w,c
  2742   000D5C  5C0D               	subwf	___awmod@dividend^0,w,c
  2743   000D5E  5010               	movf	(___awmod@divisor+1)^0,w,c
  2744   000D60  580E               	subwfb	(___awmod@dividend+1)^0,w,c
  2745   000D62  A0D8               	btfss	status,0,c
  2746   000D64  EFB6  F006         	goto	u831
  2747   000D68  EFB8  F006         	goto	u830
  2748   000D6C                     u831:
  2749   000D6C  EFBC  F006         	goto	l1707
  2750   000D70                     u830:
  2751   000D70  500F               	movf	___awmod@divisor^0,w,c
  2752   000D72  5E0D               	subwf	___awmod@dividend^0,f,c
  2753   000D74  5010               	movf	(___awmod@divisor+1)^0,w,c
  2754   000D76  5A0E               	subwfb	(___awmod@dividend+1)^0,f,c
  2755   000D78                     l1707:
  2756   000D78  90D8               	bcf	status,0,c
  2757   000D7A  3210               	rrcf	(___awmod@divisor+1)^0,f,c
  2758   000D7C  320F               	rrcf	___awmod@divisor^0,f,c
  2759   000D7E  2E11               	decfsz	___awmod@counter^0,f,c
  2760   000D80  EFAD  F006         	goto	l1703
  2761   000D84                     l1711:
  2762   000D84  5012               	movf	___awmod@sign^0,w,c
  2763   000D86  B4D8               	btfsc	status,2,c
  2764   000D88  EFC8  F006         	goto	u841
  2765   000D8C  EFCA  F006         	goto	u840
  2766   000D90                     u841:
  2767   000D90  EFCE  F006         	goto	l1715
  2768   000D94                     u840:
  2769   000D94  6C0D               	negf	___awmod@dividend^0,c
  2770   000D96  1E0E               	comf	(___awmod@dividend+1)^0,f,c
  2771   000D98  B0D8               	btfsc	status,0,c
  2772   000D9A  2A0E               	incf	(___awmod@dividend+1)^0,f,c
  2773   000D9C                     l1715:
  2774   000D9C  C00D  F00D         	movff	___awmod@dividend,?___awmod
  2775   000DA0  C00E  F00E         	movff	___awmod@dividend+1,?___awmod+1
  2776   000DA4  0012               	return		;funcret
  2777   000DA6                     __end_of___awmod:
  2778                           	callstack 0
  2779                           
  2780 ;; *************** function ___awdiv *****************
  2781 ;; Defined at:
  2782 ;;		line 7 in file "C:\Program Files\Microchip\xc8\v3.00\pic\sources\c99\common\awdiv.c"
  2783 ;; Parameters:    Size  Location     Type
  2784 ;;  dividend        2   12[COMRAM] int 
  2785 ;;  divisor         2   14[COMRAM] int 
  2786 ;; Auto vars:     Size  Location     Type
  2787 ;;  quotient        2   18[COMRAM] int 
  2788 ;;  sign            1   17[COMRAM] unsigned char 
  2789 ;;  counter         1   16[COMRAM] unsigned char 
  2790 ;; Return value:  Size  Location     Type
  2791 ;;                  2   12[COMRAM] int 
  2792 ;; Registers used:
  2793 ;;		wreg, status,2, status,0
  2794 ;; Tracked objects:
  2795 ;;		On entry : 0/0
  2796 ;;		On exit  : 0/0
  2797 ;;		Unchanged: 0/0
  2798 ;; Data sizes:     COMRAM   BANK0   BANK1   BANK2   BANK3   BANK4   BANK5
  2799 ;;      Params:         4       0       0       0       0       0       0
  2800 ;;      Locals:         4       0       0       0       0       0       0
  2801 ;;      Temps:          0       0       0       0       0       0       0
  2802 ;;      Totals:         8       0       0       0       0       0       0
  2803 ;;Total ram usage:        8 bytes
  2804 ;; Hardware stack levels used: 1
  2805 ;; Hardware stack levels required when called: 5
  2806 ;; This function calls:
  2807 ;;		Nothing
  2808 ;; This function is called by:
  2809 ;;		_vfpfcnvrt
  2810 ;; This function uses a non-reentrant model
  2811 ;;
  2812                           
  2813                           	psect	text16
  2814   000C36                     __ptext16:
  2815                           	callstack 0
  2816   000C36                     ___awdiv:
  2817                           	callstack 21
  2818   000C36  6A12               	clrf	___awdiv@sign^0,c
  2819   000C38  BE10               	btfsc	(___awdiv@divisor+1)^0,7,c
  2820   000C3A  EF23  F006         	goto	u730
  2821   000C3E  EF21  F006         	goto	u731
  2822   000C42                     u731:
  2823   000C42  EF29  F006         	goto	l1647
  2824   000C46                     u730:
  2825   000C46  6C0F               	negf	___awdiv@divisor^0,c
  2826   000C48  1E10               	comf	(___awdiv@divisor+1)^0,f,c
  2827   000C4A  B0D8               	btfsc	status,0,c
  2828   000C4C  2A10               	incf	(___awdiv@divisor+1)^0,f,c
  2829   000C4E  0E01               	movlw	1
  2830   000C50  6E12               	movwf	___awdiv@sign^0,c
  2831   000C52                     l1647:
  2832   000C52  BE0E               	btfsc	(___awdiv@dividend+1)^0,7,c
  2833   000C54  EF30  F006         	goto	u740
  2834   000C58  EF2E  F006         	goto	u741
  2835   000C5C                     u741:
  2836   000C5C  EF36  F006         	goto	l1653
  2837   000C60                     u740:
  2838   000C60  6C0D               	negf	___awdiv@dividend^0,c
  2839   000C62  1E0E               	comf	(___awdiv@dividend+1)^0,f,c
  2840   000C64  B0D8               	btfsc	status,0,c
  2841   000C66  2A0E               	incf	(___awdiv@dividend+1)^0,f,c
  2842   000C68  0E01               	movlw	1
  2843   000C6A  1A12               	xorwf	___awdiv@sign^0,f,c
  2844   000C6C                     l1653:
  2845   000C6C  0E00               	movlw	0
  2846   000C6E  6E14               	movwf	(___awdiv@quotient+1)^0,c
  2847   000C70  0E00               	movlw	0
  2848   000C72  6E13               	movwf	___awdiv@quotient^0,c
  2849   000C74  500F               	movf	___awdiv@divisor^0,w,c
  2850   000C76  1010               	iorwf	(___awdiv@divisor+1)^0,w,c
  2851   000C78  B4D8               	btfsc	status,2,c
  2852   000C7A  EF41  F006         	goto	u751
  2853   000C7E  EF43  F006         	goto	u750
  2854   000C82                     u751:
  2855   000C82  EF6B  F006         	goto	l1675
  2856   000C86                     u750:
  2857   000C86  0E01               	movlw	1
  2858   000C88  6E11               	movwf	___awdiv@counter^0,c
  2859   000C8A  EF4B  F006         	goto	l1661
  2860   000C8E                     l1659:
  2861   000C8E  90D8               	bcf	status,0,c
  2862   000C90  360F               	rlcf	___awdiv@divisor^0,f,c
  2863   000C92  3610               	rlcf	(___awdiv@divisor+1)^0,f,c
  2864   000C94  2A11               	incf	___awdiv@counter^0,f,c
  2865   000C96                     l1661:
  2866   000C96  AE10               	btfss	(___awdiv@divisor+1)^0,7,c
  2867   000C98  EF50  F006         	goto	u761
  2868   000C9C  EF52  F006         	goto	u760
  2869   000CA0                     u761:
  2870   000CA0  EF47  F006         	goto	l1659
  2871   000CA4                     u760:
  2872   000CA4                     l1663:
  2873   000CA4  90D8               	bcf	status,0,c
  2874   000CA6  3613               	rlcf	___awdiv@quotient^0,f,c
  2875   000CA8  3614               	rlcf	(___awdiv@quotient+1)^0,f,c
  2876   000CAA  500F               	movf	___awdiv@divisor^0,w,c
  2877   000CAC  5C0D               	subwf	___awdiv@dividend^0,w,c
  2878   000CAE  5010               	movf	(___awdiv@divisor+1)^0,w,c
  2879   000CB0  580E               	subwfb	(___awdiv@dividend+1)^0,w,c
  2880   000CB2  A0D8               	btfss	status,0,c
  2881   000CB4  EF5E  F006         	goto	u771
  2882   000CB8  EF60  F006         	goto	u770
  2883   000CBC                     u771:
  2884   000CBC  EF65  F006         	goto	l1671
  2885   000CC0                     u770:
  2886   000CC0  500F               	movf	___awdiv@divisor^0,w,c
  2887   000CC2  5E0D               	subwf	___awdiv@dividend^0,f,c
  2888   000CC4  5010               	movf	(___awdiv@divisor+1)^0,w,c
  2889   000CC6  5A0E               	subwfb	(___awdiv@dividend+1)^0,f,c
  2890   000CC8  8013               	bsf	___awdiv@quotient^0,0,c
  2891   000CCA                     l1671:
  2892   000CCA  90D8               	bcf	status,0,c
  2893   000CCC  3210               	rrcf	(___awdiv@divisor+1)^0,f,c
  2894   000CCE  320F               	rrcf	___awdiv@divisor^0,f,c
  2895   000CD0  2E11               	decfsz	___awdiv@counter^0,f,c
  2896   000CD2  EF52  F006         	goto	l1663
  2897   000CD6                     l1675:
  2898   000CD6  5012               	movf	___awdiv@sign^0,w,c
  2899   000CD8  B4D8               	btfsc	status,2,c
  2900   000CDA  EF71  F006         	goto	u781
  2901   000CDE  EF73  F006         	goto	u780
  2902   000CE2                     u781:
  2903   000CE2  EF77  F006         	goto	l1679
  2904   000CE6                     u780:
  2905   000CE6  6C13               	negf	___awdiv@quotient^0,c
  2906   000CE8  1E14               	comf	(___awdiv@quotient+1)^0,f,c
  2907   000CEA  B0D8               	btfsc	status,0,c
  2908   000CEC  2A14               	incf	(___awdiv@quotient+1)^0,f,c
  2909   000CEE                     l1679:
  2910   000CEE  C013  F00D         	movff	___awdiv@quotient,?___awdiv
  2911   000CF2  C014  F00E         	movff	___awdiv@quotient+1,?___awdiv+1
  2912   000CF6  0012               	return		;funcret
  2913   000CF8                     __end_of___awdiv:
  2914                           	callstack 0
  2915                           
  2916 ;; *************** function _led *****************
  2917 ;; Defined at:
  2918 ;;		line 10 in file "main.c"
  2919 ;; Parameters:    Size  Location     Type
  2920 ;;  num             2   14[COMRAM] int 
  2921 ;; Auto vars:     Size  Location     Type
  2922 ;;		None
  2923 ;; Return value:  Size  Location     Type
  2924 ;;                  1    wreg      void 
  2925 ;; Registers used:
  2926 ;;		wreg, status,2, status,0
  2927 ;; Tracked objects:
  2928 ;;		On entry : 0/0
  2929 ;;		On exit  : 0/0
  2930 ;;		Unchanged: 0/0
  2931 ;; Data sizes:     COMRAM   BANK0   BANK1   BANK2   BANK3   BANK4   BANK5
  2932 ;;      Params:         2       0       0       0       0       0       0
  2933 ;;      Locals:         0       0       0       0       0       0       0
  2934 ;;      Temps:          1       0       0       0       0       0       0
  2935 ;;      Totals:         3       0       0       0       0       0       0
  2936 ;;Total ram usage:        3 bytes
  2937 ;; Hardware stack levels used: 1
  2938 ;; Hardware stack levels required when called: 5
  2939 ;; This function calls:
  2940 ;;		Nothing
  2941 ;; This function is called by:
  2942 ;;		_Hard
  2943 ;;		_Basic
  2944 ;; This function uses a non-reentrant model
  2945 ;;
  2946                           
  2947                           	psect	text17
  2948   00115E                     __ptext17:
  2949                           	callstack 0
  2950   00115E                     _led:
  2951                           	callstack 24
  2952   00115E                     
  2953                           ;main.c: 11:     LATD = (num & 0x0F) << 4;
  2954   00115E  C00F  F011         	movff	led@num,??_led
  2955   001162  0E0F               	movlw	15
  2956   001164  1611               	andwf	??_led^0,f,c
  2957   001166  3811               	swapf	??_led^0,w,c
  2958   001168  0BF0               	andlw	240
  2959   00116A  6E8C               	movwf	140,c	;volatile
  2960   00116C  0012               	return		;funcret
  2961   00116E                     __end_of_led:
  2962                           	callstack 0
  2963                           
  2964 ;; *************** function _UART_Write_Text *****************
  2965 ;; Defined at:
  2966 ;;		line 47 in file "setting_hardaware/uart.c"
  2967 ;; Parameters:    Size  Location     Type
  2968 ;;  text            1   13[COMRAM] PTR unsigned char 
  2969 ;;		 -> Hard@buffer(10), Basic@buf(5), 
  2970 ;; Auto vars:     Size  Location     Type
  2971 ;;  i               2   14[COMRAM] int 
  2972 ;; Return value:  Size  Location     Type
  2973 ;;                  1    wreg      void 
  2974 ;; Registers used:
  2975 ;;		wreg, fsr2l, fsr2h, status,2, status,0, cstack
  2976 ;; Tracked objects:
  2977 ;;		On entry : 0/0
  2978 ;;		On exit  : 0/0
  2979 ;;		Unchanged: 0/0
  2980 ;; Data sizes:     COMRAM   BANK0   BANK1   BANK2   BANK3   BANK4   BANK5
  2981 ;;      Params:         1       0       0       0       0       0       0
  2982 ;;      Locals:         2       0       0       0       0       0       0
  2983 ;;      Temps:          0       0       0       0       0       0       0
  2984 ;;      Totals:         3       0       0       0       0       0       0
  2985 ;;Total ram usage:        3 bytes
  2986 ;; Hardware stack levels used: 1
  2987 ;; Hardware stack levels required when called: 6
  2988 ;; This function calls:
  2989 ;;		_UART_Write
  2990 ;; This function is called by:
  2991 ;;		_Hard
  2992 ;;		_Basic
  2993 ;; This function uses a non-reentrant model
  2994 ;;
  2995                           
  2996                           	psect	text18
  2997   000FE0                     __ptext18:
  2998                           	callstack 0
  2999   000FE0                     _UART_Write_Text:
  3000                           	callstack 23
  3001   000FE0                     
  3002                           ;setting_hardaware/uart.c: 48:     for(int i=0;text[i]!='\0';i++)
  3003   000FE0  0E00               	movlw	0
  3004   000FE2  6E10               	movwf	(UART_Write_Text@i+1)^0,c
  3005   000FE4  0E00               	movlw	0
  3006   000FE6  6E0F               	movwf	UART_Write_Text@i^0,c
  3007   000FE8  EFFF  F007         	goto	l1873
  3008   000FEC                     l1869:
  3009                           
  3010                           ;setting_hardaware/uart.c: 49:         UART_Write(text[i]);
  3011   000FEC  500E               	movf	UART_Write_Text@text^0,w,c
  3012   000FEE  240F               	addwf	UART_Write_Text@i^0,w,c
  3013   000FF0  6ED9               	movwf	fsr2l,c
  3014   000FF2  6ADA               	clrf	fsr2h,c
  3015   000FF4  50DF               	movf	indf2,w,c
  3016   000FF6  EC99  F008         	call	_UART_Write
  3017   000FFA  4A0F               	infsnz	UART_Write_Text@i^0,f,c
  3018   000FFC  2A10               	incf	(UART_Write_Text@i+1)^0,f,c
  3019   000FFE                     l1873:
  3020   000FFE  500E               	movf	UART_Write_Text@text^0,w,c
  3021   001000  240F               	addwf	UART_Write_Text@i^0,w,c
  3022   001002  6ED9               	movwf	fsr2l,c
  3023   001004  6ADA               	clrf	fsr2h,c
  3024   001006  50DF               	movf	indf2,w,c
  3025   001008  A4D8               	btfss	status,2,c
  3026   00100A  EF09  F008         	goto	u1081
  3027   00100E  EF0B  F008         	goto	u1080
  3028   001012                     u1081:
  3029   001012  EFF6  F007         	goto	l1869
  3030   001016                     u1080:
  3031   001016  0012               	return		;funcret
  3032   001018                     __end_of_UART_Write_Text:
  3033                           	callstack 0
  3034                           
  3035 ;; *************** function _UART_Write *****************
  3036 ;; Defined at:
  3037 ;;		line 40 in file "setting_hardaware/uart.c"
  3038 ;; Parameters:    Size  Location     Type
  3039 ;;  data            1    wreg     unsigned char 
  3040 ;; Auto vars:     Size  Location     Type
  3041 ;;  data            1   12[COMRAM] unsigned char 
  3042 ;; Return value:  Size  Location     Type
  3043 ;;                  1    wreg      void 
  3044 ;; Registers used:
  3045 ;;		wreg
  3046 ;; Tracked objects:
  3047 ;;		On entry : 0/0
  3048 ;;		On exit  : 0/0
  3049 ;;		Unchanged: 0/0
  3050 ;; Data sizes:     COMRAM   BANK0   BANK1   BANK2   BANK3   BANK4   BANK5
  3051 ;;      Params:         0       0       0       0       0       0       0
  3052 ;;      Locals:         1       0       0       0       0       0       0
  3053 ;;      Temps:          0       0       0       0       0       0       0
  3054 ;;      Totals:         1       0       0       0       0       0       0
  3055 ;;Total ram usage:        1 bytes
  3056 ;; Hardware stack levels used: 1
  3057 ;; Hardware stack levels required when called: 5
  3058 ;; This function calls:
  3059 ;;		Nothing
  3060 ;; This function is called by:
  3061 ;;		_Hard
  3062 ;;		_UART_Write_Text
  3063 ;;		_Basic
  3064 ;; This function uses a non-reentrant model
  3065 ;;
  3066                           
  3067                           	psect	text19
  3068   001132                     __ptext19:
  3069                           	callstack 0
  3070   001132                     _UART_Write:
  3071                           	callstack 23
  3072                           
  3073                           ;incstack = 0
  3074                           ;UART_Write@data stored from wreg
  3075   001132  6E0D               	movwf	UART_Write@data^0,c
  3076   001134                     l248:
  3077   001134  A2AC               	btfss	172,1,c	;volatile
  3078   001136  EF9F  F008         	goto	u281
  3079   00113A  EFA1  F008         	goto	u280
  3080   00113E                     u281:
  3081   00113E  EF9A  F008         	goto	l248
  3082   001142                     u280:
  3083   001142                     
  3084                           ;setting_hardaware/uart.c: 43:     TXREG = data;
  3085   001142  C00D  FFAD         	movff	UART_Write@data,4013	;volatile
  3086   001146  0012               	return		;funcret
  3087   001148                     __end_of_UART_Write:
  3088                           	callstack 0
  3089                           
  3090 ;; *************** function _ADC_To_Output *****************
  3091 ;; Defined at:
  3092 ;;		line 168 in file "main.c"
  3093 ;; Parameters:    Size  Location     Type
  3094 ;;  value           2   12[COMRAM] int 
  3095 ;; Auto vars:     Size  Location     Type
  3096 ;;		None
  3097 ;; Return value:  Size  Location     Type
  3098 ;;                  2   12[COMRAM] int 
  3099 ;; Registers used:
  3100 ;;		wreg, status,2, status,0
  3101 ;; Tracked objects:
  3102 ;;		On entry : 0/0
  3103 ;;		On exit  : 0/0
  3104 ;;		Unchanged: 0/0
  3105 ;; Data sizes:     COMRAM   BANK0   BANK1   BANK2   BANK3   BANK4   BANK5
  3106 ;;      Params:         2       0       0       0       0       0       0
  3107 ;;      Locals:         0       0       0       0       0       0       0
  3108 ;;      Temps:          0       0       0       0       0       0       0
  3109 ;;      Totals:         2       0       0       0       0       0       0
  3110 ;;Total ram usage:        2 bytes
  3111 ;; Hardware stack levels used: 1
  3112 ;; Hardware stack levels required when called: 5
  3113 ;; This function calls:
  3114 ;;		Nothing
  3115 ;; This function is called by:
  3116 ;;		_Hard
  3117 ;; This function uses a non-reentrant model
  3118 ;;
  3119                           
  3120                           	psect	text20
  3121   000606                     __ptext20:
  3122                           	callstack 0
  3123   000606                     _ADC_To_Output:
  3124                           	callstack 24
  3125   000606                     
  3126                           ;main.c: 168: int ADC_To_Output(int value);main.c: 169: {;main.c: 170:     if (value < 8
      +                          5) return 4;
  3127   000606  BE0E               	btfsc	(ADC_To_Output@value+1)^0,7,c
  3128   000608  EF11  F003         	goto	u1100
  3129   00060C  500E               	movf	(ADC_To_Output@value+1)^0,w,c
  3130   00060E  E107               	bnz	u1101
  3131   000610  0E55               	movlw	85
  3132   000612  5C0D               	subwf	ADC_To_Output@value^0,w,c
  3133   000614  B0D8               	btfsc	status,0,c
  3134   000616  EF0F  F003         	goto	u1101
  3135   00061A  EF11  F003         	goto	u1100
  3136   00061E                     u1101:
  3137   00061E  EF17  F003         	goto	l1901
  3138   000622                     u1100:
  3139   000622  0E00               	movlw	0
  3140   000624  6E0E               	movwf	(?_ADC_To_Output+1)^0,c
  3141   000626  0E04               	movlw	4
  3142   000628  6E0D               	movwf	?_ADC_To_Output^0,c
  3143   00062A  EFDD  F003         	goto	l119
  3144   00062E                     l1901:
  3145   00062E  BE0E               	btfsc	(ADC_To_Output@value+1)^0,7,c
  3146   000630  EF25  F003         	goto	u1110
  3147   000634  500E               	movf	(ADC_To_Output@value+1)^0,w,c
  3148   000636  E107               	bnz	u1111
  3149   000638  0EAA               	movlw	170
  3150   00063A  5C0D               	subwf	ADC_To_Output@value^0,w,c
  3151   00063C  B0D8               	btfsc	status,0,c
  3152   00063E  EF23  F003         	goto	u1111
  3153   000642  EF25  F003         	goto	u1110
  3154   000646                     u1111:
  3155   000646  EF2B  F003         	goto	l1909
  3156   00064A                     u1110:
  3157   00064A  0E00               	movlw	0
  3158   00064C  6E0E               	movwf	(?_ADC_To_Output+1)^0,c
  3159   00064E  0E05               	movlw	5
  3160   000650  6E0D               	movwf	?_ADC_To_Output^0,c
  3161   000652  EFDD  F003         	goto	l119
  3162   000656                     l1909:
  3163   000656  BE0E               	btfsc	(ADC_To_Output@value+1)^0,7,c
  3164   000658  EF36  F003         	goto	u1120
  3165   00065C  040E               	decf	(ADC_To_Output@value+1)^0,w,c
  3166   00065E  B0D8               	btfsc	status,0,c
  3167   000660  EF34  F003         	goto	u1121
  3168   000664  EF36  F003         	goto	u1120
  3169   000668                     u1121:
  3170   000668  EF3C  F003         	goto	l1917
  3171   00066C                     u1120:
  3172   00066C  0E00               	movlw	0
  3173   00066E  6E0E               	movwf	(?_ADC_To_Output+1)^0,c
  3174   000670  0E06               	movlw	6
  3175   000672  6E0D               	movwf	?_ADC_To_Output^0,c
  3176   000674  EFDD  F003         	goto	l119
  3177   000678                     l1917:
  3178   000678  BE0E               	btfsc	(ADC_To_Output@value+1)^0,7,c
  3179   00067A  EF4A  F003         	goto	u1130
  3180   00067E  0E55               	movlw	85
  3181   000680  5C0D               	subwf	ADC_To_Output@value^0,w,c
  3182   000682  0E01               	movlw	1
  3183   000684  580E               	subwfb	(ADC_To_Output@value+1)^0,w,c
  3184   000686  B0D8               	btfsc	status,0,c
  3185   000688  EF48  F003         	goto	u1131
  3186   00068C  EF4A  F003         	goto	u1130
  3187   000690                     u1131:
  3188   000690  EF50  F003         	goto	l1925
  3189   000694                     u1130:
  3190   000694  0E00               	movlw	0
  3191   000696  6E0E               	movwf	(?_ADC_To_Output+1)^0,c
  3192   000698  0E07               	movlw	7
  3193   00069A  6E0D               	movwf	?_ADC_To_Output^0,c
  3194   00069C  EFDD  F003         	goto	l119
  3195   0006A0                     l1925:
  3196   0006A0  BE0E               	btfsc	(ADC_To_Output@value+1)^0,7,c
  3197   0006A2  EF5E  F003         	goto	u1140
  3198   0006A6  0EAA               	movlw	170
  3199   0006A8  5C0D               	subwf	ADC_To_Output@value^0,w,c
  3200   0006AA  0E01               	movlw	1
  3201   0006AC  580E               	subwfb	(ADC_To_Output@value+1)^0,w,c
  3202   0006AE  B0D8               	btfsc	status,0,c
  3203   0006B0  EF5C  F003         	goto	u1141
  3204   0006B4  EF5E  F003         	goto	u1140
  3205   0006B8                     u1141:
  3206   0006B8  EF64  F003         	goto	l1933
  3207   0006BC                     u1140:
  3208   0006BC  0E00               	movlw	0
  3209   0006BE  6E0E               	movwf	(?_ADC_To_Output+1)^0,c
  3210   0006C0  0E08               	movlw	8
  3211   0006C2  6E0D               	movwf	?_ADC_To_Output^0,c
  3212   0006C4  EFDD  F003         	goto	l119
  3213   0006C8                     l1933:
  3214   0006C8  BE0E               	btfsc	(ADC_To_Output@value+1)^0,7,c
  3215   0006CA  EF70  F003         	goto	u1150
  3216   0006CE  0E02               	movlw	2
  3217   0006D0  5C0E               	subwf	(ADC_To_Output@value+1)^0,w,c
  3218   0006D2  B0D8               	btfsc	status,0,c
  3219   0006D4  EF6E  F003         	goto	u1151
  3220   0006D8  EF70  F003         	goto	u1150
  3221   0006DC                     u1151:
  3222   0006DC  EF76  F003         	goto	l1941
  3223   0006E0                     u1150:
  3224   0006E0  0E00               	movlw	0
  3225   0006E2  6E0E               	movwf	(?_ADC_To_Output+1)^0,c
  3226   0006E4  0E09               	movlw	9
  3227   0006E6  6E0D               	movwf	?_ADC_To_Output^0,c
  3228   0006E8  EFDD  F003         	goto	l119
  3229   0006EC                     l1941:
  3230   0006EC  BE0E               	btfsc	(ADC_To_Output@value+1)^0,7,c
  3231   0006EE  EF84  F003         	goto	u1160
  3232   0006F2  0E55               	movlw	85
  3233   0006F4  5C0D               	subwf	ADC_To_Output@value^0,w,c
  3234   0006F6  0E02               	movlw	2
  3235   0006F8  580E               	subwfb	(ADC_To_Output@value+1)^0,w,c
  3236   0006FA  B0D8               	btfsc	status,0,c
  3237   0006FC  EF82  F003         	goto	u1161
  3238   000700  EF84  F003         	goto	u1160
  3239   000704                     u1161:
  3240   000704  EF8A  F003         	goto	l1949
  3241   000708                     u1160:
  3242   000708  0E00               	movlw	0
  3243   00070A  6E0E               	movwf	(?_ADC_To_Output+1)^0,c
  3244   00070C  0E0A               	movlw	10
  3245   00070E  6E0D               	movwf	?_ADC_To_Output^0,c
  3246   000710  EFDD  F003         	goto	l119
  3247   000714                     l1949:
  3248   000714  BE0E               	btfsc	(ADC_To_Output@value+1)^0,7,c
  3249   000716  EF98  F003         	goto	u1170
  3250   00071A  0EAA               	movlw	170
  3251   00071C  5C0D               	subwf	ADC_To_Output@value^0,w,c
  3252   00071E  0E02               	movlw	2
  3253   000720  580E               	subwfb	(ADC_To_Output@value+1)^0,w,c
  3254   000722  B0D8               	btfsc	status,0,c
  3255   000724  EF96  F003         	goto	u1171
  3256   000728  EF98  F003         	goto	u1170
  3257   00072C                     u1171:
  3258   00072C  EF9E  F003         	goto	l1957
  3259   000730                     u1170:
  3260   000730  0E00               	movlw	0
  3261   000732  6E0E               	movwf	(?_ADC_To_Output+1)^0,c
  3262   000734  0E0B               	movlw	11
  3263   000736  6E0D               	movwf	?_ADC_To_Output^0,c
  3264   000738  EFDD  F003         	goto	l119
  3265   00073C                     l1957:
  3266   00073C  BE0E               	btfsc	(ADC_To_Output@value+1)^0,7,c
  3267   00073E  EFAB  F003         	goto	u1180
  3268   000742  280D               	incf	ADC_To_Output@value^0,w,c
  3269   000744  0E02               	movlw	2
  3270   000746  580E               	subwfb	(ADC_To_Output@value+1)^0,w,c
  3271   000748  B0D8               	btfsc	status,0,c
  3272   00074A  EFA9  F003         	goto	u1181
  3273   00074E  EFAB  F003         	goto	u1180
  3274   000752                     u1181:
  3275   000752  EFB1  F003         	goto	l1965
  3276   000756                     u1180:
  3277   000756  0E00               	movlw	0
  3278   000758  6E0E               	movwf	(?_ADC_To_Output+1)^0,c
  3279   00075A  0E0C               	movlw	12
  3280   00075C  6E0D               	movwf	?_ADC_To_Output^0,c
  3281   00075E  EFDD  F003         	goto	l119
  3282   000762                     l1965:
  3283   000762  BE0E               	btfsc	(ADC_To_Output@value+1)^0,7,c
  3284   000764  EFBF  F003         	goto	u1190
  3285   000768  0E54               	movlw	84
  3286   00076A  5C0D               	subwf	ADC_To_Output@value^0,w,c
  3287   00076C  0E03               	movlw	3
  3288   00076E  580E               	subwfb	(ADC_To_Output@value+1)^0,w,c
  3289   000770  B0D8               	btfsc	status,0,c
  3290   000772  EFBD  F003         	goto	u1191
  3291   000776  EFBF  F003         	goto	u1190
  3292   00077A                     u1191:
  3293   00077A  EFC5  F003         	goto	l1973
  3294   00077E                     u1190:
  3295   00077E  0E00               	movlw	0
  3296   000780  6E0E               	movwf	(?_ADC_To_Output+1)^0,c
  3297   000782  0E0D               	movlw	13
  3298   000784  6E0D               	movwf	?_ADC_To_Output^0,c
  3299   000786  EFDD  F003         	goto	l119
  3300   00078A                     l1973:
  3301   00078A  BE0E               	btfsc	(ADC_To_Output@value+1)^0,7,c
  3302   00078C  EFD3  F003         	goto	u1200
  3303   000790  0EAA               	movlw	170
  3304   000792  5C0D               	subwf	ADC_To_Output@value^0,w,c
  3305   000794  0E03               	movlw	3
  3306   000796  580E               	subwfb	(ADC_To_Output@value+1)^0,w,c
  3307   000798  B0D8               	btfsc	status,0,c
  3308   00079A  EFD1  F003         	goto	u1201
  3309   00079E  EFD3  F003         	goto	u1200
  3310   0007A2                     u1201:
  3311   0007A2  EFD9  F003         	goto	l1981
  3312   0007A6                     u1200:
  3313   0007A6  0E00               	movlw	0
  3314   0007A8  6E0E               	movwf	(?_ADC_To_Output+1)^0,c
  3315   0007AA  0E0E               	movlw	14
  3316   0007AC  6E0D               	movwf	?_ADC_To_Output^0,c
  3317   0007AE  EFDD  F003         	goto	l119
  3318   0007B2                     l1981:
  3319   0007B2  0E00               	movlw	0
  3320   0007B4  6E0E               	movwf	(?_ADC_To_Output+1)^0,c
  3321   0007B6  0E0F               	movlw	15
  3322   0007B8  6E0D               	movwf	?_ADC_To_Output^0,c
  3323   0007BA                     l119:
  3324   0007BA  0012               	return		;funcret
  3325   0007BC                     __end_of_ADC_To_Output:
  3326                           	callstack 0
  3327                           
  3328 ;; *************** function _ADC_Read_Avg *****************
  3329 ;; Defined at:
  3330 ;;		line 156 in file "main.c"
  3331 ;; Parameters:    Size  Location     Type
  3332 ;;  ch              2   26[COMRAM] int 
  3333 ;; Auto vars:     Size  Location     Type
  3334 ;;  i               2   36[COMRAM] int 
  3335 ;;  sum             4   32[COMRAM] long 
  3336 ;; Return value:  Size  Location     Type
  3337 ;;                  2   26[COMRAM] int 
  3338 ;; Registers used:
  3339 ;;		wreg, status,2, status,0, cstack
  3340 ;; Tracked objects:
  3341 ;;		On entry : 0/0
  3342 ;;		On exit  : 0/0
  3343 ;;		Unchanged: 0/0
  3344 ;; Data sizes:     COMRAM   BANK0   BANK1   BANK2   BANK3   BANK4   BANK5
  3345 ;;      Params:         2       0       0       0       0       0       0
  3346 ;;      Locals:         6       0       0       0       0       0       0
  3347 ;;      Temps:          4       0       0       0       0       0       0
  3348 ;;      Totals:        12       0       0       0       0       0       0
  3349 ;;Total ram usage:       12 bytes
  3350 ;; Hardware stack levels used: 1
  3351 ;; Hardware stack levels required when called: 6
  3352 ;; This function calls:
  3353 ;;		_ADC_Read
  3354 ;;		___aldiv
  3355 ;; This function is called by:
  3356 ;;		_Hard
  3357 ;; This function uses a non-reentrant model
  3358 ;;
  3359                           
  3360                           	psect	text21
  3361   000E50                     __ptext21:
  3362                           	callstack 0
  3363   000E50                     _ADC_Read_Avg:
  3364                           	callstack 23
  3365   000E50                     
  3366                           ;main.c: 156: int ADC_Read_Avg(int ch);main.c: 157: {;main.c: 158:     long sum = 0;
  3367   000E50  0E00               	movlw	0
  3368   000E52  6E21               	movwf	ADC_Read_Avg@sum^0,c
  3369   000E54  0E00               	movlw	0
  3370   000E56  6E22               	movwf	(ADC_Read_Avg@sum+1)^0,c
  3371   000E58  0E00               	movlw	0
  3372   000E5A  6E23               	movwf	(ADC_Read_Avg@sum+2)^0,c
  3373   000E5C  0E00               	movlw	0
  3374   000E5E  6E24               	movwf	(ADC_Read_Avg@sum+3)^0,c
  3375                           
  3376                           ;main.c: 160:     for(int i = 0; i < 8; i++) {
  3377   000E60  0E00               	movlw	0
  3378   000E62  6E26               	movwf	(ADC_Read_Avg@i+1)^0,c
  3379   000E64  0E00               	movlw	0
  3380   000E66  6E25               	movwf	ADC_Read_Avg@i^0,c
  3381   000E68                     l1881:
  3382                           
  3383                           ;main.c: 161:         sum += ADC_Read(ch);
  3384   000E68  C01B  F00D         	movff	ADC_Read_Avg@ch,ADC_Read@channel
  3385   000E6C  C01C  F00E         	movff	ADC_Read_Avg@ch+1,ADC_Read@channel+1
  3386   000E70  EC0C  F008         	call	_ADC_Read	;wreg free
  3387   000E74  C00D  F01D         	movff	?_ADC_Read,??_ADC_Read_Avg
  3388   000E78  C00E  F01E         	movff	?_ADC_Read+1,??_ADC_Read_Avg+1
  3389   000E7C  0E00               	movlw	0
  3390   000E7E  BE1E               	btfsc	(??_ADC_Read_Avg+1)^0,7,c
  3391   000E80  0EFF               	movlw	255
  3392   000E82  6E1F               	movwf	(??_ADC_Read_Avg+2)^0,c
  3393   000E84  6E20               	movwf	(??_ADC_Read_Avg+3)^0,c
  3394   000E86  501D               	movf	??_ADC_Read_Avg^0,w,c
  3395   000E88  2621               	addwf	ADC_Read_Avg@sum^0,f,c
  3396   000E8A  501E               	movf	(??_ADC_Read_Avg+1)^0,w,c
  3397   000E8C  2222               	addwfc	(ADC_Read_Avg@sum+1)^0,f,c
  3398   000E8E  501F               	movf	(??_ADC_Read_Avg+2)^0,w,c
  3399   000E90  2223               	addwfc	(ADC_Read_Avg@sum+2)^0,f,c
  3400   000E92  5020               	movf	(??_ADC_Read_Avg+3)^0,w,c
  3401   000E94  2224               	addwfc	(ADC_Read_Avg@sum+3)^0,f,c
  3402   000E96                     
  3403                           ;main.c: 162:         _delay((unsigned long)((1)*(1000000/4000.0)));
  3404   000E96  0E53               	movlw	83
  3405   000E98                     u1447:
  3406   000E98  2EE8               	decfsz	wreg,f,c
  3407   000E9A  D7FE               	bra	u1447
  3408   000E9C  0000               	nop	
  3409   000E9E                     
  3410                           ;main.c: 163:     }
  3411   000E9E  4A25               	infsnz	ADC_Read_Avg@i^0,f,c
  3412   000EA0  2A26               	incf	(ADC_Read_Avg@i+1)^0,f,c
  3413   000EA2  BE26               	btfsc	(ADC_Read_Avg@i+1)^0,7,c
  3414   000EA4  EF5D  F007         	goto	u1091
  3415   000EA8  5026               	movf	(ADC_Read_Avg@i+1)^0,w,c
  3416   000EAA  E109               	bnz	u1090
  3417   000EAC  0E08               	movlw	8
  3418   000EAE  5C25               	subwf	ADC_Read_Avg@i^0,w,c
  3419   000EB0  A0D8               	btfss	status,0,c
  3420   000EB2  EF5D  F007         	goto	u1091
  3421   000EB6  EF5F  F007         	goto	u1090
  3422   000EBA                     u1091:
  3423   000EBA  EF34  F007         	goto	l1881
  3424   000EBE                     u1090:
  3425   000EBE                     
  3426                           ;main.c: 165:     return sum / 8;
  3427   000EBE  C021  F00D         	movff	ADC_Read_Avg@sum,___aldiv@dividend
  3428   000EC2  C022  F00E         	movff	ADC_Read_Avg@sum+1,___aldiv@dividend+1
  3429   000EC6  C023  F00F         	movff	ADC_Read_Avg@sum+2,___aldiv@dividend+2
  3430   000ECA  C024  F010         	movff	ADC_Read_Avg@sum+3,___aldiv@dividend+3
  3431   000ECE  0E08               	movlw	8
  3432   000ED0  6E11               	movwf	___aldiv@divisor^0,c
  3433   000ED2  0E00               	movlw	0
  3434   000ED4  6E12               	movwf	(___aldiv@divisor+1)^0,c
  3435   000ED6  0E00               	movlw	0
  3436   000ED8  6E13               	movwf	(___aldiv@divisor+2)^0,c
  3437   000EDA  0E00               	movlw	0
  3438   000EDC  6E14               	movwf	(___aldiv@divisor+3)^0,c
  3439   000EDE  ECB2  F004         	call	___aldiv	;wreg free
  3440   000EE2  C00D  F01B         	movff	?___aldiv,?_ADC_Read_Avg
  3441   000EE6  C00E  F01C         	movff	?___aldiv+1,?_ADC_Read_Avg+1
  3442   000EEA  0012               	return		;funcret
  3443   000EEC                     __end_of_ADC_Read_Avg:
  3444                           	callstack 0
  3445                           
  3446 ;; *************** function ___aldiv *****************
  3447 ;; Defined at:
  3448 ;;		line 7 in file "C:\Program Files\Microchip\xc8\v3.00\pic\sources\c99\common\aldiv.c"
  3449 ;; Parameters:    Size  Location     Type
  3450 ;;  dividend        4   12[COMRAM] long 
  3451 ;;  divisor         4   16[COMRAM] long 
  3452 ;; Auto vars:     Size  Location     Type
  3453 ;;  quotient        4   22[COMRAM] long 
  3454 ;;  sign            1   21[COMRAM] unsigned char 
  3455 ;;  counter         1   20[COMRAM] unsigned char 
  3456 ;; Return value:  Size  Location     Type
  3457 ;;                  4   12[COMRAM] long 
  3458 ;; Registers used:
  3459 ;;		wreg, status,2, status,0
  3460 ;; Tracked objects:
  3461 ;;		On entry : 0/0
  3462 ;;		On exit  : 0/0
  3463 ;;		Unchanged: 0/0
  3464 ;; Data sizes:     COMRAM   BANK0   BANK1   BANK2   BANK3   BANK4   BANK5
  3465 ;;      Params:         8       0       0       0       0       0       0
  3466 ;;      Locals:         6       0       0       0       0       0       0
  3467 ;;      Temps:          0       0       0       0       0       0       0
  3468 ;;      Totals:        14       0       0       0       0       0       0
  3469 ;;Total ram usage:       14 bytes
  3470 ;; Hardware stack levels used: 1
  3471 ;; Hardware stack levels required when called: 5
  3472 ;; This function calls:
  3473 ;;		Nothing
  3474 ;; This function is called by:
  3475 ;;		_ADC_Read_Avg
  3476 ;; This function uses a non-reentrant model
  3477 ;;
  3478                           
  3479                           	psect	text22
  3480   000964                     __ptext22:
  3481                           	callstack 0
  3482   000964                     ___aldiv:
  3483                           	callstack 23
  3484   000964  6A16               	clrf	___aldiv@sign^0,c
  3485   000966  BE14               	btfsc	(___aldiv@divisor+3)^0,7,c
  3486   000968  EFBA  F004         	goto	u1010
  3487   00096C  EFB8  F004         	goto	u1011
  3488   000970                     u1011:
  3489   000970  EFC4  F004         	goto	l1807
  3490   000974                     u1010:
  3491   000974  1E14               	comf	(___aldiv@divisor+3)^0,f,c
  3492   000976  1E13               	comf	(___aldiv@divisor+2)^0,f,c
  3493   000978  1E12               	comf	(___aldiv@divisor+1)^0,f,c
  3494   00097A  6C11               	negf	___aldiv@divisor^0,c
  3495   00097C  0E00               	movlw	0
  3496   00097E  2212               	addwfc	(___aldiv@divisor+1)^0,f,c
  3497   000980  2213               	addwfc	(___aldiv@divisor+2)^0,f,c
  3498   000982  2214               	addwfc	(___aldiv@divisor+3)^0,f,c
  3499   000984  0E01               	movlw	1
  3500   000986  6E16               	movwf	___aldiv@sign^0,c
  3501   000988                     l1807:
  3502   000988  BE10               	btfsc	(___aldiv@dividend+3)^0,7,c
  3503   00098A  EFCB  F004         	goto	u1020
  3504   00098E  EFC9  F004         	goto	u1021
  3505   000992                     u1021:
  3506   000992  EFD5  F004         	goto	l1813
  3507   000996                     u1020:
  3508   000996  1E10               	comf	(___aldiv@dividend+3)^0,f,c
  3509   000998  1E0F               	comf	(___aldiv@dividend+2)^0,f,c
  3510   00099A  1E0E               	comf	(___aldiv@dividend+1)^0,f,c
  3511   00099C  6C0D               	negf	___aldiv@dividend^0,c
  3512   00099E  0E00               	movlw	0
  3513   0009A0  220E               	addwfc	(___aldiv@dividend+1)^0,f,c
  3514   0009A2  220F               	addwfc	(___aldiv@dividend+2)^0,f,c
  3515   0009A4  2210               	addwfc	(___aldiv@dividend+3)^0,f,c
  3516   0009A6  0E01               	movlw	1
  3517   0009A8  1A16               	xorwf	___aldiv@sign^0,f,c
  3518   0009AA                     l1813:
  3519   0009AA  0E00               	movlw	0
  3520   0009AC  6E17               	movwf	___aldiv@quotient^0,c
  3521   0009AE  0E00               	movlw	0
  3522   0009B0  6E18               	movwf	(___aldiv@quotient+1)^0,c
  3523   0009B2  0E00               	movlw	0
  3524   0009B4  6E19               	movwf	(___aldiv@quotient+2)^0,c
  3525   0009B6  0E00               	movlw	0
  3526   0009B8  6E1A               	movwf	(___aldiv@quotient+3)^0,c
  3527   0009BA  5011               	movf	___aldiv@divisor^0,w,c
  3528   0009BC  1012               	iorwf	(___aldiv@divisor+1)^0,w,c
  3529   0009BE  1013               	iorwf	(___aldiv@divisor+2)^0,w,c
  3530   0009C0  1014               	iorwf	(___aldiv@divisor+3)^0,w,c
  3531   0009C2  B4D8               	btfsc	status,2,c
  3532   0009C4  EFE6  F004         	goto	u1031
  3533   0009C8  EFE8  F004         	goto	u1030
  3534   0009CC                     u1031:
  3535   0009CC  EF1E  F005         	goto	l1835
  3536   0009D0                     u1030:
  3537   0009D0  0E01               	movlw	1
  3538   0009D2  6E15               	movwf	___aldiv@counter^0,c
  3539   0009D4  EFF2  F004         	goto	l1821
  3540   0009D8                     l1819:
  3541   0009D8  90D8               	bcf	status,0,c
  3542   0009DA  3611               	rlcf	___aldiv@divisor^0,f,c
  3543   0009DC  3612               	rlcf	(___aldiv@divisor+1)^0,f,c
  3544   0009DE  3613               	rlcf	(___aldiv@divisor+2)^0,f,c
  3545   0009E0  3614               	rlcf	(___aldiv@divisor+3)^0,f,c
  3546   0009E2  2A15               	incf	___aldiv@counter^0,f,c
  3547   0009E4                     l1821:
  3548   0009E4  AE14               	btfss	(___aldiv@divisor+3)^0,7,c
  3549   0009E6  EFF7  F004         	goto	u1041
  3550   0009EA  EFF9  F004         	goto	u1040
  3551   0009EE                     u1041:
  3552   0009EE  EFEC  F004         	goto	l1819
  3553   0009F2                     u1040:
  3554   0009F2                     l1823:
  3555   0009F2  90D8               	bcf	status,0,c
  3556   0009F4  3617               	rlcf	___aldiv@quotient^0,f,c
  3557   0009F6  3618               	rlcf	(___aldiv@quotient+1)^0,f,c
  3558   0009F8  3619               	rlcf	(___aldiv@quotient+2)^0,f,c
  3559   0009FA  361A               	rlcf	(___aldiv@quotient+3)^0,f,c
  3560   0009FC  5011               	movf	___aldiv@divisor^0,w,c
  3561   0009FE  5C0D               	subwf	___aldiv@dividend^0,w,c
  3562   000A00  5012               	movf	(___aldiv@divisor+1)^0,w,c
  3563   000A02  580E               	subwfb	(___aldiv@dividend+1)^0,w,c
  3564   000A04  5013               	movf	(___aldiv@divisor+2)^0,w,c
  3565   000A06  580F               	subwfb	(___aldiv@dividend+2)^0,w,c
  3566   000A08  5014               	movf	(___aldiv@divisor+3)^0,w,c
  3567   000A0A  5810               	subwfb	(___aldiv@dividend+3)^0,w,c
  3568   000A0C  A0D8               	btfss	status,0,c
  3569   000A0E  EF0B  F005         	goto	u1051
  3570   000A12  EF0D  F005         	goto	u1050
  3571   000A16                     u1051:
  3572   000A16  EF16  F005         	goto	l1831
  3573   000A1A                     u1050:
  3574   000A1A  5011               	movf	___aldiv@divisor^0,w,c
  3575   000A1C  5E0D               	subwf	___aldiv@dividend^0,f,c
  3576   000A1E  5012               	movf	(___aldiv@divisor+1)^0,w,c
  3577   000A20  5A0E               	subwfb	(___aldiv@dividend+1)^0,f,c
  3578   000A22  5013               	movf	(___aldiv@divisor+2)^0,w,c
  3579   000A24  5A0F               	subwfb	(___aldiv@dividend+2)^0,f,c
  3580   000A26  5014               	movf	(___aldiv@divisor+3)^0,w,c
  3581   000A28  5A10               	subwfb	(___aldiv@dividend+3)^0,f,c
  3582   000A2A  8017               	bsf	___aldiv@quotient^0,0,c
  3583   000A2C                     l1831:
  3584   000A2C  90D8               	bcf	status,0,c
  3585   000A2E  3214               	rrcf	(___aldiv@divisor+3)^0,f,c
  3586   000A30  3213               	rrcf	(___aldiv@divisor+2)^0,f,c
  3587   000A32  3212               	rrcf	(___aldiv@divisor+1)^0,f,c
  3588   000A34  3211               	rrcf	___aldiv@divisor^0,f,c
  3589   000A36  2E15               	decfsz	___aldiv@counter^0,f,c
  3590   000A38  EFF9  F004         	goto	l1823
  3591   000A3C                     l1835:
  3592   000A3C  5016               	movf	___aldiv@sign^0,w,c
  3593   000A3E  B4D8               	btfsc	status,2,c
  3594   000A40  EF24  F005         	goto	u1061
  3595   000A44  EF26  F005         	goto	u1060
  3596   000A48                     u1061:
  3597   000A48  EF2E  F005         	goto	l1839
  3598   000A4C                     u1060:
  3599   000A4C  1E1A               	comf	(___aldiv@quotient+3)^0,f,c
  3600   000A4E  1E19               	comf	(___aldiv@quotient+2)^0,f,c
  3601   000A50  1E18               	comf	(___aldiv@quotient+1)^0,f,c
  3602   000A52  6C17               	negf	___aldiv@quotient^0,c
  3603   000A54  0E00               	movlw	0
  3604   000A56  2218               	addwfc	(___aldiv@quotient+1)^0,f,c
  3605   000A58  2219               	addwfc	(___aldiv@quotient+2)^0,f,c
  3606   000A5A  221A               	addwfc	(___aldiv@quotient+3)^0,f,c
  3607   000A5C                     l1839:
  3608   000A5C  C017  F00D         	movff	___aldiv@quotient,?___aldiv
  3609   000A60  C018  F00E         	movff	___aldiv@quotient+1,?___aldiv+1
  3610   000A64  C019  F00F         	movff	___aldiv@quotient+2,?___aldiv+2
  3611   000A68  C01A  F010         	movff	___aldiv@quotient+3,?___aldiv+3
  3612   000A6C  0012               	return		;funcret
  3613   000A6E                     __end_of___aldiv:
  3614                           	callstack 0
  3615                           
  3616 ;; *************** function _ADC_Read *****************
  3617 ;; Defined at:
  3618 ;;		line 13 in file "setting_hardaware/adc.c"
  3619 ;; Parameters:    Size  Location     Type
  3620 ;;  channel         2   12[COMRAM] int 
  3621 ;; Auto vars:     Size  Location     Type
  3622 ;;  digital         2   16[COMRAM] int 
  3623 ;; Return value:  Size  Location     Type
  3624 ;;                  2   12[COMRAM] int 
  3625 ;; Registers used:
  3626 ;;		wreg, status,2, status,0
  3627 ;; Tracked objects:
  3628 ;;		On entry : 0/0
  3629 ;;		On exit  : 0/0
  3630 ;;		Unchanged: 0/0
  3631 ;; Data sizes:     COMRAM   BANK0   BANK1   BANK2   BANK3   BANK4   BANK5
  3632 ;;      Params:         2       0       0       0       0       0       0
  3633 ;;      Locals:         2       0       0       0       0       0       0
  3634 ;;      Temps:          2       0       0       0       0       0       0
  3635 ;;      Totals:         6       0       0       0       0       0       0
  3636 ;;Total ram usage:        6 bytes
  3637 ;; Hardware stack levels used: 1
  3638 ;; Hardware stack levels required when called: 5
  3639 ;; This function calls:
  3640 ;;		Nothing
  3641 ;; This function is called by:
  3642 ;;		_ADC_Read_Avg
  3643 ;; This function uses a non-reentrant model
  3644 ;;
  3645                           
  3646                           	psect	text23
  3647   001018                     __ptext23:
  3648                           	callstack 0
  3649   001018                     _ADC_Read:
  3650                           	callstack 23
  3651   001018                     
  3652                           ;setting_hardaware/adc.c: 13: int ADC_Read(int channel);setting_hardaware/adc.c: 14: {;s
      +                          etting_hardaware/adc.c: 15:     int digital;;setting_hardaware/adc.c: 17:     ADCON0bits
      +                          .CHS = 0x00;
  3653   001018  0EC3               	movlw	-61
  3654   00101A  16C2               	andwf	194,f,c	;volatile
  3655   00101C                     
  3656                           ;setting_hardaware/adc.c: 18:     ADCON0bits.GO = 1;
  3657   00101C  82C2               	bsf	194,1,c	;volatile
  3658   00101E                     
  3659                           ;setting_hardaware/adc.c: 19:     ADCON0bits.ADON = 1;
  3660   00101E  80C2               	bsf	194,0,c	;volatile
  3661   001020                     l177:
  3662   001020  B2C2               	btfsc	194,1,c	;volatile
  3663   001022  EF15  F008         	goto	u1001
  3664   001026  EF17  F008         	goto	u1000
  3665   00102A                     u1001:
  3666   00102A  EF10  F008         	goto	l177
  3667   00102E                     u1000:
  3668   00102E                     
  3669                           ;setting_hardaware/adc.c: 23:     digital = (ADRESH*256) | (ADRESL);
  3670   00102E  50C3               	movf	195,w,c	;volatile
  3671   001030  CFC4 F00F          	movff	4036,??_ADC_Read	;volatile
  3672   001034  6A10               	clrf	(??_ADC_Read+1)^0,c
  3673   001036  C00F  F010         	movff	??_ADC_Read,??_ADC_Read+1
  3674   00103A  6A0F               	clrf	??_ADC_Read^0,c
  3675   00103C  100F               	iorwf	??_ADC_Read^0,w,c
  3676   00103E  6E11               	movwf	ADC_Read@digital^0,c
  3677   001040  5010               	movf	(??_ADC_Read+1)^0,w,c
  3678   001042  6E12               	movwf	(ADC_Read@digital+1)^0,c
  3679   001044                     
  3680                           ;setting_hardaware/adc.c: 24:     return(digital);
  3681   001044  C011  F00D         	movff	ADC_Read@digital,?_ADC_Read
  3682   001048  C012  F00E         	movff	ADC_Read@digital+1,?_ADC_Read+1
  3683   00104C  0012               	return		;funcret
  3684   00104E                     __end_of_ADC_Read:
  3685                           	callstack 0
  3686                           
  3687 ;; *************** function _Timer2_ISR *****************
  3688 ;; Defined at:
  3689 ;;		line 141 in file "main.c"
  3690 ;; Parameters:    Size  Location     Type
  3691 ;;		None
  3692 ;; Auto vars:     Size  Location     Type
  3693 ;;		None
  3694 ;; Return value:  Size  Location     Type
  3695 ;;                  1    wreg      void 
  3696 ;; Registers used:
  3697 ;;		wreg, status,2, status,0, cstack
  3698 ;; Tracked objects:
  3699 ;;		On entry : 0/0
  3700 ;;		On exit  : 0/0
  3701 ;;		Unchanged: 0/0
  3702 ;; Data sizes:     COMRAM   BANK0   BANK1   BANK2   BANK3   BANK4   BANK5
  3703 ;;      Params:         0       0       0       0       0       0       0
  3704 ;;      Locals:         0       0       0       0       0       0       0
  3705 ;;      Temps:          4       0       0       0       0       0       0
  3706 ;;      Totals:         4       0       0       0       0       0       0
  3707 ;;Total ram usage:        4 bytes
  3708 ;; Hardware stack levels used: 1
  3709 ;; Hardware stack levels required when called: 4
  3710 ;; This function calls:
  3711 ;;		i1_led
  3712 ;; This function is called by:
  3713 ;;		Interrupt level 1
  3714 ;; This function uses a non-reentrant model
  3715 ;;
  3716                           
  3717                           	psect	intcodelo
  3718   000018                     __pintcodelo:
  3719                           	callstack 0
  3720   000018                     _Timer2_ISR:
  3721                           	callstack 20
  3722                           
  3723                           ;incstack = 0
  3724   000018  806A               	bsf	int$flags,0,c	;set compiler interrupt flag (level 1)
  3725   00001A  CFD8 F00A          	movff	status,??_Timer2_ISR+1
  3726   00001E  CFE8 F00B          	movff	wreg,??_Timer2_ISR+2
  3727   000022  CFE0 F00C          	movff	bsr,??_Timer2_ISR+3
  3728   000026                     
  3729                           ;main.c: 143:     if (PIR1bits.TMR2IF) {
  3730   000026  A29E               	btfss	158,1,c	;volatile
  3731   000028  EF18  F000         	goto	i1u141_21
  3732   00002C  EF1A  F000         	goto	i1u141_20
  3733   000030                     i1u141_21:
  3734   000030  EF38  F000         	goto	i1l110
  3735   000034                     i1u141_20:
  3736   000034                     
  3737                           ;main.c: 144:         PIR1bits.TMR2IF= 0;
  3738   000034  929E               	bcf	158,1,c	;volatile
  3739   000036                     
  3740                           ;main.c: 146:         subcounter++;
  3741   000036  4A51               	infsnz	_subcounter^0,f,c
  3742   000038  2A52               	incf	(_subcounter+1)^0,f,c
  3743   00003A                     
  3744                           ;main.c: 148:         if(subcounter >= value) {
  3745   00003A  5068               	movf	_value^0,w,c
  3746   00003C  5C51               	subwf	_subcounter^0,w,c
  3747   00003E  5052               	movf	(_subcounter+1)^0,w,c
  3748   000040  0A80               	xorlw	128
  3749   000042  6E09               	movwf	??_Timer2_ISR^0,c
  3750   000044  5069               	movf	(_value+1)^0,w,c
  3751   000046  0A80               	xorlw	128
  3752   000048  5809               	subwfb	??_Timer2_ISR^0,w,c
  3753   00004A  A0D8               	btfss	status,0,c
  3754   00004C  EF2A  F000         	goto	i1u142_21
  3755   000050  EF2C  F000         	goto	i1u142_20
  3756   000054                     i1u142_21:
  3757   000054  EF38  F000         	goto	i1l110
  3758   000058                     i1u142_20:
  3759   000058                     
  3760                           ;main.c: 149:             subcounter = 0;
  3761   000058  0E00               	movlw	0
  3762   00005A  6E52               	movwf	(_subcounter+1)^0,c
  3763   00005C  0E00               	movlw	0
  3764   00005E  6E51               	movwf	_subcounter^0,c
  3765   000060                     
  3766                           ;main.c: 150:             counter++;
  3767   000060  4A4F               	infsnz	_counter^0,f,c
  3768   000062  2A50               	incf	(_counter+1)^0,f,c
  3769   000064                     
  3770                           ;main.c: 151:             led(counter%16);
  3771   000064  0E0F               	movlw	15
  3772   000066  144F               	andwf	_counter^0,w,c
  3773   000068  6E06               	movwf	i1led@num^0,c
  3774   00006A  6A07               	clrf	(i1led@num+1)^0,c
  3775   00006C  ECB7  F008         	call	i1_led	;wreg free
  3776   000070                     i1l110:
  3777   000070  C00C  FFE0         	movff	??_Timer2_ISR+3,bsr
  3778   000074  C00B  FFE8         	movff	??_Timer2_ISR+2,wreg
  3779   000078  C00A  FFD8         	movff	??_Timer2_ISR+1,status
  3780   00007C  906A               	bcf	int$flags,0,c	;clear compiler interrupt flag (level 1)
  3781   00007E  0010               	retfie	
  3782   000080                     __end_of_Timer2_ISR:
  3783                           	callstack 0
  3784                           
  3785 ;; *************** function i1_led *****************
  3786 ;; Defined at:
  3787 ;;		line 10 in file "main.c"
  3788 ;; Parameters:    Size  Location     Type
  3789 ;;  num             2    5[COMRAM] int 
  3790 ;; Auto vars:     Size  Location     Type
  3791 ;;		None
  3792 ;; Return value:  Size  Location     Type
  3793 ;;                  1    wreg      void 
  3794 ;; Registers used:
  3795 ;;		wreg, status,2, status,0
  3796 ;; Tracked objects:
  3797 ;;		On entry : 0/0
  3798 ;;		On exit  : 0/0
  3799 ;;		Unchanged: 0/0
  3800 ;; Data sizes:     COMRAM   BANK0   BANK1   BANK2   BANK3   BANK4   BANK5
  3801 ;;      Params:         2       0       0       0       0       0       0
  3802 ;;      Locals:         0       0       0       0       0       0       0
  3803 ;;      Temps:          1       0       0       0       0       0       0
  3804 ;;      Totals:         3       0       0       0       0       0       0
  3805 ;;Total ram usage:        3 bytes
  3806 ;; Hardware stack levels used: 1
  3807 ;; Hardware stack levels required when called: 3
  3808 ;; This function calls:
  3809 ;;		Nothing
  3810 ;; This function is called by:
  3811 ;;		_Timer2_ISR
  3812 ;; This function uses a non-reentrant model
  3813 ;;
  3814                           
  3815                           	psect	text25
  3816   00116E                     __ptext25:
  3817                           	callstack 0
  3818   00116E                     i1_led:
  3819                           	callstack 20
  3820   00116E                     
  3821                           ;main.c: 11:     LATD = (num & 0x0F) << 4;
  3822   00116E  C006  F008         	movff	i1led@num,??i1_led
  3823   001172  0E0F               	movlw	15
  3824   001174  1608               	andwf	??i1_led^0,f,c
  3825   001176  3808               	swapf	??i1_led^0,w,c
  3826   001178  0BF0               	andlw	240
  3827   00117A  6E8C               	movwf	140,c	;volatile
  3828   00117C  0012               	return		;funcret
  3829   00117E                     __end_ofi1_led:
  3830                           	callstack 0
  3831                           
  3832 ;; *************** function _UART_ISR *****************
  3833 ;; Defined at:
  3834 ;;		line 123 in file "main.c"
  3835 ;; Parameters:    Size  Location     Type
  3836 ;;		None
  3837 ;; Auto vars:     Size  Location     Type
  3838 ;;		None
  3839 ;; Return value:  Size  Location     Type
  3840 ;;                  1    wreg      void 
  3841 ;; Registers used:
  3842 ;;		wreg, fsr2l, fsr2h, status,2, status,0, cstack
  3843 ;; Tracked objects:
  3844 ;;		On entry : 0/0
  3845 ;;		On exit  : 0/0
  3846 ;;		Unchanged: 0/0
  3847 ;; Data sizes:     COMRAM   BANK0   BANK1   BANK2   BANK3   BANK4   BANK5
  3848 ;;      Params:         0       0       0       0       0       0       0
  3849 ;;      Locals:         0       0       0       0       0       0       0
  3850 ;;      Temps:          2       0       0       0       0       0       0
  3851 ;;      Totals:         2       0       0       0       0       0       0
  3852 ;;Total ram usage:        2 bytes
  3853 ;; Hardware stack levels used: 1
  3854 ;; Hardware stack levels required when called: 2
  3855 ;; This function calls:
  3856 ;;		_MyusartRead
  3857 ;; This function is called by:
  3858 ;;		Interrupt level 2
  3859 ;; This function uses a non-reentrant model
  3860 ;;
  3861                           
  3862                           	psect	intcode
  3863   000008                     __pintcode:
  3864                           	callstack 0
  3865   000008                     _UART_ISR:
  3866                           	callstack 20
  3867                           
  3868                           ;incstack = 0
  3869   000008  826A               	bsf	int$flags,1,c	;set compiler interrupt flag (level 2)
  3870   00000A  ED97  F007         	call	int_func,f	;refresh shadow registers
  3871                           
  3872                           	psect	intcode_body
  3873   000F2E                     __pintcode_body:
  3874                           	callstack 20
  3875   000F2E                     int_func:
  3876                           	callstack 20
  3877   000F2E  0006               	pop		; remove dummy address from shadow register refresh
  3878   000F30  CFD9 F004          	movff	fsr2l,??_UART_ISR
  3879   000F34  CFDA F005          	movff	fsr2h,??_UART_ISR+1
  3880   000F38                     
  3881                           ;main.c: 125:     if(RCIF)
  3882   000F38  AA9E               	btfss	3998,5,c	;volatile
  3883   000F3A  EFA1  F007         	goto	i2u139_41
  3884   000F3E  EFA3  F007         	goto	i2u139_40
  3885   000F42                     i2u139_41:
  3886   000F42  EFAF  F007         	goto	i2l103
  3887   000F46                     i2u139_40:
  3888   000F46                     
  3889                           ;main.c: 126:     {;main.c: 127:         if(RCSTAbits.OERR)
  3890   000F46  A2AB               	btfss	171,1,c	;volatile
  3891   000F48  EFA8  F007         	goto	i2u140_41
  3892   000F4C  EFAA  F007         	goto	i2u140_40
  3893   000F50                     i2u140_41:
  3894   000F50  EFAD  F007         	goto	i2l2141
  3895   000F54                     i2u140_40:
  3896   000F54                     
  3897                           ;main.c: 128:         {;main.c: 129:             CREN = 0;
  3898   000F54  98AB               	bcf	4011,4,c	;volatile
  3899                           
  3900                           ;main.c: 130:             __nop();
  3901   000F56  0000               	nop	
  3902                           
  3903                           ;main.c: 131:             CREN = 1;
  3904   000F58  88AB               	bsf	4011,4,c	;volatile
  3905   000F5A                     i2l2141:
  3906                           
  3907                           ;main.c: 134:         MyusartRead();
  3908   000F5A  EC37  F005         	call	_MyusartRead	;wreg free
  3909   000F5E                     i2l103:
  3910   000F5E  C005  FFDA         	movff	??_UART_ISR+1,fsr2h
  3911   000F62  C004  FFD9         	movff	??_UART_ISR,fsr2l
  3912   000F66  926A               	bcf	int$flags,1,c	;clear compiler interrupt flag (level 2)
  3913   000F68  0011               	retfie		f
  3914   000F6A                     __end_of_UART_ISR:
  3915                           	callstack 0
  3916                           
  3917 ;; *************** function _MyusartRead *****************
  3918 ;; Defined at:
  3919 ;;		line 94 in file "main.c"
  3920 ;; Parameters:    Size  Location     Type
  3921 ;;		None
  3922 ;; Auto vars:     Size  Location     Type
  3923 ;;  c               1    2[COMRAM] unsigned char 
  3924 ;; Return value:  Size  Location     Type
  3925 ;;                  1    wreg      void 
  3926 ;; Registers used:
  3927 ;;		wreg, fsr2l, fsr2h, status,2, status,0, cstack
  3928 ;; Tracked objects:
  3929 ;;		On entry : 0/0
  3930 ;;		On exit  : 0/0
  3931 ;;		Unchanged: 0/0
  3932 ;; Data sizes:     COMRAM   BANK0   BANK1   BANK2   BANK3   BANK4   BANK5
  3933 ;;      Params:         0       0       0       0       0       0       0
  3934 ;;      Locals:         1       0       0       0       0       0       0
  3935 ;;      Temps:          0       0       0       0       0       0       0
  3936 ;;      Totals:         1       0       0       0       0       0       0
  3937 ;;Total ram usage:        1 bytes
  3938 ;; Hardware stack levels used: 1
  3939 ;; Hardware stack levels required when called: 1
  3940 ;; This function calls:
  3941 ;;		_ClearBuffer
  3942 ;;		i2_UART_Write
  3943 ;; This function is called by:
  3944 ;;		_UART_ISR
  3945 ;; This function uses a non-reentrant model
  3946 ;;
  3947                           
  3948                           	psect	text27
  3949   000A6E                     __ptext27:
  3950                           	callstack 0
  3951   000A6E                     _MyusartRead:
  3952                           	callstack 20
  3953   000A6E                     
  3954                           ;main.c: 96:     unsigned char c = RCREG;
  3955   000A6E  CFAE F003          	movff	4014,MyusartRead@c	;volatile
  3956   000A72                     
  3957                           ;main.c: 98:     UART_Write(c);
  3958   000A72  5003               	movf	MyusartRead@c^0,w,c
  3959   000A74  ECA4  F008         	call	i2_UART_Write
  3960   000A78                     
  3961                           ;main.c: 100:     if (c == '\r') {
  3962   000A78  0E0D               	movlw	13
  3963   000A7A  1803               	xorwf	MyusartRead@c^0,w,c
  3964   000A7C  A4D8               	btfss	status,2,c
  3965   000A7E  EF43  F005         	goto	i2u123_41
  3966   000A82  EF45  F005         	goto	i2u123_40
  3967   000A86                     i2u123_41:
  3968   000A86  EF91  F005         	goto	i2l2031
  3969   000A8A                     i2u123_40:
  3970   000A8A                     
  3971                           ;main.c: 101:         mystring[lenStr] = '\0';
  3972   000A8A  504D               	movf	_lenStr^0,w,c
  3973   000A8C  0F54               	addlw	low _mystring
  3974   000A8E  6ED9               	movwf	fsr2l,c
  3975   000A90  6ADA               	clrf	fsr2h,c
  3976   000A92  6ADF               	clrf	indf2,c
  3977   000A94                     
  3978                           ;main.c: 102:         UART_Write('\r');
  3979   000A94  0E0D               	movlw	13
  3980   000A96  ECA4  F008         	call	i2_UART_Write
  3981   000A9A                     
  3982                           ;main.c: 103:         UART_Write('\n');
  3983   000A9A  0E0A               	movlw	10
  3984   000A9C  ECA4  F008         	call	i2_UART_Write
  3985   000AA0                     
  3986                           ;main.c: 104:         lenStr = 0;
  3987   000AA0  0E00               	movlw	0
  3988   000AA2  6E4E               	movwf	(_lenStr+1)^0,c
  3989   000AA4  0E00               	movlw	0
  3990   000AA6  6E4D               	movwf	_lenStr^0,c
  3991   000AA8                     
  3992                           ;main.c: 106:         if(mystring[0] == '0' && mystring[1] == '.') {
  3993   000AA8  0E30               	movlw	48
  3994   000AAA  1854               	xorwf	_mystring^0,w,c
  3995   000AAC  A4D8               	btfss	status,2,c
  3996   000AAE  EF5B  F005         	goto	i2u124_41
  3997   000AB2  EF5D  F005         	goto	i2u124_40
  3998   000AB6                     i2u124_41:
  3999   000AB6  EF6E  F005         	goto	i2l2019
  4000   000ABA                     i2u124_40:
  4001   000ABA  0E2E               	movlw	46
  4002   000ABC  1855               	xorwf	(_mystring+1)^0,w,c
  4003   000ABE  A4D8               	btfss	status,2,c
  4004   000AC0  EF64  F005         	goto	i2u125_41
  4005   000AC4  EF66  F005         	goto	i2u125_40
  4006   000AC8                     i2u125_41:
  4007   000AC8  EF6E  F005         	goto	i2l2019
  4008   000ACC                     i2u125_40:
  4009   000ACC                     
  4010                           ;main.c: 107:             value = mystring[2] - '0';
  4011   000ACC  0ED0               	movlw	208
  4012   000ACE  2456               	addwf	(_mystring+2)^0,w,c
  4013   000AD0  6E68               	movwf	_value^0,c
  4014   000AD2  6A69               	clrf	(_value+1)^0,c
  4015   000AD4  0EFF               	movlw	255
  4016   000AD6  2269               	addwfc	(_value+1)^0,f,c
  4017                           
  4018                           ;main.c: 108:         } else if (mystring[0] == '1' && mystring[1] == '.' && mystring[2]
      +                           == '0') {
  4019   000AD8  EF8D  F005         	goto	i2l2027
  4020   000ADC                     i2l2019:
  4021   000ADC  0E31               	movlw	49
  4022   000ADE  1854               	xorwf	_mystring^0,w,c
  4023   000AE0  A4D8               	btfss	status,2,c
  4024   000AE2  EF75  F005         	goto	i2u126_41
  4025   000AE6  EF77  F005         	goto	i2u126_40
  4026   000AEA                     i2u126_41:
  4027   000AEA  EF8D  F005         	goto	i2l2027
  4028   000AEE                     i2u126_40:
  4029   000AEE  0E2E               	movlw	46
  4030   000AF0  1855               	xorwf	(_mystring+1)^0,w,c
  4031   000AF2  A4D8               	btfss	status,2,c
  4032   000AF4  EF7E  F005         	goto	i2u127_41
  4033   000AF8  EF80  F005         	goto	i2u127_40
  4034   000AFC                     i2u127_41:
  4035   000AFC  EF8D  F005         	goto	i2l2027
  4036   000B00                     i2u127_40:
  4037   000B00  0E30               	movlw	48
  4038   000B02  1856               	xorwf	(_mystring+2)^0,w,c
  4039   000B04  A4D8               	btfss	status,2,c
  4040   000B06  EF87  F005         	goto	i2u128_41
  4041   000B0A  EF89  F005         	goto	i2u128_40
  4042   000B0E                     i2u128_41:
  4043   000B0E  EF8D  F005         	goto	i2l2027
  4044   000B12                     i2u128_40:
  4045   000B12                     
  4046                           ;main.c: 109:             value = 10;
  4047   000B12  0E00               	movlw	0
  4048   000B14  6E69               	movwf	(_value+1)^0,c
  4049   000B16  0E0A               	movlw	10
  4050   000B18  6E68               	movwf	_value^0,c
  4051   000B1A                     i2l2027:
  4052                           
  4053                           ;main.c: 111:         ClearBuffer();
  4054   000B1A  ECB5  F007         	call	_ClearBuffer	;wreg free
  4055   000B1E  EFAB  F005         	goto	i2l95
  4056   000B22                     i2l2031:
  4057                           
  4058                           ;main.c: 115:     mystring[lenStr] = c;
  4059   000B22  504D               	movf	_lenStr^0,w,c
  4060   000B24  0F54               	addlw	low _mystring
  4061   000B26  6ED9               	movwf	fsr2l,c
  4062   000B28  6ADA               	clrf	fsr2h,c
  4063   000B2A  C003  FFDF         	movff	MyusartRead@c,indf2
  4064   000B2E                     
  4065                           ;main.c: 116:     lenStr++;
  4066   000B2E  4A4D               	infsnz	_lenStr^0,f,c
  4067   000B30  2A4E               	incf	(_lenStr+1)^0,f,c
  4068   000B32                     
  4069                           ;main.c: 118:     if (lenStr >= 10) {
  4070   000B32  BE4E               	btfsc	(_lenStr+1)^0,7,c
  4071   000B34  EFA5  F005         	goto	i2u129_41
  4072   000B38  504E               	movf	(_lenStr+1)^0,w,c
  4073   000B3A  E109               	bnz	i2u129_40
  4074   000B3C  0E0A               	movlw	10
  4075   000B3E  5C4D               	subwf	_lenStr^0,w,c
  4076   000B40  A0D8               	btfss	status,0,c
  4077   000B42  EFA5  F005         	goto	i2u129_41
  4078   000B46  EFA7  F005         	goto	i2u129_40
  4079   000B4A                     i2u129_41:
  4080   000B4A  EFAB  F005         	goto	i2l95
  4081   000B4E                     i2u129_40:
  4082   000B4E                     
  4083                           ;main.c: 119:         lenStr = 0;
  4084   000B4E  0E00               	movlw	0
  4085   000B50  6E4E               	movwf	(_lenStr+1)^0,c
  4086   000B52  0E00               	movlw	0
  4087   000B54  6E4D               	movwf	_lenStr^0,c
  4088   000B56                     i2l95:
  4089   000B56  0012               	return		;funcret
  4090   000B58                     __end_of_MyusartRead:
  4091                           	callstack 0
  4092                           
  4093 ;; *************** function i2_UART_Write *****************
  4094 ;; Defined at:
  4095 ;;		line 40 in file "setting_hardaware/uart.c"
  4096 ;; Parameters:    Size  Location     Type
  4097 ;;  data            1    wreg     unsigned char 
  4098 ;; Auto vars:     Size  Location     Type
  4099 ;;  data            1    0[COMRAM] unsigned char 
  4100 ;; Return value:  Size  Location     Type
  4101 ;;                  1    wreg      void 
  4102 ;; Registers used:
  4103 ;;		wreg
  4104 ;; Tracked objects:
  4105 ;;		On entry : 0/0
  4106 ;;		On exit  : 0/0
  4107 ;;		Unchanged: 0/0
  4108 ;; Data sizes:     COMRAM   BANK0   BANK1   BANK2   BANK3   BANK4   BANK5
  4109 ;;      Params:         0       0       0       0       0       0       0
  4110 ;;      Locals:         1       0       0       0       0       0       0
  4111 ;;      Temps:          0       0       0       0       0       0       0
  4112 ;;      Totals:         1       0       0       0       0       0       0
  4113 ;;Total ram usage:        1 bytes
  4114 ;; Hardware stack levels used: 1
  4115 ;; This function calls:
  4116 ;;		Nothing
  4117 ;; This function is called by:
  4118 ;;		_MyusartRead
  4119 ;; This function uses a non-reentrant model
  4120 ;;
  4121                           
  4122                           	psect	text28
  4123   001148                     __ptext28:
  4124                           	callstack 0
  4125   001148                     i2_UART_Write:
  4126                           	callstack 20
  4127                           
  4128                           ;incstack = 0
  4129                           ;i2UART_Write@data stored from wreg
  4130   001148  6E01               	movwf	i2UART_Write@data^0,c
  4131   00114A                     i2l248:
  4132   00114A  A2AC               	btfss	172,1,c	;volatile
  4133   00114C  EFAA  F008         	goto	i2u122_41
  4134   001150  EFAC  F008         	goto	i2u122_40
  4135   001154                     i2u122_41:
  4136   001154  EFA5  F008         	goto	i2l248
  4137   001158                     i2u122_40:
  4138   001158                     
  4139                           ;setting_hardaware/uart.c: 43:     TXREG = data;
  4140   001158  C001  FFAD         	movff	i2UART_Write@data,4013	;volatile
  4141   00115C  0012               	return		;funcret
  4142   00115E                     __end_ofi2_UART_Write:
  4143                           	callstack 0
  4144                           
  4145 ;; *************** function _ClearBuffer *****************
  4146 ;; Defined at:
  4147 ;;		line 88 in file "main.c"
  4148 ;; Parameters:    Size  Location     Type
  4149 ;;		None
  4150 ;; Auto vars:     Size  Location     Type
  4151 ;;  i               2    0[COMRAM] int 
  4152 ;; Return value:  Size  Location     Type
  4153 ;;                  1    wreg      void 
  4154 ;; Registers used:
  4155 ;;		wreg, fsr2l, fsr2h, status,2, status,0
  4156 ;; Tracked objects:
  4157 ;;		On entry : 0/0
  4158 ;;		On exit  : 0/0
  4159 ;;		Unchanged: 0/0
  4160 ;; Data sizes:     COMRAM   BANK0   BANK1   BANK2   BANK3   BANK4   BANK5
  4161 ;;      Params:         0       0       0       0       0       0       0
  4162 ;;      Locals:         2       0       0       0       0       0       0
  4163 ;;      Temps:          0       0       0       0       0       0       0
  4164 ;;      Totals:         2       0       0       0       0       0       0
  4165 ;;Total ram usage:        2 bytes
  4166 ;; Hardware stack levels used: 1
  4167 ;; This function calls:
  4168 ;;		Nothing
  4169 ;; This function is called by:
  4170 ;;		_MyusartRead
  4171 ;; This function uses a non-reentrant model
  4172 ;;
  4173                           
  4174                           	psect	text29
  4175   000F6A                     __ptext29:
  4176                           	callstack 0
  4177   000F6A                     _ClearBuffer:
  4178                           	callstack 20
  4179   000F6A                     
  4180                           ;main.c: 89:     for(int i = 0; i < 10 ; i++)
  4181   000F6A  0E00               	movlw	0
  4182   000F6C  6E02               	movwf	(ClearBuffer@i+1)^0,c
  4183   000F6E  0E00               	movlw	0
  4184   000F70  6E01               	movwf	ClearBuffer@i^0,c
  4185   000F72                     i2l1269:
  4186                           
  4187                           ;main.c: 90:         mystring[i] = '\0';
  4188   000F72  5001               	movf	ClearBuffer@i^0,w,c
  4189   000F74  0F54               	addlw	low _mystring
  4190   000F76  6ED9               	movwf	fsr2l,c
  4191   000F78  6ADA               	clrf	fsr2h,c
  4192   000F7A  6ADF               	clrf	indf2,c
  4193   000F7C  4A01               	infsnz	ClearBuffer@i^0,f,c
  4194   000F7E  2A02               	incf	(ClearBuffer@i+1)^0,f,c
  4195   000F80  BE02               	btfsc	(ClearBuffer@i+1)^0,7,c
  4196   000F82  EFCC  F007         	goto	i2u38_41
  4197   000F86  5002               	movf	(ClearBuffer@i+1)^0,w,c
  4198   000F88  E109               	bnz	i2u38_40
  4199   000F8A  0E0A               	movlw	10
  4200   000F8C  5C01               	subwf	ClearBuffer@i^0,w,c
  4201   000F8E  A0D8               	btfss	status,0,c
  4202   000F90  EFCC  F007         	goto	i2u38_41
  4203   000F94  EFCE  F007         	goto	i2u38_40
  4204   000F98                     i2u38_41:
  4205   000F98  EFB9  F007         	goto	i2l1269
  4206   000F9C                     i2u38_40:
  4207   000F9C                     
  4208                           ;main.c: 91:     lenStr = 0;
  4209   000F9C  0E00               	movlw	0
  4210   000F9E  6E4E               	movwf	(_lenStr+1)^0,c
  4211   000FA0  0E00               	movlw	0
  4212   000FA2  6E4D               	movwf	_lenStr^0,c
  4213   000FA4  0012               	return		;funcret
  4214   000FA6                     __end_of_ClearBuffer:
  4215                           	callstack 0
  4216                           
  4217                           	psect	rparam
  4218   000001                     ___rparam_used  equ	1
  4219   000000                     ___param_bank   equ	0
  4220   000000                     __Lparam        equ	__Lrparam
  4221   000000                     __Hparam        equ	__Hrparam
  4222                           
  4223                           	psect	temp
  4224   00006A                     btemp:
  4225                           	callstack 0
  4226   00006A                     	ds	1
  4227   00006A                     int$flags       set	btemp
  4228   00006B                     wtemp8          set	btemp+1
  4229   00006B                     ttemp5          set	btemp+1
  4230   00006E                     ttemp6          set	btemp+4
  4231   000072                     ttemp7          set	btemp+8
  4232                           
  4233                           	psect	idloc
  4234                           
  4235                           ;Config register IDLOC0 @ 0x200000
  4236                           ;	unspecified, using default values
  4237   200000                     	org	2097152
  4238   200000  FF                 	db	255
  4239                           
  4240                           ;Config register IDLOC1 @ 0x200001
  4241                           ;	unspecified, using default values
  4242   200001                     	org	2097153
  4243   200001  FF                 	db	255
  4244                           
  4245                           ;Config register IDLOC2 @ 0x200002
  4246                           ;	unspecified, using default values
  4247   200002                     	org	2097154
  4248   200002  FF                 	db	255
  4249                           
  4250                           ;Config register IDLOC3 @ 0x200003
  4251                           ;	unspecified, using default values
  4252   200003                     	org	2097155
  4253   200003  FF                 	db	255
  4254                           
  4255                           ;Config register IDLOC4 @ 0x200004
  4256                           ;	unspecified, using default values
  4257   200004                     	org	2097156
  4258   200004  FF                 	db	255
  4259                           
  4260                           ;Config register IDLOC5 @ 0x200005
  4261                           ;	unspecified, using default values
  4262   200005                     	org	2097157
  4263   200005  FF                 	db	255
  4264                           
  4265                           ;Config register IDLOC6 @ 0x200006
  4266                           ;	unspecified, using default values
  4267   200006                     	org	2097158
  4268   200006  FF                 	db	255
  4269                           
  4270                           ;Config register IDLOC7 @ 0x200007
  4271                           ;	unspecified, using default values
  4272   200007                     	org	2097159
  4273   200007  FF                 	db	255
  4274                           
  4275                           	psect	config
  4276                           
  4277                           ; Padding undefined space
  4278   300000                     	org	3145728
  4279   300000  FF                 	db	255
  4280                           
  4281                           ;Config register CONFIG1H @ 0x300001
  4282                           ;	Oscillator Selection bits
  4283                           ;	OSC = INTIO67, Internal oscillator block, port function on RA6 and RA7
  4284                           ;	Fail-Safe Clock Monitor Enable bit
  4285                           ;	FCMEN = OFF, Fail-Safe Clock Monitor disabled
  4286                           ;	Internal/External Oscillator Switchover bit
  4287                           ;	IESO = ON, Oscillator Switchover mode enabled
  4288   300001                     	org	3145729
  4289   300001  88                 	db	136
  4290                           
  4291                           ;Config register CONFIG2L @ 0x300002
  4292                           ;	Power-up Timer Enable bit
  4293                           ;	PWRT = OFF, PWRT disabled
  4294                           ;	Brown-out Reset Enable bits
  4295                           ;	BOREN = SBORDIS, Brown-out Reset enabled in hardware only (SBOREN is disabled)
  4296                           ;	Brown Out Reset Voltage bits
  4297                           ;	BORV = 3, Minimum setting
  4298   300002                     	org	3145730
  4299   300002  1F                 	db	31
  4300                           
  4301                           ;Config register CONFIG2H @ 0x300003
  4302                           ;	Watchdog Timer Enable bit
  4303                           ;	WDT = OFF, WDT disabled (control is placed on the SWDTEN bit)
  4304                           ;	Watchdog Timer Postscale Select bits
  4305                           ;	WDTPS = 1, 1:1
  4306   300003                     	org	3145731
  4307   300003  00                 	db	0
  4308                           
  4309                           ; Padding undefined space
  4310   300004                     	org	3145732
  4311   300004  FF                 	db	255
  4312                           
  4313                           ;Config register CONFIG3H @ 0x300005
  4314                           ;	CCP2 MUX bit
  4315                           ;	CCP2MX = PORTC, CCP2 input/output is multiplexed with RC1
  4316                           ;	PORTB A/D Enable bit
  4317                           ;	PBADEN = ON, PORTB<4:0> pins are configured as analog input channels on Reset
  4318                           ;	Low-Power Timer1 Oscillator Enable bit
  4319                           ;	LPT1OSC = OFF, Timer1 configured for higher power operation
  4320                           ;	MCLR Pin Enable bit
  4321                           ;	MCLRE = ON, MCLR pin enabled; RE3 input pin disabled
  4322   300005                     	org	3145733
  4323   300005  83                 	db	131
  4324                           
  4325                           ;Config register CONFIG4L @ 0x300006
  4326                           ;	Stack Full/Underflow Reset Enable bit
  4327                           ;	STVREN = ON, Stack full/underflow will cause Reset
  4328                           ;	Single-Supply ICSP Enable bit
  4329                           ;	LVP = OFF, Single-Supply ICSP disabled
  4330                           ;	Extended Instruction Set Enable bit
  4331                           ;	XINST = OFF, Instruction set extension and Indexed Addressing mode disabled (Legacy mo
      +                          de)
  4332                           ;	Background Debugger Enable bit
  4333                           ;	DEBUG = 0x1, unprogrammed default
  4334   300006                     	org	3145734
  4335   300006  81                 	db	129
  4336                           
  4337                           ; Padding undefined space
  4338   300007                     	org	3145735
  4339   300007  FF                 	db	255
  4340                           
  4341                           ;Config register CONFIG5L @ 0x300008
  4342                           ;	Code Protection bit
  4343                           ;	CP0 = OFF, Block 0 (000800-001FFFh) not code-protected
  4344                           ;	Code Protection bit
  4345                           ;	CP1 = OFF, Block 1 (002000-003FFFh) not code-protected
  4346                           ;	Code Protection bit
  4347                           ;	CP2 = OFF, Block 2 (004000-005FFFh) not code-protected
  4348                           ;	Code Protection bit
  4349                           ;	CP3 = OFF, Block 3 (006000-007FFFh) not code-protected
  4350   300008                     	org	3145736
  4351   300008  0F                 	db	15
  4352                           
  4353                           ;Config register CONFIG5H @ 0x300009
  4354                           ;	Boot Block Code Protection bit
  4355                           ;	CPB = OFF, Boot block (000000-0007FFh) not code-protected
  4356                           ;	Data EEPROM Code Protection bit
  4357                           ;	CPD = OFF, Data EEPROM not code-protected
  4358   300009                     	org	3145737
  4359   300009  C0                 	db	192
  4360                           
  4361                           ;Config register CONFIG6L @ 0x30000A
  4362                           ;	Write Protection bit
  4363                           ;	WRT0 = OFF, Block 0 (000800-001FFFh) not write-protected
  4364                           ;	Write Protection bit
  4365                           ;	WRT1 = OFF, Block 1 (002000-003FFFh) not write-protected
  4366                           ;	Write Protection bit
  4367                           ;	WRT2 = OFF, Block 2 (004000-005FFFh) not write-protected
  4368                           ;	Write Protection bit
  4369                           ;	WRT3 = OFF, Block 3 (006000-007FFFh) not write-protected
  4370   30000A                     	org	3145738
  4371   30000A  0F                 	db	15
  4372                           
  4373                           ;Config register CONFIG6H @ 0x30000B
  4374                           ;	Configuration Register Write Protection bit
  4375                           ;	WRTC = OFF, Configuration registers (300000-3000FFh) not write-protected
  4376                           ;	Boot Block Write Protection bit
  4377                           ;	WRTB = OFF, Boot block (000000-0007FFh) not write-protected
  4378                           ;	Data EEPROM Write Protection bit
  4379                           ;	WRTD = OFF, Data EEPROM not write-protected
  4380   30000B                     	org	3145739
  4381   30000B  E0                 	db	224
  4382                           
  4383                           ;Config register CONFIG7L @ 0x30000C
  4384                           ;	Table Read Protection bit
  4385                           ;	EBTR0 = OFF, Block 0 (000800-001FFFh) not protected from table reads executed in other
      +                           blocks
  4386                           ;	Table Read Protection bit
  4387                           ;	EBTR1 = OFF, Block 1 (002000-003FFFh) not protected from table reads executed in other
      +                           blocks
  4388                           ;	Table Read Protection bit
  4389                           ;	EBTR2 = OFF, Block 2 (004000-005FFFh) not protected from table reads executed in other
      +                           blocks
  4390                           ;	Table Read Protection bit
  4391                           ;	EBTR3 = OFF, Block 3 (006000-007FFFh) not protected from table reads executed in other
      +                           blocks
  4392   30000C                     	org	3145740
  4393   30000C  0F                 	db	15
  4394                           
  4395                           ;Config register CONFIG7H @ 0x30000D
  4396                           ;	Boot Block Table Read Protection bit
  4397                           ;	EBTRB = OFF, Boot block (000000-0007FFh) not protected from table reads executed in ot
      +                          her blocks
  4398   30000D                     	org	3145741
  4399   30000D  40                 	db	64
  4400                           tosu	equ	0xFFF
  4401                           tosh	equ	0xFFE
  4402                           tosl	equ	0xFFD
  4403                           stkptr	equ	0xFFC
  4404                           pclatu	equ	0xFFB
  4405                           pclath	equ	0xFFA
  4406                           pcl	equ	0xFF9
  4407                           tblptru	equ	0xFF8
  4408                           tblptrh	equ	0xFF7
  4409                           tblptrl	equ	0xFF6
  4410                           tablat	equ	0xFF5
  4411                           prodh	equ	0xFF4
  4412                           prodl	equ	0xFF3
  4413                           indf0	equ	0xFEF
  4414                           postinc0	equ	0xFEE
  4415                           postdec0	equ	0xFED
  4416                           preinc0	equ	0xFEC
  4417                           plusw0	equ	0xFEB
  4418                           fsr0h	equ	0xFEA
  4419                           fsr0l	equ	0xFE9
  4420                           wreg	equ	0xFE8
  4421                           indf1	equ	0xFE7
  4422                           postinc1	equ	0xFE6
  4423                           postdec1	equ	0xFE5
  4424                           preinc1	equ	0xFE4
  4425                           plusw1	equ	0xFE3
  4426                           fsr1h	equ	0xFE2
  4427                           fsr1l	equ	0xFE1
  4428                           bsr	equ	0xFE0
  4429                           indf2	equ	0xFDF
  4430                           postinc2	equ	0xFDE
  4431                           postdec2	equ	0xFDD
  4432                           preinc2	equ	0xFDC
  4433                           plusw2	equ	0xFDB
  4434                           fsr2h	equ	0xFDA
  4435                           fsr2l	equ	0xFD9
  4436                           status	equ	0xFD8

Data Sizes:
    Strings     3
    Constant    0
    Data        2
    BSS         63
    Persistent  0
    Stack       0

Auto Spaces:
    Space          Size  Autos    Used
    COMRAM          126     72     105
    BANK0           128      0      32
    BANK1           256      0       0
    BANK2           256      0       0
    BANK3           256      0       0
    BANK4           256      0       0
    BANK5           244      0       0

Pointer List with Targets:

    f$.$buffer	PTR unsigned char  size(1) Largest target is 10
		 -> Basic@buf(COMRAM[5]), Hard@buffer(COMRAM[10]), 

    f$.$source	PTR const unsigned char  size(2) Largest target is 0

    fputc@fp	PTR struct _IO_FILE size(1) Largest target is 11
		 -> sprintf@f(COMRAM[11]), 

    fputc@fp$.$buffer	PTR unsigned char  size(1) Largest target is 10
		 -> Basic@buf(COMRAM[5]), Hard@buffer(COMRAM[10]), 

    fputc@fp$.$source	PTR const unsigned char  size(2) Largest target is 0

    S1566$buffer	PTR unsigned char  size(1) Largest target is 10
		 -> Basic@buf(COMRAM[5]), Hard@buffer(COMRAM[10]), 

    S1566$source	PTR const unsigned char  size(2) Largest target is 0

    sp__GetString	PTR unsigned char  size(1) Largest target is 20
		 -> mystring(COMRAM[20]), 

    sprintf@ap	PTR void [1] size(1) Largest target is 2
		 -> ?_sprintf(COMRAM[2]), 

    sprintf@fmt	PTR const unsigned char  size(1) Largest target is 3
		 -> STR_1(CODE[3]), STR_2(CODE[3]), STR_3(CODE[3]), 

    sprintf@s	PTR unsigned char  size(1) Largest target is 10
		 -> Basic@buf(COMRAM[5]), Hard@buffer(COMRAM[10]), 

    strlen@a	PTR const unsigned char  size(1) Largest target is 10
		 -> Hard@buffer(COMRAM[10]), 

    strlen@s	PTR const unsigned char  size(1) Largest target is 10
		 -> Hard@buffer(COMRAM[10]), 

    UART_Write_Text@text	PTR unsigned char  size(1) Largest target is 10
		 -> Basic@buf(COMRAM[5]), Hard@buffer(COMRAM[10]), 

    vfpfcnvrt@ap	PTR PTR void  size(1) Largest target is 1
		 -> sprintf@ap(COMRAM[1]), 

    vfpfcnvrt@cp	PTR unsigned char  size(1) Largest target is 3
		 -> STR_1(CODE[3]), STR_2(CODE[3]), STR_3(CODE[3]), 

    vfpfcnvrt@fmt	PTR PTR unsigned char  size(1) Largest target is 1
		 -> vfprintf@cfmt(COMRAM[1]), 

    vfpfcnvrt@fp	PTR struct _IO_FILE size(1) Largest target is 11
		 -> sprintf@f(COMRAM[11]), 

    vfprintf@ap	PTR PTR void  size(1) Largest target is 1
		 -> sprintf@ap(COMRAM[1]), 

    vfprintf@cfmt	PTR unsigned char  size(1) Largest target is 3
		 -> STR_1(CODE[3]), STR_2(CODE[3]), STR_3(CODE[3]), 

    vfprintf@fmt	PTR const unsigned char  size(1) Largest target is 3
		 -> STR_1(CODE[3]), STR_2(CODE[3]), STR_3(CODE[3]), 

    vfprintf@fp	PTR struct _IO_FILE size(1) Largest target is 11
		 -> sprintf@f(COMRAM[11]), 


Critical Paths under _main in COMRAM

    _main->_Hard
    _Hard->_sprintf
    _sprintf->_vfprintf
    _vfprintf->_vfpfcnvrt
    _vfpfcnvrt->_abs
    _abs->___awmod
    _led->_ADC_To_Output
    _UART_Write_Text->_UART_Write
    _ADC_Read_Avg->___aldiv

Critical Paths under _Timer2_ISR in COMRAM

    _Timer2_ISR->i1_led

Critical Paths under _UART_ISR in COMRAM

    _UART_ISR->_MyusartRead
    _MyusartRead->_ClearBuffer

Critical Paths under _main in BANK0

    None.

Critical Paths under _Timer2_ISR in BANK0

    None.

Critical Paths under _UART_ISR in BANK0

    None.

Critical Paths under _main in BANK1

    None.

Critical Paths under _Timer2_ISR in BANK1

    None.

Critical Paths under _UART_ISR in BANK1

    None.

Critical Paths under _main in BANK2

    None.

Critical Paths under _Timer2_ISR in BANK2

    None.

Critical Paths under _UART_ISR in BANK2

    None.

Critical Paths under _main in BANK3

    None.

Critical Paths under _Timer2_ISR in BANK3

    None.

Critical Paths under _UART_ISR in BANK3

    None.

Critical Paths under _main in BANK4

    None.

Critical Paths under _Timer2_ISR in BANK4

    None.

Critical Paths under _UART_ISR in BANK4

    None.

Critical Paths under _main in BANK5

    None.

Critical Paths under _Timer2_ISR in BANK5

    None.

Critical Paths under _UART_ISR in BANK5

    None.

Call Graph Tables:

 ---------------------------------------------------------------------------------
 (Depth) Function   	        Calls       Base Space   Used Autos Params    Refs
 ---------------------------------------------------------------------------------
 (0) _main                                                 0     0      0    2899
                               _Hard
                  _SYSTEM_Initialize
 ---------------------------------------------------------------------------------
 (1) _SYSTEM_Initialize                                    0     0      0       0
                     _ADC_Initialize
                    _CCP1_Initialize
               _INTERRUPT_Initialize
              _OSCILLATOR_Initialize
                    _UART_Initialize
 ---------------------------------------------------------------------------------
 (2) _UART_Initialize                                      0     0      0       0
 ---------------------------------------------------------------------------------
 (2) _OSCILLATOR_Initialize                                0     0      0       0
 ---------------------------------------------------------------------------------
 (2) _INTERRUPT_Initialize                                 0     0      0       0
 ---------------------------------------------------------------------------------
 (2) _CCP1_Initialize                                      0     0      0       0
 ---------------------------------------------------------------------------------
 (2) _ADC_Initialize                                       0     0      0       0
 ---------------------------------------------------------------------------------
 (1) _Hard                                                19    19      0    2899
                                             53 COMRAM    19    19      0
                       _ADC_Read_Avg
                      _ADC_To_Output
                         _UART_Write
                    _UART_Write_Text
                                _led
                            _sprintf
                             _strlen
 ---------------------------------------------------------------------------------
 (2) _strlen                                               3     1      2      91
                                             12 COMRAM     3     1      2
 ---------------------------------------------------------------------------------
 (2) _sprintf                                             18    14      4    1764
                                             37 COMRAM    16    12      4
                           _vfprintf
 ---------------------------------------------------------------------------------
 (3) _vfprintf                                             4     1      3    1559
                                             33 COMRAM     4     1      3
                          _vfpfcnvrt
 ---------------------------------------------------------------------------------
 (4) _vfpfcnvrt                                           11     8      3    1434
                                             22 COMRAM    11     8      3
                            ___awdiv
                            ___awmod
                                _abs
                              _fputc
 ---------------------------------------------------------------------------------
 (5) _fputc                                                8     5      3     230
                                             12 COMRAM     8     5      3
                              _putch
 ---------------------------------------------------------------------------------
 (6) _putch                                                1     1      0       0
 ---------------------------------------------------------------------------------
 (5) _abs                                                  4     2      2      67
                                             18 COMRAM     4     2      2
                            ___awmod (ARG)
 ---------------------------------------------------------------------------------
 (5) ___awmod                                              6     2      4     298
                                             12 COMRAM     6     2      4
 ---------------------------------------------------------------------------------
 (5) ___awdiv                                              8     4      4     302
                                             12 COMRAM     8     4      4
 ---------------------------------------------------------------------------------
 (2) _led                                                  3     1      2      25
                                             14 COMRAM     3     1      2
                      _ADC_To_Output (ARG)
 ---------------------------------------------------------------------------------
 (2) _UART_Write_Text                                      3     2      1     108
                                             13 COMRAM     3     2      1
                         _UART_Write
 ---------------------------------------------------------------------------------
 (3) _UART_Write                                           1     1      0      15
                                             12 COMRAM     1     1      0
 ---------------------------------------------------------------------------------
 (2) _ADC_To_Output                                        2     0      2     243
                                             12 COMRAM     2     0      2
 ---------------------------------------------------------------------------------
 (2) _ADC_Read_Avg                                        12    10      2     419
                                             26 COMRAM    12    10      2
                           _ADC_Read
                            ___aldiv
 ---------------------------------------------------------------------------------
 (3) ___aldiv                                             14     6      8     302
                                             12 COMRAM    14     6      8
 ---------------------------------------------------------------------------------
 (3) _ADC_Read                                             6     4      2      24
                                             12 COMRAM     6     4      2
 ---------------------------------------------------------------------------------
 Estimated maximum stack depth 6
 ---------------------------------------------------------------------------------
 (Depth) Function   	        Calls       Base Space   Used Autos Params    Refs
 ---------------------------------------------------------------------------------
 (7) _Timer2_ISR                                           4     4      0      23
                                              8 COMRAM     4     4      0
                              i1_led
 ---------------------------------------------------------------------------------
 (8) i1_led                                                3     1      2      23
                                              5 COMRAM     3     1      2
 ---------------------------------------------------------------------------------
 Estimated maximum stack depth 8
 ---------------------------------------------------------------------------------
 (Depth) Function   	        Calls       Base Space   Used Autos Params    Refs
 ---------------------------------------------------------------------------------
 (9) _UART_ISR                                             2     2      0     141
                                              3 COMRAM     2     2      0
                        _MyusartRead
 ---------------------------------------------------------------------------------
 (10) _MyusartRead                                         1     1      0     141
                                              2 COMRAM     1     1      0
                        _ClearBuffer
                       i2_UART_Write
 ---------------------------------------------------------------------------------
 (11) i2_UART_Write                                        1     1      0      29
                                              0 COMRAM     1     1      0
 ---------------------------------------------------------------------------------
 (11) _ClearBuffer                                         2     2      0      45
                                              0 COMRAM     2     2      0
 ---------------------------------------------------------------------------------
 Estimated maximum stack depth 11
 ---------------------------------------------------------------------------------

 Call Graph Graphs:

 _main (ROOT)
   _Hard
     _ADC_Read_Avg
       _ADC_Read
       ___aldiv
     _ADC_To_Output
     _UART_Write
     _UART_Write_Text
       _UART_Write
     _led
       _ADC_To_Output (ARG)
     _sprintf
       _vfprintf
         _vfpfcnvrt
           ___awdiv
           ___awmod
           _abs
             ___awmod (ARG)
           _fputc
             _putch
     _strlen
   _SYSTEM_Initialize
     _ADC_Initialize
     _CCP1_Initialize
     _INTERRUPT_Initialize
     _OSCILLATOR_Initialize
     _UART_Initialize

 _Timer2_ISR (ROOT)
   i1_led

 _UART_ISR (ROOT)
   _MyusartRead
     _ClearBuffer
     i2_UART_Write

Address spaces:
Name               Size   Autos  Total    Usage
BIGRAM            1523      0       0      0.0%
BITBANK4           256      0       0      0.0%
BANK4              256      0       0      0.0%
BITBANK3           256      0       0      0.0%
BANK3              256      0       0      0.0%
BITBANK2           256      0       0      0.0%
BANK2              256      0       0      0.0%
BITBANK1           256      0       0      0.0%
BANK1              256      0       0      0.0%
BITBANK5           244      0       0      0.0%
BANK5              244      0       0      0.0%
BITBANK0           128      0       0      0.0%
BANK0              128      0      32     25.0%
BITCOMRAM          126      0       0      0.0%
COMRAM             126     72     105     83.3%
BITBIGSFR_1h        38      0       0      0.0%
BITBIGSFRh          26      0       0      0.0%
BITBIGSFR_1llh      12      0       0      0.0%
BITBIGSFR_5h        10      0       0      0.0%
BITBIGSFR_2          6      0       0      0.0%
BITBIGSFR_4          3      0       0      0.0%
BITBIGSFR_3          3      0       0      0.0%
BITBIGSFR_5l         2      0       0      0.0%
BITBIGSFR_1lh        1      0       0      0.0%
BITBIGSFRl           1      0       0      0.0%
STACK                0      0       0      0.0%
DATA                 0      0     137      0.0%


Microchip Technology PIC18 Macro Assembler V3.00 build 20241204225717 
Symbol Table                                                                                   Mon Nov 24 12:00:27 2025

                           l51 116C                   ___awdiv@sign 0012                             bsr 0FE0  
      __end_of_CCP1_Initialize 1196                            l115 0EEA                            l220 119C  
                          l119 07BA                            l217 111A                            l251 1146  
                          l155 1186                            l180 104C                            l245 1104  
                          l342 0A6C                            l174 1130                            l191 1194  
                          l248 1134                            l177 1020                            l257 1016  
                          l507 0DA4                            l198 11A4                            l494 0CF6  
                          l941 1080                            l992 10B4                            l985 0FDE  
                          l979 0962                            l989 109C                            _PR2 0FCB  
                          u280 1142                            u281 113E                            u800 0D22  
                          u801 0D1E                            u730 0C46                            u810 0D3C  
                          u731 0C42                            u811 0D38                            u740 0C60  
                          u820 0D5A                            u900 07DA                            u741 0C5C  
                          u821 0D56                            u901 07D6                            u750 0C86  
                          u830 0D70                            u910 0814                            u751 0C82  
                          u831 0D6C                            u911 0810                            u760 0CA4  
                          u840 0D94                            u920 082C                            u761 0CA0  
                          u841 0D90                            u921 0828                            u770 0CC0  
                          u850 0DB6                            u930 0862                            u771 0CBC  
                          u851 0DB2                            u931 085C                            u780 0CE6  
                          u860 0DC6                            u940 0864                            u781 0CE2  
                          u861 0DC2                            u790 0D08                            u870 0DEC  
                          u950 08C4                            u791 0D04                            u871 0DE8  
                          u951 08C0                            u880 0E1E                            u960 08D4  
                          u881 0E1A                            u961 08D0                            u890 1090  
                          u970 08E4                            u891 108C                            u971 08E0  
                          u980 08F4                            u981 08F0                            u990 0934  
                          u991 0930                            _abs 1082                            _led 115E  
                 ___awmod@sign 0012                            wreg 0FE8                           l1004 0E4E  
                         l1021 10E2                           l1015 11A8                           ?_abs 0013  
                         l2041 0B60                           l1401 1126                           l1171 1134  
                         l2051 0BB2                           l2043 0B68                           l1403 112C  
                         l1411 1190                           l1173 1142                           l2061 0C08  
                         l2053 0BB6                           l2045 0B7C                           l1405 112E  
                         l1413 1192                           l1421 10EE                           l2063 0C18  
                         l2055 0BD4                           l2047 0B94                           l2039 0B58  
                         l1407 118A                           l1415 119E                           l1431 10FA  
                         l1423 10F2                           l2057 0BE8                           l2049 0BA0  
                         l2065 0C20                           l1409 118C                           l1417 1196  
                         l1433 10FC                           l1425 10F4                           l1513 1106  
                         l2161 1182                           l2059 0BF0                           l1435 10FE  
                         l1427 10F6                           l1419 10E4                           l1515 110E  
                         l1701 0D4C                           l1437 1100                           l1429 10F8  
                         l1517 1112                           l1703 0D5A                           l1711 0D84  
                         l1439 1102                           l1519 1116                           l2159 117E  
                         l1801 0966                           l1641 0C38                           l1713 0D94  
                         l1705 0D70                           l1721 0DB6                           l1811 09A6  
                         l1803 0974                           l1651 0C68                           l1643 0C46  
                         l1715 0D9C                           l1707 0D78                           l1723 0DC6  
                         l1821 09E4                           l1813 09AA                           l1805 0984  
                         l1901 062E                           l1661 0C96                           l1653 0C6C  
                         l1645 0C4E                           l1709 0D7E                           l1733 1082  
                         l1725 0DD0                           l1741 07E2                           l1397 111C  
                         l1831 0A2C                           l1823 09F2                           l1815 09BA  
                         l1807 0988                           l1911 066C                           l1903 064A  
                         l1671 0CCA                           l1663 0CA4                           l1655 0C74  
                         l1647 0C52                           l1639 0C36                           l1735 1090  
                         l1727 0DEC                           l1719 0DA6                           l1751 082C  
                         l1743 07EE                           l1399 111E                           l1833 0A36  
                         l1825 09FC                           l1817 09D0                           l1809 0996  
                         l1673 0CD0                           l1665 0CAA                           l1657 0C86  
                         l1649 0C60                           l1729 0E1E                           l1761 08B2  
                         l1753 0844                           l1745 07F2                           l1737 07BC  
                         l1827 0A1A                           l1819 09D8                           l1835 0A3C  
                         l1667 0CC0                           l1659 0C8E                           l1675 0CD6  
                         l1691 0D14                           l1683 0CF8                           l1771 0906  
                         l1763 08C4                           l1755 084E                           l1747 07FC  
                         l1739 07DA                           l1843 0FA6                           l1837 0A4C  
                         l1829 0A2A                           l1941 06EC                           l1933 06C8  
                         l1925 06A0                           l1917 0678                           l1909 0656  
                         l1853 115E                           l1677 0CE6                           l1669 0CC8  
                         l1693 0D22                           l1685 0CFA                           l1773 0920  
                         l1765 08D4                           l1757 0866                           l1749 0814  
                         l1781 0944                           l1845 0FAE                           l1861 1066  
                         ?_led 000F                           l1791 101E                           l1839 0A5C  
                         l1951 0730                           l1943 0708                           l1935 06E0  
                         l1927 06BC                           l1919 0694                           l1871 0FFA  
                         l1679 0CEE                           l1695 0D2A                           l1687 0D08  
                         l1767 08E4                           l1775 0922                           l1759 0896  
                         l1847 0FBE                           l1863 1076                           l1855 104E  
                         l1793 102E                           l1881 0E68                           l1873 0FFE  
                         l1697 0D3C                           l1689 0D10                           l1769 08F4  
                         l1777 0938                           l1849 0FD6                           l1857 1056  
                         l1795 1044                           l1787 1018                           l1883 0E96  
                         l1875 0E50                           l1867 0FE0                           l1699 0D44  
                         l1859 105E                           l1789 101C                           l1885 0E9E  
                         l1981 07B2                           l1973 078A                           l1965 0762  
                         l1957 073C                           l1949 0714                           l1893 0606  
                         l1869 0FEC                           l1799 0964                           l1887 0EA2  
                         l1975 07A6                           l1967 077E                           l1959 0756  
                         l1895 0622                           l1991 10D6                           l1889 0EBE  
                         l1985 10B6                           l1987 10BE                           l1989 10C0  
                         _ADFM 7E07                           STR_1 0601                           STR_3 0601  
                         u1000 102E                           _CREN 7D5C                           u1001 102A  
                         u1010 0974                           u1011 0970                           u1020 0996  
                         u1100 0622                           u1021 0992                           u1101 061E  
                         u1030 09D0                           u1110 064A                           u1031 09CC  
                         u1111 0646                           u1040 09F2                           u1200 07A6  
                         u1120 066C                           u1041 09EE                           u1201 07A2  
                         u1121 0668                           u1050 0A1A                           u1130 0694  
                         u1210 10D6                           u1051 0A16                           u1131 0690  
                         u1211 10D2                           u1060 0A4C                           u1140 06BC  
                         u1300 0B94                           u1061 0A48                           u1141 06B8  
                         u1301 0B90                           u1150 06E0                           u1070 0FD6  
                         u1310 0BD4                           u1151 06DC                           u1071 0FD2  
                         u1311 0BD0                           u1160 0708                           u1080 1016  
                         u1161 0704                           u1081 1012                           u1090 0EBE  
                         u1170 0730                           u1091 0EBA                           u1171 072C  
                         u1180 0756                           u1181 0752                           u1190 077E  
                         u1191 077A                           _LATD 0F8C                           u1437 0C26  
                         u1447 0E98                           i1l51 117C                           _RCIF 7CF5  
                         i2l95 0B56                           i2l88 0FA4                           _Hard 0B58  
                         abs@a 0013                           _dbuf 0080                           _main 117E  
                         _prec 004B                           fsr1h 0FE2                           fsr2h 0FDA  
                         indf2 0FDF                           fsr1l 0FE1                           fsr2l 0FD9  
                         btemp 006A               __end_of_ADC_Read 104E                           start 0080  
                 ___param_bank 0000        __end_of_UART_Write_Text 1018                          ??_abs 0015  
                        ??_led 0011               ?_UART_Initialize 0001                          ?_Hard 0001  
__end_of_OSCILLATOR_Initialize 119E                __end_of___aldiv 0A6E                          ?_main 0001  
              __end_of___awdiv 0CF8                __end_of___awmod 0DA6                ___awdiv@divisor 000F  
                        _IRCF0 7E9C                          _IRCF1 7E9D                          _IRCF2 7E9E  
                        i1l110 0070                          i2l103 0F5E                          i2l251 115C  
                        i2l248 114A                          Hard@i 0045                ___awdiv@counter 0011  
                        _RCREG 0FAE                   vfpfcnvrt@fmt 0018                          _SPBRG 0FAF  
                        _TRISA 0F92                          _TRISD 0F95                          _TXREG 0FAD  
                        i1_led 116E               __end_of_UART_ISR 0F6A                    ?_UART_Write 0001  
                        _flags 0053                          _fputc 0DA6                          _value 0068  
                        _width 0049                          _putch 11A8                    _ClearBuffer 0F6A  
                        tablat 0FF5                          ttemp5 006B                          ttemp6 006E  
                        ttemp7 0072                          status 0FD8                          wtemp8 006B  
              __end_of_sprintf 1082                   __end_of_Hard 0C36                   MyusartRead@c 0003  
              __initialization 0EEC                   _ADC_Read_Avg 0E50                   __end_of_main 118A  
                       ??_Hard 0036                         ??_main 0049               ?_CCP1_Initialize 0001  
                __activetblptr 0001                         ?i1_led 0006                         _ADCON1 0FC1  
                       _ADCON2 0FC0                         ?_fputc 000D                         _ADRESH 0FC4  
                       _ADRESL 0FC3               ___awdiv@dividend 000D                         ?_putch 0001  
                       i1l2151 003A                         i1l2153 0058                         i1l2145 0026  
                       i1l2067 116E                         i1l2155 0060                         i1l2147 0034  
                       i1l2157 0064                         i1l2149 0036                         i2l2001 0A72  
                       i2l2011 0AA0                         i2l2003 0A78                         i2l2021 0AEE  
                       i2l2013 0AA8                         i2l2005 0A8A                         i2l2023 0B00  
                       i2l2015 0ABA                         i2l2007 0A94                         i2l2031 0B22  
                       i2l2033 0B2E                         i2l2025 0B12                         i2l2017 0ACC  
                       i2l2009 0A9A                         i2l2035 0B32                         i2l2027 0B1A  
                       i2l2019 0ADC                         i2l2037 0B4E                         i2l2141 0F5A  
                       i2l1271 0F7C                         i2l1263 0F6A                         i2l2135 0F38  
                       i2l1273 0F80                         i2l2137 0F46                         i2l1275 0F9C  
                       i2l2139 0F54                         i2l1269 0F72                         i2l1995 114A  
                       i2l1997 1158                         i2l1999 0A6E                  vfpfcnvrt@done 001B  
                   _Timer2_ISR 0018                   vfprintf@cfmt 0025                      ??___aldiv 0015  
                    ??___awdiv 0011                      ??___awmod 0011               ?_UART_Write_Text 000E  
              ADC_Read@channel 000D                         _lenStr 004D                ADC_Read@digital 0011  
                       clear_0 0F0A                         clear_1 0F16               ___awdiv@quotient 0013  
              ___awmod@divisor 000F                         isa$std 0001                         led@num 000F  
              ___awmod@counter 0011                         _strlen 10B6                         fputc@c 000D  
                 __pdataCOMRAM 0068                      ?_ADC_Read 000D                   __mediumconst 0600  
                       tblptrh 0FF7                         tblptrl 0FF6                         tblptru 0FF8  
                       putch@c 0001               __end_of_vfprintf 0FE0                      ??_sprintf 002A  
              ADC_Read_Avg@sum 0021              _SYSTEM_Initialize 1106                     __accesstop 0080  
      __end_of__initialization 0F1C             ?_SYSTEM_Initialize 0001                  ___rparam_used 0001  
                __end_ofi1_led 117E                 __pcstackCOMRAM 0001            ??_SYSTEM_Initialize 000D  
                    ?_UART_ISR 0001                  __end_of_fputc 0E50                  __end_of_putch 11AA  
                      ??i1_led 0008                     ??_ADC_Read 000F                  ??_MyusartRead 0003  
                _ADC_To_Output 0606                  ?i2_UART_Write 0001                        ??_fputc 0010  
    __end_of_SYSTEM_Initialize 111C                        ??_putch 000D                     __pbssBANK0 0080  
             i2UART_Write@data 0001                    ?_Timer2_ISR 0001                     ??_UART_ISR 0004  
                      _CCP1CON 0FBD                        ?_strlen 000D                 ?_ADC_To_Output 000D  
               ??i2_UART_Write 0001                   ??_UART_Write 000D                        i2u38_40 0F9C  
                      i2u38_41 0F98                   ?_ClearBuffer 0001            __end_of_MyusartRead 0B58  
                      __Hparam 0000                        __Lparam 0000                        ___aldiv 0964  
                      ___awdiv 0C36                        ___awmod 0CF8             __end_of_UART_Write 1148  
                    ?_vfprintf 0022                   __psmallconst 0600                        __pcinit 0EEC  
                      __ramtop 0600                        __ptext0 117E                        __ptext1 1106  
                      __ptext2 10E4                        __ptext3 1196                        __ptext4 119E  
                      __ptext5 118A                        __ptext6 111C                        __ptext7 0B58  
                      __ptext8 10B6                        __ptext9 104E                        _counter 004F  
        _OSCILLATOR_Initialize 1196                      _T2CONbits 0FCA               ___awmod@dividend 000D  
             ___aldiv@dividend 000D                        _sprintf 104E                 __pintcode_body 0F2E  
         end_of_initialization 0F1C                        fputc@fp 000F                        int_func 0F2E  
                    Hard@value 0047              __end_of_vfpfcnvrt 0964                      _RCSTAbits 0FAB  
             ___aldiv@quotient 0017                        postdec2 0FDD                        postinc0 0FEE  
                      postinc1 0FE6                        postinc2 0FDE               vfpfcnvrt@convarg 001D  
                   ??_vfprintf 0025                        strlen@a 000F                        strlen@s 000D  
                    _PORTBbits 0F81                 UART_Write@data 000D                ??_ADC_To_Output 000F  
                    _TRISBbits 0F93                      _TRISCbits 0F94                    _MyusartRead 0A6E  
                   _subcounter 0051                      _TXSTAbits 0FAC           __end_ofi2_UART_Write 115E  
 __end_of_INTERRUPT_Initialize 11A6                    vfpfcnvrt@ap 0019                    vfpfcnvrt@cp 001C  
                  vfpfcnvrt@fp 0017                    _BAUDCONbits 0FB8                  __pidataCOMRAM 11A6  
               _ADC_Initialize 111C         ?_OSCILLATOR_Initialize 0001                 __end_of_strlen 10E4  
          start_initialization 0EEC                    __end_of_abs 10B6                    __end_of_led 116E  
                 ClearBuffer@i 0001              ??_UART_Initialize 000D                   ??_Timer2_ISR 0009  
                  vfprintf@fmt 0023         __end_of_ADC_Initialize 1132                       ??_strlen 000F  
               ADC_Read_Avg@ch 001B                    __pbssCOMRAM 0049             __end_of_Timer2_ISR 0080  
                 Hard@last_len 0043              ??_CCP1_Initialize 000D                  ?_ADC_Read_Avg 001B  
                    __pintcode 0008                       ?___aldiv 000D                       ?___awdiv 000D  
                     ?___awmod 000D                ?_ADC_Initialize 0001                    __pintcodelo 0018  
                  __smallconst 0600                       _ADC_Read 1018                       ?_sprintf 0026  
            ??_UART_Write_Text 000F           _INTERRUPT_Initialize 119E                ___aldiv@divisor 0011  
              ___aldiv@counter 0015                       _IPR1bits 0F9F                       _PIE1bits 0F9D  
                     i1u141_20 0034                       i1u141_21 0030                       Hard@last 0041  
                     i1u142_20 0058                       i1u142_21 0054                 ??_ADC_Read_Avg 001D  
                     i2u122_40 1158                       i2u122_41 1154                       i2u123_40 0A8A  
                     i2u123_41 0A86                       i2u124_40 0ABA                       i2u140_40 0F54  
                     i2u124_41 0AB6                       i2u140_41 0F50                       i2u125_40 0ACC  
                     i2u125_41 0AC8                       i2u126_40 0AEE                       i2u126_41 0AEA  
                     i2u127_40 0B00                       i2u127_41 0AFC                       i2u128_40 0B12  
                     i2u128_41 0B0E                       i2u129_40 0B4E                       i2u129_41 0B4A  
                     i2u139_40 0F46                       i2u139_41 0F42                       _PIR1bits 0F9E  
                     _RCONbits 0FD0                       _UART_ISR 0008                      _vfpfcnvrt 07BC  
                   _ADCON0bits 0FC2                     _ADCON2bits 0FC0                       i1led@num 0006  
                 ?_MyusartRead 0001                   i2_UART_Write 1148                     vfpfcnvrt@c 0021  
        ?_INTERRUPT_Initialize 0001                       __Hrparam 0000                     vfprintf@ap 0024  
                     __Lrparam 0000                     vfprintf@fp 0022                   __Lsmallconst 0600  
      ??_OSCILLATOR_Initialize 000D                  ADC_Read_Avg@i 0025                     ?_vfpfcnvrt 0017  
              _UART_Initialize 10E4                     sprintf@fmt 0027          __end_of_ADC_To_Output 07BC  
                     __ptext10 0FA6                       __ptext11 07BC                       __ptext20 0606  
                     __ptext12 0DA6                       __ptext21 0E50                       __ptext13 11A8  
                     __ptext22 0964                       __ptext14 1082                       __ptext23 1018  
                     __ptext15 0CF8                       __ptext16 0C36                       __ptext25 116E  
                     __ptext17 115E                       __ptext18 0FE0                       __ptext27 0A6E  
                     __ptext19 1132                       __ptext28 1148                       __ptext29 0F6A  
           ADC_To_Output@value 000D            UART_Write_Text@text 000E                       isa$xinst 0000  
                     int$flags 006A                       _vfprintf 0FA6                       _mystring 0054  
                   _INTCONbits 0FF2           __end_of_ADC_Read_Avg 0EEC                _CCP1_Initialize 118A  
       ??_INTERRUPT_Initialize 000D                  ??_ClearBuffer 0001                     Hard@buffer 0037  
                     intlevel1 0000                       intlevel2 0000                      sprintf@ap 002A  
             ??_ADC_Initialize 000D        __end_of_UART_Initialize 1106                    ??_vfpfcnvrt 001A  
              _UART_Write_Text 0FE0                       sprintf@f 002B                       sprintf@s 0026  
                 ___aldiv@sign 0016                     _UART_Write 1132               UART_Write_Text@i 000F  
          __end_of_ClearBuffer 0FA6  
